step,epoch,loss,grad_norm,learning_rate,eval_crossner_science,eval_average,eval_runtime,eval_samples_per_second,eval_steps_per_second,train_runtime,train_samples_per_second,train_steps_per_second,total_flos,total_pflos,train_loss
1,0.02,0.8535,7.254654407501221,0.0,,,,,,,,,,,
2,0.04,0.6973,6.045431613922119,4.362085839710631e-06,,,,,,,,,,,
3,0.06,0.7285,5.5156683921813965,6.9137424808681075e-06,,,,,,,,,,,
4,0.08,0.6831,6.208583354949951,8.724171679421262e-06,,,,,,,,,,,
5,0.1,0.498,4.97562313079834,1.0128449663534445e-05,,,,,,,,,,,
6,0.12,0.583,5.1390581130981445,1.1275828320578736e-05,,,,,,,,,,,
7,0.14,0.5361,5.750938892364502,1.2245923152549418e-05,,,,,,,,,,,
8,0.16,0.5015,5.316798210144043,1.3086257519131893e-05,,,,,,,,,,,
9,0.18,0.4263,4.671257972717285,1.3827484961736215e-05,,,,,,,,,,,
10,0.2,0.4541,4.168453216552734,1.449053550324508e-05,,,,,,,,,,,
11,0.22,0.2983,3.5046868324279785,1.5090337677104985e-05,,,,,,,,,,,
12,0.24,0.3335,4.067789554595947,1.563791416028937e-05,,,,,,,,,,,
13,0.26,0.3091,2.7723143100738525,1.6141635695206056e-05,,,,,,,,,,,
14,0.28,0.2551,3.8768746852874756,1.660800899226005e-05,,,,,,,,,,,
15,0.3,0.2026,1.7138606309890747,1.7042192144402555e-05,,,,,,,,,,,
16,0.32,0.291,3.4573440551757812,1.7448343358842524e-05,,,,,,,,,,,
17,0.34,0.1256,1.811110496520996,1.782986378016149e-05,,,,,,,,,,,
18,0.36,0.1985,2.6174464225769043,1.8189570801446844e-05,,,,,,,,,,,
19,0.38,0.1184,1.2952003479003906,1.8529824454509456e-05,,,,,,,,,,,
20,0.4,0.0917,1.728589653968811,1.885262134295571e-05,,,,,,,,,,,
21,0.42,0.1456,1.9664980173110962,1.9159665633417526e-05,,,,,,,,,,,
22,0.44,0.1008,1.867576003074646,1.9452423516815614e-05,,,,,,,,,,,
23,0.46,0.1108,1.1976890563964844,1.9732165553570022e-05,,,,,,,,,,,
24,0.48,0.086,1.590145468711853,2e-05,,,,,,,,,,,
25,0.5,0.1006,1.2606544494628906,2e-05,,,,,,,,,,,
25,0.5,,,,0.556581986093061,0.556581986093061,20.8626,4.793,0.048,,,,,,
26,0.52,0.1258,1.4307749271392822,1.996527777777778e-05,,,,,,,,,,,
27,0.54,0.099,0.9531967043876648,1.9930555555555556e-05,,,,,,,,,,,
28,0.56,0.066,1.1134816408157349,1.9895833333333334e-05,,,,,,,,,,,
29,0.58,0.0561,1.1167223453521729,1.9861111111111114e-05,,,,,,,,,,,
30,0.6,0.0724,1.2079105377197266,1.982638888888889e-05,,,,,,,,,,,
31,0.62,0.1334,2.3927414417266846,1.979166666666667e-05,,,,,,,,,,,
32,0.64,0.0404,0.8887655138969421,1.9756944444444446e-05,,,,,,,,,,,
33,0.66,0.1064,2.4408600330352783,1.9722222222222224e-05,,,,,,,,,,,
34,0.68,0.0753,2.140266180038452,1.96875e-05,,,,,,,,,,,
35,0.7,0.0867,1.377845287322998,1.9652777777777778e-05,,,,,,,,,,,
36,0.72,0.0606,1.9464621543884277,1.961805555555556e-05,,,,,,,,,,,
37,0.74,0.1176,1.647647738456726,1.9583333333333333e-05,,,,,,,,,,,
38,0.76,0.0926,1.3642311096191406,1.9548611111111113e-05,,,,,,,,,,,
39,0.78,0.0834,2.1842117309570312,1.951388888888889e-05,,,,,,,,,,,
40,0.8,0.0585,1.4318791627883911,1.9479166666666668e-05,,,,,,,,,,,
41,0.82,0.0529,1.267004132270813,1.9444444444444445e-05,,,,,,,,,,,
42,0.84,0.0931,1.813711404800415,1.9409722222222226e-05,,,,,,,,,,,
43,0.86,0.1008,1.3327933549880981,1.9375e-05,,,,,,,,,,,
44,0.88,0.06,1.6573798656463623,1.9340277777777777e-05,,,,,,,,,,,
45,0.9,0.0466,1.0504138469696045,1.9305555555555558e-05,,,,,,,,,,,
46,0.92,0.056,1.0925540924072266,1.9270833333333335e-05,,,,,,,,,,,
47,0.94,0.037,1.212838888168335,1.9236111111111113e-05,,,,,,,,,,,
48,0.96,0.0403,0.8468213081359863,1.920138888888889e-05,,,,,,,,,,,
49,0.98,0.058,0.8905208706855774,1.916666666666667e-05,,,,,,,,,,,
50,1.0,0.0531,1.2810543775558472,1.9131944444444445e-05,,,,,,,,,,,
50,1.0,,,,0.6834611171460758,0.6834611171460758,19.9075,5.023,0.05,,,,,,
51,1.02,0.0456,0.6621902585029602,1.9097222222222225e-05,,,,,,,,,,,
52,1.04,0.0385,0.7492514252662659,1.9062500000000003e-05,,,,,,,,,,,
53,1.06,0.0633,2.127476692199707,1.902777777777778e-05,,,,,,,,,,,
54,1.08,0.0391,0.6701124310493469,1.8993055555555557e-05,,,,,,,,,,,
55,1.1,0.0422,1.8878806829452515,1.8958333333333334e-05,,,,,,,,,,,
56,1.12,0.046,1.1813907623291016,1.8923611111111112e-05,,,,,,,,,,,
57,1.14,0.0403,0.859799325466156,1.888888888888889e-05,,,,,,,,,,,
58,1.16,0.0513,0.9906213879585266,1.885416666666667e-05,,,,,,,,,,,
59,1.18,0.0435,1.0404040813446045,1.8819444444444447e-05,,,,,,,,,,,
60,1.2,0.0541,0.913887083530426,1.8784722222222224e-05,,,,,,,,,,,
61,1.22,0.035,0.7107280492782593,1.8750000000000002e-05,,,,,,,,,,,
62,1.24,0.0548,1.2951167821884155,1.871527777777778e-05,,,,,,,,,,,
63,1.26,0.0424,1.1091848611831665,1.8680555555555556e-05,,,,,,,,,,,
64,1.28,0.0374,0.8188212513923645,1.8645833333333334e-05,,,,,,,,,,,
65,1.3,0.032,1.1754168272018433,1.8611111111111114e-05,,,,,,,,,,,
66,1.32,0.071,1.1936842203140259,1.8576388888888888e-05,,,,,,,,,,,
67,1.34,0.0304,0.6653033494949341,1.854166666666667e-05,,,,,,,,,,,
68,1.36,0.0517,0.7503657341003418,1.8506944444444446e-05,,,,,,,,,,,
69,1.38,0.0939,1.0415444374084473,1.8472222222222224e-05,,,,,,,,,,,
70,1.4,0.0511,0.7057936787605286,1.84375e-05,,,,,,,,,,,
71,1.42,0.0362,0.7765794992446899,1.8402777777777778e-05,,,,,,,,,,,
72,1.44,0.0583,1.0199339389801025,1.836805555555556e-05,,,,,,,,,,,
73,1.46,0.0425,0.8826808929443359,1.8333333333333333e-05,,,,,,,,,,,
74,1.48,0.0307,0.8774293065071106,1.8298611111111114e-05,,,,,,,,,,,
75,1.5,0.0336,0.6064687967300415,1.826388888888889e-05,,,,,,,,,,,
75,1.5,,,,0.7066666666166084,0.7066666666166084,13.4237,7.45,0.074,,,,,,
76,1.52,0.0357,0.9800511002540588,1.8229166666666668e-05,,,,,,,,,,,
77,1.54,0.0551,0.8386877179145813,1.8194444444444445e-05,,,,,,,,,,,
78,1.56,0.0347,0.6023820638656616,1.8159722222222226e-05,,,,,,,,,,,
79,1.58,0.0576,0.6796845197677612,1.8125e-05,,,,,,,,,,,
80,1.6,0.0659,1.2992299795150757,1.8090277777777777e-05,,,,,,,,,,,
81,1.62,0.0804,1.16138756275177,1.8055555555555558e-05,,,,,,,,,,,
82,1.64,0.0257,0.6752922534942627,1.8020833333333335e-05,,,,,,,,,,,
83,1.66,0.0385,0.5015328526496887,1.7986111111111113e-05,,,,,,,,,,,
84,1.68,0.0284,0.8617291450500488,1.795138888888889e-05,,,,,,,,,,,
85,1.7,0.0623,1.3311728239059448,1.7916666666666667e-05,,,,,,,,,,,
86,1.72,0.0501,0.8049843907356262,1.7881944444444445e-05,,,,,,,,,,,
87,1.74,0.0203,0.5726997256278992,1.7847222222222225e-05,,,,,,,,,,,
88,1.76,0.0163,0.45437854528427124,1.7812500000000003e-05,,,,,,,,,,,
89,1.78,0.0419,1.17841374874115,1.7777777777777777e-05,,,,,,,,,,,
90,1.8,0.026,0.4453390836715698,1.7743055555555557e-05,,,,,,,,,,,
91,1.82,0.0403,0.6530072093009949,1.7708333333333335e-05,,,,,,,,,,,
92,1.84,0.0531,1.0358363389968872,1.7673611111111112e-05,,,,,,,,,,,
93,1.86,0.0204,0.5528610348701477,1.763888888888889e-05,,,,,,,,,,,
94,1.88,0.0303,0.6992172002792358,1.760416666666667e-05,,,,,,,,,,,
95,1.9,0.0432,1.0322613716125488,1.7569444444444447e-05,,,,,,,,,,,
96,1.92,0.0317,1.0389525890350342,1.7534722222222225e-05,,,,,,,,,,,
97,1.94,0.0121,0.5148283243179321,1.7500000000000002e-05,,,,,,,,,,,
98,1.96,0.0289,0.4995473325252533,1.746527777777778e-05,,,,,,,,,,,
99,1.98,0.0508,1.9805654287338257,1.7430555555555556e-05,,,,,,,,,,,
100,2.0,0.0312,0.6802295446395874,1.7395833333333334e-05,,,,,,,,,,,
100,2.0,,,,0.7566964285213404,0.7566964285213404,13.9499,7.169,0.072,,,,,,
101,2.02,0.0155,0.48576346039772034,1.7361111111111114e-05,,,,,,,,,,,
102,2.04,0.0248,0.7448377013206482,1.732638888888889e-05,,,,,,,,,,,
103,2.06,0.0245,0.8673959374427795,1.729166666666667e-05,,,,,,,,,,,
104,2.08,0.0475,1.046349048614502,1.7256944444444446e-05,,,,,,,,,,,
105,2.1,0.0357,0.8695777654647827,1.7222222222222224e-05,,,,,,,,,,,
106,2.12,0.044,0.7979721426963806,1.71875e-05,,,,,,,,,,,
107,2.14,0.0327,0.5991446375846863,1.715277777777778e-05,,,,,,,,,,,
108,2.16,0.037,0.6203432083129883,1.7118055555555556e-05,,,,,,,,,,,
109,2.18,0.0127,0.5683316588401794,1.7083333333333333e-05,,,,,,,,,,,
110,2.2,0.02,0.44249939918518066,1.7048611111111114e-05,,,,,,,,,,,
111,2.22,0.0194,0.6161053776741028,1.701388888888889e-05,,,,,,,,,,,
112,2.24,0.0331,0.6300227642059326,1.6979166666666668e-05,,,,,,,,,,,
113,2.26,0.0257,0.5988365411758423,1.6944444444444446e-05,,,,,,,,,,,
114,2.28,0.0088,0.209821879863739,1.6909722222222223e-05,,,,,,,,,,,
115,2.3,0.0307,0.7852983474731445,1.6875e-05,,,,,,,,,,,
116,2.32,0.0255,0.7410773038864136,1.6840277777777778e-05,,,,,,,,,,,
117,2.34,0.0081,0.7806663513183594,1.6805555555555558e-05,,,,,,,,,,,
118,2.36,0.0278,0.41981953382492065,1.6770833333333336e-05,,,,,,,,,,,
119,2.38,0.0451,1.4729031324386597,1.6736111111111113e-05,,,,,,,,,,,
120,2.4,0.0297,0.6851081848144531,1.670138888888889e-05,,,,,,,,,,,
121,2.42,0.0341,0.9909143447875977,1.6666666666666667e-05,,,,,,,,,,,
122,2.44,0.0292,1.0257519483566284,1.6631944444444445e-05,,,,,,,,,,,
123,2.46,0.0306,0.7882264256477356,1.6597222222222225e-05,,,,,,,,,,,
124,2.48,0.0218,1.1236567497253418,1.6562500000000003e-05,,,,,,,,,,,
125,2.5,0.045,0.7414141893386841,1.6527777777777777e-05,,,,,,,,,,,
125,2.5,,,,0.7645788336433934,0.7645788336433934,14.1228,7.081,0.071,,,,,,
126,2.52,0.0354,0.5758941769599915,1.6493055555555557e-05,,,,,,,,,,,
127,2.54,0.0257,0.37383925914764404,1.6458333333333335e-05,,,,,,,,,,,
128,2.56,0.0568,1.0120134353637695,1.6423611111111112e-05,,,,,,,,,,,
129,2.58,0.0426,0.5311615467071533,1.638888888888889e-05,,,,,,,,,,,
130,2.6,0.0287,1.1564862728118896,1.635416666666667e-05,,,,,,,,,,,
131,2.62,0.0362,0.8903191089630127,1.6319444444444444e-05,,,,,,,,,,,
132,2.64,0.0499,0.9056916236877441,1.6284722222222225e-05,,,,,,,,,,,
133,2.66,0.0247,0.6412469744682312,1.6250000000000002e-05,,,,,,,,,,,
134,2.68,0.0233,0.5719193816184998,1.621527777777778e-05,,,,,,,,,,,
135,2.7,0.0278,1.0217015743255615,1.6180555555555557e-05,,,,,,,,,,,
136,2.72,0.03,0.49890005588531494,1.6145833333333334e-05,,,,,,,,,,,
137,2.74,0.0359,0.8962463736534119,1.6111111111111115e-05,,,,,,,,,,,
138,2.76,0.0234,2.3922386169433594,1.607638888888889e-05,,,,,,,,,,,
139,2.78,0.0339,0.8291521668434143,1.604166666666667e-05,,,,,,,,,,,
140,2.8,0.0222,0.395149827003479,1.6006944444444447e-05,,,,,,,,,,,
141,2.82,0.029,0.5915958881378174,1.5972222222222224e-05,,,,,,,,,,,
142,2.84,0.0354,0.49282705783843994,1.59375e-05,,,,,,,,,,,
143,2.86,0.0177,0.43959522247314453,1.590277777777778e-05,,,,,,,,,,,
144,2.88,0.019,0.4453307092189789,1.5868055555555556e-05,,,,,,,,,,,
145,2.9,0.0304,0.6563391089439392,1.5833333333333333e-05,,,,,,,,,,,
146,2.92,0.0132,0.3054417669773102,1.5798611111111114e-05,,,,,,,,,,,
147,2.94,0.0153,0.4320782721042633,1.576388888888889e-05,,,,,,,,,,,
148,2.96,0.0188,0.7421249747276306,1.572916666666667e-05,,,,,,,,,,,
149,2.98,0.0488,1.5703788995742798,1.5694444444444446e-05,,,,,,,,,,,
150,3.0,0.0502,0.90312260389328,1.5659722222222223e-05,,,,,,,,,,,
150,3.0,,,,0.770436730073076,0.770436730073076,14.4757,6.908,0.069,,,,,,
151,3.02,0.0301,0.9096686840057373,1.5625e-05,,,,,,,,,,,
152,3.04,0.0192,0.8497220873832703,1.5590277777777778e-05,,,,,,,,,,,
153,3.06,0.0239,0.7180134654045105,1.555555555555556e-05,,,,,,,,,,,
154,3.08,0.0163,0.6799973249435425,1.5520833333333332e-05,,,,,,,,,,,
155,3.1,0.0179,0.5556897521018982,1.5486111111111113e-05,,,,,,,,,,,
156,3.12,0.0235,0.8804358243942261,1.545138888888889e-05,,,,,,,,,,,
157,3.14,0.0402,0.6708762049674988,1.5416666666666668e-05,,,,,,,,,,,
158,3.16,0.0295,0.9360515475273132,1.5381944444444445e-05,,,,,,,,,,,
159,3.18,0.0335,0.7039676308631897,1.5347222222222226e-05,,,,,,,,,,,
160,3.2,0.0216,0.8458775281906128,1.5312500000000003e-05,,,,,,,,,,,
161,3.22,0.0222,0.45992687344551086,1.5277777777777777e-05,,,,,,,,,,,
162,3.24,0.0177,0.45292291045188904,1.5243055555555558e-05,,,,,,,,,,,
163,3.26,0.0266,0.4766513705253601,1.5208333333333333e-05,,,,,,,,,,,
164,3.28,0.0193,0.5518636703491211,1.5173611111111112e-05,,,,,,,,,,,
165,3.3,0.0482,0.942229151725769,1.513888888888889e-05,,,,,,,,,,,
166,3.32,0.0297,0.5767130851745605,1.5104166666666668e-05,,,,,,,,,,,
167,3.34,0.0339,1.5277390480041504,1.5069444444444446e-05,,,,,,,,,,,
168,3.36,0.0189,0.31347882747650146,1.5034722222222225e-05,,,,,,,,,,,
169,3.38,0.0164,0.6060680747032166,1.5000000000000002e-05,,,,,,,,,,,
170,3.4,0.0283,0.6163566708564758,1.4965277777777778e-05,,,,,,,,,,,
171,3.42,0.012,0.32566940784454346,1.4930555555555557e-05,,,,,,,,,,,
172,3.44,0.0215,0.4392892122268677,1.4895833333333334e-05,,,,,,,,,,,
173,3.46,0.0253,0.7844424247741699,1.4861111111111113e-05,,,,,,,,,,,
174,3.48,0.0143,0.5400980114936829,1.482638888888889e-05,,,,,,,,,,,
175,3.5,0.0319,0.8350859880447388,1.479166666666667e-05,,,,,,,,,,,
175,3.5,,,,0.7782705099277629,0.7782705099277629,13.9332,7.177,0.072,,,,,,
176,3.52,0.0154,0.29995107650756836,1.4756944444444445e-05,,,,,,,,,,,
177,3.54,0.0114,0.42387405037879944,1.4722222222222224e-05,,,,,,,,,,,
178,3.56,0.0159,0.7398569583892822,1.4687500000000001e-05,,,,,,,,,,,
179,3.58,0.0298,1.2854053974151611,1.4652777777777779e-05,,,,,,,,,,,
180,3.6,0.0323,0.7587077021598816,1.4618055555555558e-05,,,,,,,,,,,
181,3.62,0.016,0.42368650436401367,1.4583333333333333e-05,,,,,,,,,,,
182,3.64,0.0238,0.8631702661514282,1.4548611111111112e-05,,,,,,,,,,,
183,3.66,0.0157,0.40251806378364563,1.451388888888889e-05,,,,,,,,,,,
184,3.68,0.0101,0.3042430877685547,1.4479166666666669e-05,,,,,,,,,,,
185,3.7,0.0053,0.30234161019325256,1.4444444444444446e-05,,,,,,,,,,,
186,3.72,0.0295,1.1841386556625366,1.4409722222222225e-05,,,,,,,,,,,
187,3.74,0.0196,0.46442046761512756,1.4375e-05,,,,,,,,,,,
188,3.76,0.0247,0.6384992003440857,1.4340277777777778e-05,,,,,,,,,,,
189,3.78,0.0548,0.9185172915458679,1.4305555555555557e-05,,,,,,,,,,,
190,3.8,0.0201,1.1327905654907227,1.4270833333333334e-05,,,,,,,,,,,
191,3.82,0.0274,0.8817400336265564,1.4236111111111113e-05,,,,,,,,,,,
192,3.84,0.0125,0.9119577407836914,1.420138888888889e-05,,,,,,,,,,,
193,3.86,0.0307,0.6981779932975769,1.416666666666667e-05,,,,,,,,,,,
194,3.88,0.0144,0.5519108176231384,1.4131944444444445e-05,,,,,,,,,,,
195,3.9,0.0186,0.5185034871101379,1.4097222222222224e-05,,,,,,,,,,,
196,3.92,0.0139,0.3739890456199646,1.4062500000000001e-05,,,,,,,,,,,
197,3.94,0.0142,0.4676912724971771,1.4027777777777779e-05,,,,,,,,,,,
198,3.96,0.022,0.7019565105438232,1.3993055555555558e-05,,,,,,,,,,,
199,3.98,0.022,0.5474324822425842,1.3958333333333333e-05,,,,,,,,,,,
200,4.0,0.0155,0.9108777642250061,1.3923611111111112e-05,,,,,,,,,,,
200,4.0,,,,0.8131370327924319,0.8131370327924319,14.1262,7.079,0.071,,,,,,
201,4.02,0.0201,0.5506979823112488,1.388888888888889e-05,,,,,,,,,,,
202,4.04,0.0293,0.6482006311416626,1.3854166666666669e-05,,,,,,,,,,,
203,4.06,0.0118,0.19724814593791962,1.3819444444444446e-05,,,,,,,,,,,
204,4.08,0.0117,0.2786276340484619,1.3784722222222225e-05,,,,,,,,,,,
205,4.1,0.0178,0.37166085839271545,1.375e-05,,,,,,,,,,,
206,4.12,0.0194,0.44575148820877075,1.3715277777777778e-05,,,,,,,,,,,
207,4.14,0.0164,0.46494153141975403,1.3680555555555557e-05,,,,,,,,,,,
208,4.16,0.0114,0.2792850434780121,1.3645833333333334e-05,,,,,,,,,,,
209,4.18,0.0226,0.8139227628707886,1.3611111111111113e-05,,,,,,,,,,,
210,4.2,0.0267,0.4585729241371155,1.3576388888888889e-05,,,,,,,,,,,
211,4.22,0.0078,0.23588696122169495,1.3541666666666668e-05,,,,,,,,,,,
212,4.24,0.0268,0.5046667456626892,1.3506944444444445e-05,,,,,,,,,,,
213,4.26,0.0192,0.526689887046814,1.3472222222222224e-05,,,,,,,,,,,
214,4.28,0.0077,0.24588917195796967,1.3437500000000001e-05,,,,,,,,,,,
215,4.3,0.0109,0.37517648935317993,1.3402777777777779e-05,,,,,,,,,,,
216,4.32,0.0328,0.47023871541023254,1.3368055555555558e-05,,,,,,,,,,,
217,4.34,0.0066,0.4023779630661011,1.3333333333333333e-05,,,,,,,,,,,
218,4.36,0.0156,0.48864445090293884,1.3298611111111112e-05,,,,,,,,,,,
219,4.38,0.0292,1.155295491218567,1.326388888888889e-05,,,,,,,,,,,
220,4.4,0.015,0.6294687390327454,1.3229166666666669e-05,,,,,,,,,,,
221,4.42,0.0223,1.0417773723602295,1.3194444444444446e-05,,,,,,,,,,,
222,4.44,0.0095,0.41952842473983765,1.3159722222222225e-05,,,,,,,,,,,
223,4.46,0.0131,0.8411588072776794,1.3125e-05,,,,,,,,,,,
224,4.48,0.0283,0.8460541367530823,1.3090277777777778e-05,,,,,,,,,,,
225,4.5,0.0099,0.46824198961257935,1.3055555555555557e-05,,,,,,,,,,,
225,4.5,,,,0.8135198134696242,0.8135198134696242,13.5845,7.361,0.074,,,,,,
226,4.52,0.0236,0.6636680960655212,1.3020833333333334e-05,,,,,,,,,,,
227,4.54,0.0311,0.9321907758712769,1.2986111111111113e-05,,,,,,,,,,,
228,4.56,0.0164,0.8303673267364502,1.2951388888888889e-05,,,,,,,,,,,
229,4.58,0.0081,0.2937496602535248,1.2916666666666668e-05,,,,,,,,,,,
230,4.6,0.0205,0.6054911613464355,1.2881944444444445e-05,,,,,,,,,,,
231,4.62,0.0059,0.21757905185222626,1.2847222222222224e-05,,,,,,,,,,,
232,4.64,0.0161,0.6392488479614258,1.2812500000000001e-05,,,,,,,,,,,
233,4.66,0.0054,0.4612933099269867,1.2777777777777777e-05,,,,,,,,,,,
234,4.68,0.0138,0.4941910207271576,1.2743055555555556e-05,,,,,,,,,,,
235,4.7,0.0111,0.42192161083221436,1.2708333333333333e-05,,,,,,,,,,,
236,4.72,0.0193,0.5091407299041748,1.2673611111111112e-05,,,,,,,,,,,
237,4.74,0.0331,0.6554099917411804,1.263888888888889e-05,,,,,,,,,,,
238,4.76,0.0371,0.63265061378479,1.2604166666666669e-05,,,,,,,,,,,
239,4.78,0.0062,0.3026425242424011,1.2569444444444446e-05,,,,,,,,,,,
240,4.8,0.0582,0.8003561496734619,1.2534722222222225e-05,,,,,,,,,,,
241,4.82,0.0115,0.5015839338302612,1.25e-05,,,,,,,,,,,
242,4.84,0.0123,0.36187371611595154,1.2465277777777778e-05,,,,,,,,,,,
243,4.86,0.0219,0.5950919985771179,1.2430555555555557e-05,,,,,,,,,,,
244,4.88,0.0236,0.5032919645309448,1.2395833333333334e-05,,,,,,,,,,,
245,4.9,0.0196,0.6607536673545837,1.2361111111111113e-05,,,,,,,,,,,
246,4.92,0.0155,0.5655666589736938,1.2326388888888889e-05,,,,,,,,,,,
247,4.94,0.0136,0.5402259230613708,1.2291666666666668e-05,,,,,,,,,,,
248,4.96,0.0265,0.4309487044811249,1.2256944444444445e-05,,,,,,,,,,,
249,4.98,0.0137,0.47084611654281616,1.2222222222222224e-05,,,,,,,,,,,
250,5.0,0.0231,0.6646426916122437,1.2187500000000001e-05,,,,,,,,,,,
250,5.0,,,,0.7903780068226822,0.7903780068226822,13.5417,7.385,0.074,,,,,,
251,5.02,0.0139,0.44142842292785645,1.2152777777777777e-05,,,,,,,,,,,
252,5.04,0.0307,0.5954657196998596,1.2118055555555556e-05,,,,,,,,,,,
253,5.06,0.0134,0.4321754276752472,1.2083333333333333e-05,,,,,,,,,,,
254,5.08,0.0123,0.43709808588027954,1.2048611111111112e-05,,,,,,,,,,,
255,5.1,0.0163,0.4641687870025635,1.201388888888889e-05,,,,,,,,,,,
256,5.12,0.0169,0.3458346426486969,1.1979166666666669e-05,,,,,,,,,,,
257,5.14,0.0164,0.4812886416912079,1.1944444444444444e-05,,,,,,,,,,,
258,5.16,0.0056,0.3324114680290222,1.1909722222222223e-05,,,,,,,,,,,
259,5.18,0.0259,0.5824521780014038,1.1875e-05,,,,,,,,,,,
260,5.2,0.0159,0.4598715007305145,1.1840277777777778e-05,,,,,,,,,,,
261,5.22,0.0085,0.28084540367126465,1.1805555555555557e-05,,,,,,,,,,,
262,5.24,0.0128,0.5376449227333069,1.1770833333333334e-05,,,,,,,,,,,
263,5.26,0.0176,0.35422784090042114,1.1736111111111113e-05,,,,,,,,,,,
264,5.28,0.0189,0.4928303360939026,1.1701388888888889e-05,,,,,,,,,,,
265,5.3,0.0158,0.5621992945671082,1.1666666666666668e-05,,,,,,,,,,,
266,5.32,0.0068,0.36676615476608276,1.1631944444444445e-05,,,,,,,,,,,
267,5.34,0.0341,0.5065535306930542,1.1597222222222224e-05,,,,,,,,,,,
268,5.36,0.014,0.41013216972351074,1.1562500000000002e-05,,,,,,,,,,,
269,5.38,0.0146,0.3651779890060425,1.1527777777777777e-05,,,,,,,,,,,
270,5.4,0.0259,0.894755482673645,1.1493055555555556e-05,,,,,,,,,,,
271,5.42,0.0187,0.550999641418457,1.1458333333333333e-05,,,,,,,,,,,
272,5.44,0.0135,0.6002054214477539,1.1423611111111112e-05,,,,,,,,,,,
273,5.46,0.0275,0.6365477442741394,1.138888888888889e-05,,,,,,,,,,,
274,5.48,0.0123,0.3598652482032776,1.1354166666666669e-05,,,,,,,,,,,
275,5.5,0.0126,0.52269446849823,1.1319444444444444e-05,,,,,,,,,,,
275,5.5,,,,0.8022598869555083,0.8022598869555083,13.6771,7.312,0.073,,,,,,
276,5.52,0.007,0.3893135190010071,1.1284722222222223e-05,,,,,,,,,,,
277,5.54,0.0075,0.40569502115249634,1.125e-05,,,,,,,,,,,
278,5.56,0.0179,0.34927019476890564,1.1215277777777778e-05,,,,,,,,,,,
279,5.58,0.0174,0.7484450340270996,1.1180555555555557e-05,,,,,,,,,,,
280,5.6,0.0158,0.6308391094207764,1.1145833333333334e-05,,,,,,,,,,,
281,5.62,0.0105,0.5032890439033508,1.1111111111111113e-05,,,,,,,,,,,
282,5.64,0.0064,0.4269644320011139,1.1076388888888889e-05,,,,,,,,,,,
283,5.66,0.0291,0.4993681311607361,1.1041666666666668e-05,,,,,,,,,,,
284,5.68,0.0238,0.6870275139808655,1.1006944444444445e-05,,,,,,,,,,,
285,5.7,0.0028,0.15383942425251007,1.0972222222222224e-05,,,,,,,,,,,
286,5.72,0.0018,0.11953473836183548,1.0937500000000002e-05,,,,,,,,,,,
287,5.74,0.0111,0.4051394462585449,1.0902777777777777e-05,,,,,,,,,,,
288,5.76,0.0172,0.6052145957946777,1.0868055555555556e-05,,,,,,,,,,,
289,5.78,0.0236,1.236542820930481,1.0833333333333334e-05,,,,,,,,,,,
290,5.8,0.0161,0.992424726486206,1.0798611111111113e-05,,,,,,,,,,,
291,5.82,0.0067,0.2799350321292877,1.076388888888889e-05,,,,,,,,,,,
292,5.84,0.0127,0.6034795641899109,1.0729166666666669e-05,,,,,,,,,,,
293,5.86,0.0081,0.40796685218811035,1.0694444444444444e-05,,,,,,,,,,,
294,5.88,0.0087,0.3376378118991852,1.0659722222222223e-05,,,,,,,,,,,
295,5.9,0.004,0.20221975445747375,1.0625e-05,,,,,,,,,,,
296,5.92,0.0244,0.8227186799049377,1.0590277777777778e-05,,,,,,,,,,,
297,5.94,0.0131,0.2676326036453247,1.0555555555555557e-05,,,,,,,,,,,
298,5.96,0.0037,0.31293824315071106,1.0520833333333333e-05,,,,,,,,,,,
299,5.98,0.012,0.46641162037849426,1.0486111111111112e-05,,,,,,,,,,,
300,6.0,0.0261,0.9905927777290344,1.0451388888888889e-05,,,,,,,,,,,
300,6.0,,,,0.8067796609668066,0.8067796609668066,13.7337,7.281,0.073,,,,,,
301,6.02,0.0061,0.2132292091846466,1.0416666666666668e-05,,,,,,,,,,,
302,6.04,0.0054,0.3195478618144989,1.0381944444444445e-05,,,,,,,,,,,
303,6.06,0.0102,0.3424367904663086,1.0347222222222224e-05,,,,,,,,,,,
304,6.08,0.0222,0.48914796113967896,1.0312500000000002e-05,,,,,,,,,,,
305,6.1,0.0116,0.35476213693618774,1.0277777777777777e-05,,,,,,,,,,,
306,6.12,0.0037,0.23257039487361908,1.0243055555555556e-05,,,,,,,,,,,
307,6.14,0.0077,0.3453165590763092,1.0208333333333334e-05,,,,,,,,,,,
308,6.16,0.004,0.3253617286682129,1.0173611111111113e-05,,,,,,,,,,,
309,6.18,0.0046,0.19030554592609406,1.013888888888889e-05,,,,,,,,,,,
310,6.2,0.0118,0.6939036846160889,1.0104166666666669e-05,,,,,,,,,,,
311,6.22,0.0097,0.41913509368896484,1.0069444444444445e-05,,,,,,,,,,,
312,6.24,0.0254,0.9169262647628784,1.0034722222222224e-05,,,,,,,,,,,
313,6.26,0.028,1.2715779542922974,1e-05,,,,,,,,,,,
314,6.28,0.0124,0.3812490999698639,9.965277777777778e-06,,,,,,,,,,,
315,6.3,0.009,0.366597056388855,9.930555555555557e-06,,,,,,,,,,,
316,6.32,0.0054,0.3115155100822449,9.895833333333334e-06,,,,,,,,,,,
317,6.34,0.0138,0.46841683983802795,9.861111111111112e-06,,,,,,,,,,,
318,6.36,0.019,0.6222134232521057,9.826388888888889e-06,,,,,,,,,,,
319,6.38,0.0126,0.5859562754631042,9.791666666666666e-06,,,,,,,,,,,
320,6.4,0.0049,0.21021875739097595,9.756944444444445e-06,,,,,,,,,,,
321,6.42,0.0104,0.46504276990890503,9.722222222222223e-06,,,,,,,,,,,
322,6.44,0.0055,0.31703266501426697,9.6875e-06,,,,,,,,,,,
323,6.46,0.0227,0.5901561379432678,9.652777777777779e-06,,,,,,,,,,,
324,6.48,0.0143,0.6545113325119019,9.618055555555556e-06,,,,,,,,,,,
325,6.5,0.0201,0.7023137211799622,9.583333333333335e-06,,,,,,,,,,,
325,6.5,,,,0.7959413753726402,0.7959413753726402,13.696,7.301,0.073,,,,,,
326,6.52,0.025,1.2741684913635254,9.548611111111113e-06,,,,,,,,,,,
327,6.54,0.0206,0.5091662406921387,9.51388888888889e-06,,,,,,,,,,,
328,6.56,0.0212,0.6278544664382935,9.479166666666667e-06,,,,,,,,,,,
329,6.58,0.0092,0.2810976505279541,9.444444444444445e-06,,,,,,,,,,,
330,6.6,0.0189,0.6214811205863953,9.409722222222224e-06,,,,,,,,,,,
331,6.62,0.0029,0.1340412050485611,9.375000000000001e-06,,,,,,,,,,,
332,6.64,0.0125,0.4786023497581482,9.340277777777778e-06,,,,,,,,,,,
333,6.66,0.0121,0.6836009621620178,9.305555555555557e-06,,,,,,,,,,,
334,6.68,0.0053,0.2637801170349121,9.270833333333334e-06,,,,,,,,,,,
335,6.7,0.0031,0.1211642324924469,9.236111111111112e-06,,,,,,,,,,,
336,6.72,0.0063,0.40533098578453064,9.201388888888889e-06,,,,,,,,,,,
337,6.74,0.0058,0.2790413498878479,9.166666666666666e-06,,,,,,,,,,,
338,6.76,0.0086,0.3278806507587433,9.131944444444445e-06,,,,,,,,,,,
339,6.78,0.0215,0.41612377762794495,9.097222222222223e-06,,,,,,,,,,,
340,6.8,0.0105,0.5652884840965271,9.0625e-06,,,,,,,,,,,
341,6.82,0.041,0.9011150598526001,9.027777777777779e-06,,,,,,,,,,,
342,6.84,0.0088,0.37660208344459534,8.993055555555556e-06,,,,,,,,,,,
343,6.86,0.0315,0.9157703518867493,8.958333333333334e-06,,,,,,,,,,,
344,6.88,0.0144,0.8260962963104248,8.923611111111113e-06,,,,,,,,,,,
345,6.9,0.0133,0.3798808455467224,8.888888888888888e-06,,,,,,,,,,,
346,6.92,0.0053,0.6571621298789978,8.854166666666667e-06,,,,,,,,,,,
347,6.94,0.012,0.2807658910751343,8.819444444444445e-06,,,,,,,,,,,
348,6.96,0.0105,0.8442510366439819,8.784722222222224e-06,,,,,,,,,,,
349,6.98,0.0105,0.2513780891895294,8.750000000000001e-06,,,,,,,,,,,
350,7.0,0.0111,0.30192887783050537,8.715277777777778e-06,,,,,,,,,,,
350,7.0,,,,0.8004509582362245,0.8004509582362245,14.2735,7.006,0.07,,,,,,
351,7.02,0.0099,0.2651059627532959,8.680555555555557e-06,,,,,,,,,,,
352,7.04,0.0137,0.5844613909721375,8.645833333333335e-06,,,,,,,,,,,
353,7.06,0.017,0.22038733959197998,8.611111111111112e-06,,,,,,,,,,,
354,7.08,0.0201,1.3432748317718506,8.57638888888889e-06,,,,,,,,,,,
355,7.1,0.0012,0.13350044190883636,8.541666666666666e-06,,,,,,,,,,,
356,7.12,0.0169,0.5126977562904358,8.506944444444445e-06,,,,,,,,,,,
357,7.14,0.0032,0.2707642614841461,8.472222222222223e-06,,,,,,,,,,,
358,7.16,0.0076,0.29006877541542053,8.4375e-06,,,,,,,,,,,
359,7.18,0.0143,0.30702367424964905,8.402777777777779e-06,,,,,,,,,,,
360,7.2,0.0249,0.851223886013031,8.368055555555556e-06,,,,,,,,,,,
361,7.22,0.0057,0.21740947663784027,8.333333333333334e-06,,,,,,,,,,,
362,7.24,0.004,0.1488860845565796,8.298611111111113e-06,,,,,,,,,,,
363,7.26,0.0104,0.5615844130516052,8.263888888888888e-06,,,,,,,,,,,
364,7.28,0.0097,0.6625673174858093,8.229166666666667e-06,,,,,,,,,,,
365,7.3,0.0276,0.8199424743652344,8.194444444444445e-06,,,,,,,,,,,
366,7.32,0.0027,0.2181958705186844,8.159722222222222e-06,,,,,,,,,,,
367,7.34,0.013,0.5933845043182373,8.125000000000001e-06,,,,,,,,,,,
368,7.36,0.0181,0.6566426157951355,8.090277777777778e-06,,,,,,,,,,,
369,7.38,0.0113,0.8082211017608643,8.055555555555557e-06,,,,,,,,,,,
370,7.4,0.0028,0.1328013837337494,8.020833333333335e-06,,,,,,,,,,,
371,7.42,0.0096,0.4340148866176605,7.986111111111112e-06,,,,,,,,,,,
372,7.44,0.005,0.20558680593967438,7.95138888888889e-06,,,,,,,,,,,
373,7.46,0.0053,0.2996358871459961,7.916666666666667e-06,,,,,,,,,,,
374,7.48,0.0204,0.34349325299263,7.881944444444446e-06,,,,,,,,,,,
375,7.5,0.0085,0.35951825976371765,7.847222222222223e-06,,,,,,,,,,,
375,7.5,,,,0.795505617927406,0.795505617927406,14.427,6.931,0.069,,,,,,
376,7.52,0.0188,0.7638980746269226,7.8125e-06,,,,,,,,,,,
377,7.54,0.011,0.4379202425479889,7.77777777777778e-06,,,,,,,,,,,
378,7.56,0.0067,0.4094625413417816,7.743055555555556e-06,,,,,,,,,,,
379,7.58,0.0112,0.29812225699424744,7.708333333333334e-06,,,,,,,,,,,
380,7.6,0.0055,0.20305855572223663,7.673611111111113e-06,,,,,,,,,,,
381,7.62,0.0105,0.3136633038520813,7.638888888888888e-06,,,,,,,,,,,
382,7.64,0.019,0.8066921830177307,7.6041666666666666e-06,,,,,,,,,,,
383,7.66,0.0083,0.6547863483428955,7.569444444444445e-06,,,,,,,,,,,
384,7.68,0.0056,0.2504054009914398,7.534722222222223e-06,,,,,,,,,,,
385,7.7,0.021,0.7756132483482361,7.500000000000001e-06,,,,,,,,,,,
386,7.72,0.0071,0.5297833681106567,7.465277777777778e-06,,,,,,,,,,,
387,7.74,0.0031,0.27744919061660767,7.4305555555555565e-06,,,,,,,,,,,
388,7.76,0.0129,0.5521336197853088,7.395833333333335e-06,,,,,,,,,,,
389,7.78,0.0103,0.3808426260948181,7.361111111111112e-06,,,,,,,,,,,
390,7.8,0.0128,0.4777880907058716,7.326388888888889e-06,,,,,,,,,,,
391,7.82,0.0079,1.011099100112915,7.291666666666667e-06,,,,,,,,,,,
392,7.84,0.0105,0.5981222987174988,7.256944444444445e-06,,,,,,,,,,,
393,7.86,0.0109,0.23007771372795105,7.222222222222223e-06,,,,,,,,,,,
394,7.88,0.0144,0.6062034964561462,7.1875e-06,,,,,,,,,,,
395,7.9,0.0041,0.4497007727622986,7.152777777777778e-06,,,,,,,,,,,
396,7.92,0.006,0.251419335603714,7.1180555555555565e-06,,,,,,,,,,,
397,7.94,0.0149,0.7735691666603088,7.083333333333335e-06,,,,,,,,,,,
398,7.96,0.015,0.544555127620697,7.048611111111112e-06,,,,,,,,,,,
399,7.98,0.0065,0.22172461450099945,7.013888888888889e-06,,,,,,,,,,,
400,8.0,0.0023,0.14031758904457092,6.979166666666667e-06,,,,,,,,,,,
400,8.0,,,,0.8095781071334146,0.8095781071334146,13.4796,7.419,0.074,,,,,,
401,8.02,0.0106,0.35254397988319397,6.944444444444445e-06,,,,,,,,,,,
402,8.04,0.016,0.43672654032707214,6.909722222222223e-06,,,,,,,,,,,
403,8.06,0.0284,1.0446085929870605,6.875e-06,,,,,,,,,,,
404,8.08,0.0083,0.6221741437911987,6.840277777777778e-06,,,,,,,,,,,
405,8.1,0.0105,0.5041118264198303,6.8055555555555566e-06,,,,,,,,,,,
406,8.12,0.0118,0.6115387082099915,6.770833333333334e-06,,,,,,,,,,,
407,8.14,0.0053,0.32275837659835815,6.736111111111112e-06,,,,,,,,,,,
408,8.16,0.0009,0.04234360530972481,6.701388888888889e-06,,,,,,,,,,,
409,8.18,0.0106,0.3158278167247772,6.666666666666667e-06,,,,,,,,,,,
410,8.2,0.0031,0.2708042562007904,6.631944444444445e-06,,,,,,,,,,,
411,8.22,0.0054,0.2532957196235657,6.597222222222223e-06,,,,,,,,,,,
412,8.24,0.0027,0.20245316624641418,6.5625e-06,,,,,,,,,,,
413,8.26,0.0135,0.43050792813301086,6.5277777777777784e-06,,,,,,,,,,,
414,8.28,0.0013,0.12890322506427765,6.493055555555557e-06,,,,,,,,,,,
415,8.3,0.0089,0.4456101059913635,6.458333333333334e-06,,,,,,,,,,,
416,8.32,0.0132,0.4085373282432556,6.423611111111112e-06,,,,,,,,,,,
417,8.34,0.0082,0.44831836223602295,6.3888888888888885e-06,,,,,,,,,,,
418,8.36,0.0044,0.19702357053756714,6.354166666666667e-06,,,,,,,,,,,
419,8.38,0.0103,0.3630203902721405,6.319444444444445e-06,,,,,,,,,,,
420,8.4,0.0113,0.2962923049926758,6.284722222222223e-06,,,,,,,,,,,
421,8.42,0.0065,0.202874094247818,6.25e-06,,,,,,,,,,,
422,8.44,0.0198,0.585648238658905,6.2152777777777785e-06,,,,,,,,,,,
423,8.46,0.0029,0.18716683983802795,6.180555555555557e-06,,,,,,,,,,,
424,8.48,0.0077,0.3591797947883606,6.145833333333334e-06,,,,,,,,,,,
425,8.5,0.005,0.388990193605423,6.111111111111112e-06,,,,,,,,,,,
425,8.5,,,,0.8139013452413616,0.8139013452413616,14.1969,7.044,0.07,,,,,,
426,8.52,0.0025,0.1529722809791565,6.0763888888888885e-06,,,,,,,,,,,
427,8.54,0.0095,0.39117923378944397,6.041666666666667e-06,,,,,,,,,,,
428,8.56,0.0023,0.16577935218811035,6.006944444444445e-06,,,,,,,,,,,
429,8.58,0.0051,0.359286367893219,5.972222222222222e-06,,,,,,,,,,,
430,8.6,0.0021,0.12590976059436798,5.9375e-06,,,,,,,,,,,
431,8.62,0.0182,0.9448961019515991,5.9027777777777785e-06,,,,,,,,,,,
432,8.64,0.0069,0.30195745825767517,5.868055555555557e-06,,,,,,,,,,,
433,8.66,0.0144,0.7389559745788574,5.833333333333334e-06,,,,,,,,,,,
434,8.68,0.0076,0.26904603838920593,5.798611111111112e-06,,,,,,,,,,,
435,8.7,0.0018,0.14145880937576294,5.7638888888888886e-06,,,,,,,,,,,
436,8.72,0.0162,0.45670846104621887,5.729166666666667e-06,,,,,,,,,,,
437,8.74,0.0039,0.3283578157424927,5.694444444444445e-06,,,,,,,,,,,
438,8.76,0.0183,0.5879570245742798,5.659722222222222e-06,,,,,,,,,,,
439,8.78,0.0066,0.33440911769866943,5.625e-06,,,,,,,,,,,
440,8.8,0.0073,0.41063404083251953,5.5902777777777785e-06,,,,,,,,,,,
441,8.82,0.0028,0.17684943974018097,5.555555555555557e-06,,,,,,,,,,,
442,8.84,0.0027,0.10527738183736801,5.520833333333334e-06,,,,,,,,,,,
443,8.86,0.0218,0.5114717483520508,5.486111111111112e-06,,,,,,,,,,,
444,8.88,0.0117,0.44567781686782837,5.451388888888889e-06,,,,,,,,,,,
445,8.9,0.0133,0.5146948099136353,5.416666666666667e-06,,,,,,,,,,,
446,8.92,0.0091,0.6832584738731384,5.381944444444445e-06,,,,,,,,,,,
447,8.94,0.0117,0.4539541006088257,5.347222222222222e-06,,,,,,,,,,,
448,8.96,0.0227,0.6910101771354675,5.3125e-06,,,,,,,,,,,
449,8.98,0.0064,0.2101079672574997,5.2777777777777785e-06,,,,,,,,,,,
450,9.0,0.0041,0.16234369575977325,5.243055555555556e-06,,,,,,,,,,,
450,9.0,,,,0.8031496062490852,0.8031496062490852,14.0315,7.127,0.071,,,,,,
451,9.02,0.0026,0.22407308220863342,5.208333333333334e-06,,,,,,,,,,,
452,9.04,0.0106,1.4053609371185303,5.173611111111112e-06,,,,,,,,,,,
453,9.06,0.009,0.21762073040008545,5.138888888888889e-06,,,,,,,,,,,
454,9.08,0.0133,0.3914433419704437,5.104166666666667e-06,,,,,,,,,,,
455,9.1,0.0075,0.4389994740486145,5.069444444444445e-06,,,,,,,,,,,
456,9.12,0.0129,0.4218963384628296,5.034722222222222e-06,,,,,,,,,,,
457,9.14,0.001,0.049179065972566605,5e-06,,,,,,,,,,,
458,9.16,0.0038,0.3295615315437317,4.9652777777777786e-06,,,,,,,,,,,
459,9.18,0.008,0.5640138983726501,4.930555555555556e-06,,,,,,,,,,,
460,9.2,0.0104,0.37918317317962646,4.895833333333333e-06,,,,,,,,,,,
461,9.22,0.0179,0.4134756028652191,4.861111111111111e-06,,,,,,,,,,,
462,9.24,0.0255,0.6583291888237,4.8263888888888895e-06,,,,,,,,,,,
463,9.26,0.0042,0.1563112437725067,4.791666666666668e-06,,,,,,,,,,,
464,9.28,0.0083,0.13678856194019318,4.756944444444445e-06,,,,,,,,,,,
465,9.3,0.0057,0.23154203593730927,4.722222222222222e-06,,,,,,,,,,,
466,9.32,0.0038,0.2614452540874481,4.6875000000000004e-06,,,,,,,,,,,
467,9.34,0.0039,0.1943076103925705,4.652777777777779e-06,,,,,,,,,,,
468,9.36,0.002,0.2207355499267578,4.618055555555556e-06,,,,,,,,,,,
469,9.38,0.0092,0.4829689860343933,4.583333333333333e-06,,,,,,,,,,,
470,9.4,0.0131,0.5041645765304565,4.548611111111111e-06,,,,,,,,,,,
471,9.42,0.0027,0.1780284345149994,4.5138888888888895e-06,,,,,,,,,,,
472,9.44,0.0007,0.0689765065908432,4.479166666666667e-06,,,,,,,,,,,
473,9.46,0.0038,0.21553939580917358,4.444444444444444e-06,,,,,,,,,,,
474,9.48,0.0085,0.4250163733959198,4.409722222222222e-06,,,,,,,,,,,
475,9.5,0.0087,0.37412306666374207,4.3750000000000005e-06,,,,,,,,,,,
475,9.5,,,,0.8184892896905608,0.8184892896905608,14.2863,7.0,0.07,,,,,,
476,9.52,0.0031,0.19386884570121765,4.340277777777779e-06,,,,,,,,,,,
477,9.54,0.0171,0.44710543751716614,4.305555555555556e-06,,,,,,,,,,,
478,9.56,0.0094,0.37033283710479736,4.270833333333333e-06,,,,,,,,,,,
479,9.58,0.006,0.1740279495716095,4.236111111111111e-06,,,,,,,,,,,
480,9.6,0.005,0.4334840774536133,4.2013888888888896e-06,,,,,,,,,,,
481,9.62,0.0029,0.23796261847019196,4.166666666666667e-06,,,,,,,,,,,
482,9.64,0.0064,0.37469255924224854,4.131944444444444e-06,,,,,,,,,,,
483,9.66,0.0034,0.20423227548599243,4.097222222222222e-06,,,,,,,,,,,
484,9.68,0.0098,0.5801066756248474,4.0625000000000005e-06,,,,,,,,,,,
485,9.7,0.0024,0.2117672860622406,4.027777777777779e-06,,,,,,,,,,,
486,9.72,0.0037,0.2168174684047699,3.993055555555556e-06,,,,,,,,,,,
487,9.74,0.0089,0.2815130352973938,3.958333333333333e-06,,,,,,,,,,,
488,9.76,0.0024,0.13296359777450562,3.9236111111111114e-06,,,,,,,,,,,
489,9.78,0.0153,0.4575778543949127,3.88888888888889e-06,,,,,,,,,,,
490,9.8,0.0067,0.3448325991630554,3.854166666666667e-06,,,,,,,,,,,
491,9.82,0.0111,0.6522612571716309,3.819444444444444e-06,,,,,,,,,,,
492,9.84,0.0035,0.2579619884490967,3.7847222222222224e-06,,,,,,,,,,,
493,9.86,0.0126,0.6671860814094543,3.7500000000000005e-06,,,,,,,,,,,
494,9.88,0.0103,0.3448747992515564,3.7152777777777783e-06,,,,,,,,,,,
495,9.9,0.0075,0.20431600511074066,3.680555555555556e-06,,,,,,,,,,,
496,9.92,0.0049,0.2684120535850525,3.6458333333333333e-06,,,,,,,,,,,
497,9.94,0.0223,0.5635553002357483,3.6111111111111115e-06,,,,,,,,,,,
498,9.96,0.0011,0.10400611907243729,3.576388888888889e-06,,,,,,,,,,,
499,9.98,0.014,0.2794058620929718,3.5416666666666673e-06,,,,,,,,,,,
500,10.0,0.0075,0.38234052062034607,3.5069444444444447e-06,,,,,,,,,,,
500,10.0,,,,0.8131370327924319,0.8131370327924319,14.3694,6.959,0.07,,,,,,
501,10.02,0.0058,0.3363616168498993,3.4722222222222224e-06,,,,,,,,,,,
502,10.04,0.0066,0.30045610666275024,3.4375e-06,,,,,,,,,,,
503,10.06,0.0086,0.22577476501464844,3.4027777777777783e-06,,,,,,,,,,,
504,10.08,0.0085,1.256955623626709,3.368055555555556e-06,,,,,,,,,,,
505,10.1,0.0058,0.17427784204483032,3.3333333333333333e-06,,,,,,,,,,,
506,10.12,0.0093,0.6005714535713196,3.2986111111111115e-06,,,,,,,,,,,
507,10.14,0.0177,0.7008546590805054,3.2638888888888892e-06,,,,,,,,,,,
508,10.16,0.0086,0.3786298930644989,3.229166666666667e-06,,,,,,,,,,,
509,10.18,0.0012,0.07447508722543716,3.1944444444444443e-06,,,,,,,,,,,
510,10.2,0.0187,0.576002299785614,3.1597222222222224e-06,,,,,,,,,,,
511,10.22,0.0022,0.13537266850471497,3.125e-06,,,,,,,,,,,
512,10.24,0.0019,0.17447102069854736,3.0902777777777783e-06,,,,,,,,,,,
513,10.26,0.0079,0.23992794752120972,3.055555555555556e-06,,,,,,,,,,,
514,10.28,0.0085,0.26838839054107666,3.0208333333333334e-06,,,,,,,,,,,
515,10.3,0.0062,0.25476911664009094,2.986111111111111e-06,,,,,,,,,,,
516,10.32,0.0108,0.3665546774864197,2.9513888888888892e-06,,,,,,,,,,,
517,10.34,0.017,0.8321624994277954,2.916666666666667e-06,,,,,,,,,,,
518,10.36,0.0253,0.5697498917579651,2.8819444444444443e-06,,,,,,,,,,,
519,10.38,0.0077,0.4525828957557678,2.8472222222222224e-06,,,,,,,,,,,
520,10.4,0.0147,0.3986055254936218,2.8125e-06,,,,,,,,,,,
521,10.42,0.0024,0.15031415224075317,2.7777777777777783e-06,,,,,,,,,,,
522,10.44,0.0049,0.3591720759868622,2.743055555555556e-06,,,,,,,,,,,
523,10.46,0.0017,0.11803632229566574,2.7083333333333334e-06,,,,,,,,,,,
524,10.48,0.0021,0.16611126065254211,2.673611111111111e-06,,,,,,,,,,,
525,10.5,0.0076,0.26588454842567444,2.6388888888888893e-06,,,,,,,,,,,
525,10.5,,,,0.8108720271299181,0.8108720271299181,14.3168,6.985,0.07,,,,,,
526,10.52,0.0117,0.6404982209205627,2.604166666666667e-06,,,,,,,,,,,
527,10.54,0.0028,0.23672468960285187,2.5694444444444443e-06,,,,,,,,,,,
528,10.56,0.009,0.32580193877220154,2.5347222222222225e-06,,,,,,,,,,,
529,10.58,0.0033,0.25430378317832947,2.5e-06,,,,,,,,,,,
530,10.6,0.013,0.48528510332107544,2.465277777777778e-06,,,,,,,,,,,
531,10.62,0.021,0.8813397884368896,2.4305555555555557e-06,,,,,,,,,,,
532,10.64,0.005,0.2774916887283325,2.395833333333334e-06,,,,,,,,,,,
533,10.66,0.0105,0.4731665849685669,2.361111111111111e-06,,,,,,,,,,,
534,10.68,0.0044,0.3156017065048218,2.3263888888888893e-06,,,,,,,,,,,
535,10.7,0.01,0.7511570453643799,2.2916666666666666e-06,,,,,,,,,,,
536,10.72,0.0037,0.24039140343666077,2.2569444444444448e-06,,,,,,,,,,,
537,10.74,0.0025,0.16696438193321228,2.222222222222222e-06,,,,,,,,,,,
538,10.76,0.0078,0.6126030683517456,2.1875000000000002e-06,,,,,,,,,,,
539,10.78,0.0042,0.3121609091758728,2.152777777777778e-06,,,,,,,,,,,
540,10.8,0.0056,0.2580908238887787,2.1180555555555557e-06,,,,,,,,,,,
541,10.82,0.0115,0.5247678160667419,2.0833333333333334e-06,,,,,,,,,,,
542,10.84,0.0022,0.21858306229114532,2.048611111111111e-06,,,,,,,,,,,
543,10.86,0.0045,0.17360424995422363,2.0138888888888893e-06,,,,,,,,,,,
544,10.88,0.0056,0.3969467878341675,1.9791666666666666e-06,,,,,,,,,,,
545,10.9,0.0034,0.16194520890712738,1.944444444444445e-06,,,,,,,,,,,
546,10.92,0.0138,0.33930620551109314,1.909722222222222e-06,,,,,,,,,,,
547,10.94,0.0042,0.24742035567760468,1.8750000000000003e-06,,,,,,,,,,,
548,10.96,0.0079,0.3794817626476288,1.840277777777778e-06,,,,,,,,,,,
549,10.98,0.0029,0.21178285777568817,1.8055555555555557e-06,,,,,,,,,,,
550,11.0,0.0041,0.46563059091567993,1.7708333333333337e-06,,,,,,,,,,,
550,11.0,,,,0.8180790959950528,0.8180790959950528,13.7825,7.256,0.073,,,,,,
551,11.02,0.0057,0.46622470021247864,1.7361111111111112e-06,,,,,,,,,,,
552,11.04,0.0048,0.246214359998703,1.7013888888888891e-06,,,,,,,,,,,
553,11.06,0.011,0.35094383358955383,1.6666666666666667e-06,,,,,,,,,,,
554,11.08,0.0007,0.04506196454167366,1.6319444444444446e-06,,,,,,,,,,,
555,11.1,0.0055,0.21421311795711517,1.5972222222222221e-06,,,,,,,,,,,
556,11.12,0.015,0.4867609143257141,1.5625e-06,,,,,,,,,,,
557,11.14,0.0012,0.07842900604009628,1.527777777777778e-06,,,,,,,,,,,
558,11.16,0.0206,0.8457186222076416,1.4930555555555555e-06,,,,,,,,,,,
559,11.18,0.0091,0.46053022146224976,1.4583333333333335e-06,,,,,,,,,,,
560,11.2,0.0118,0.381788969039917,1.4236111111111112e-06,,,,,,,,,,,
561,11.22,0.0042,0.33912354707717896,1.3888888888888892e-06,,,,,,,,,,,
562,11.24,0.0144,0.7707276344299316,1.3541666666666667e-06,,,,,,,,,,,
563,11.26,0.0143,0.5474832653999329,1.3194444444444446e-06,,,,,,,,,,,
564,11.28,0.0065,0.18688297271728516,1.2847222222222222e-06,,,,,,,,,,,
565,11.3,0.0113,0.258905827999115,1.25e-06,,,,,,,,,,,
566,11.32,0.0112,0.7416676878929138,1.2152777777777778e-06,,,,,,,,,,,
567,11.34,0.008,0.46676376461982727,1.1805555555555556e-06,,,,,,,,,,,
568,11.36,0.0102,0.27260035276412964,1.1458333333333333e-06,,,,,,,,,,,
569,11.38,0.0091,0.28788095712661743,1.111111111111111e-06,,,,,,,,,,,
570,11.4,0.0067,0.31726154685020447,1.076388888888889e-06,,,,,,,,,,,
571,11.42,0.0032,0.3783932030200958,1.0416666666666667e-06,,,,,,,,,,,
572,11.44,0.0061,0.24775242805480957,1.0069444444444447e-06,,,,,,,,,,,
573,11.46,0.0052,0.4399833381175995,9.722222222222224e-07,,,,,,,,,,,
574,11.48,0.0088,0.4509296715259552,9.375000000000001e-07,,,,,,,,,,,
575,11.5,0.0038,0.2027917206287384,9.027777777777779e-07,,,,,,,,,,,
575,11.5,,,,0.8130630630129296,0.8130630630129296,14.0583,7.113,0.071,,,,,,
576,11.52,0.0128,0.3939298391342163,8.680555555555556e-07,,,,,,,,,,,
577,11.54,0.0016,0.23591308295726776,8.333333333333333e-07,,,,,,,,,,,
578,11.56,0.0013,0.07753939181566238,7.986111111111111e-07,,,,,,,,,,,
579,11.58,0.0048,0.2569262385368347,7.63888888888889e-07,,,,,,,,,,,
580,11.6,0.0014,0.1297282576560974,7.291666666666667e-07,,,,,,,,,,,
581,11.62,0.0078,0.34119781851768494,6.944444444444446e-07,,,,,,,,,,,
582,11.64,0.0046,0.2592792510986328,6.597222222222223e-07,,,,,,,,,,,
583,11.66,0.0048,0.2660236060619354,6.25e-07,,,,,,,,,,,
584,11.68,0.0105,0.42414915561676025,5.902777777777778e-07,,,,,,,,,,,
585,11.7,0.0036,0.2410658299922943,5.555555555555555e-07,,,,,,,,,,,
586,11.72,0.0088,0.3633144199848175,5.208333333333334e-07,,,,,,,,,,,
587,11.74,0.0018,0.14951106905937195,4.861111111111112e-07,,,,,,,,,,,
588,11.76,0.0053,0.460129976272583,4.5138888888888893e-07,,,,,,,,,,,
589,11.78,0.01,0.5339804887771606,4.1666666666666667e-07,,,,,,,,,,,
590,11.8,0.0159,0.7902387380599976,3.819444444444445e-07,,,,,,,,,,,
591,11.82,0.0184,0.6272976398468018,3.472222222222223e-07,,,,,,,,,,,
592,11.84,0.0046,0.2010522037744522,3.125e-07,,,,,,,,,,,
593,11.86,0.0038,0.34566521644592285,2.7777777777777776e-07,,,,,,,,,,,
594,11.88,0.002,0.2712615728378296,2.430555555555556e-07,,,,,,,,,,,
595,11.9,0.0151,0.40905722975730896,2.0833333333333333e-07,,,,,,,,,,,
596,11.92,0.0029,0.15202932059764862,1.7361111111111115e-07,,,,,,,,,,,
597,11.94,0.0157,0.7140013575553894,1.3888888888888888e-07,,,,,,,,,,,
598,11.96,0.0041,0.2765498459339142,1.0416666666666667e-07,,,,,,,,,,,
599,11.98,0.0048,0.23101383447647095,6.944444444444444e-08,,,,,,,,,,,
600,12.0,0.0082,0.36905381083488464,3.472222222222222e-08,,,,,,,,,,,
600,12.0,,,,0.8112359550060543,0.8112359550060543,13.7151,7.291,0.073,,,,,,
600,12.0,,,,,,,,,957.7586,2.506,0.626,9270376326496256.0,9.270376326496256,0.03307706981897354
