[avg]_f1,[mem],crossner_ai_f1,crossner_ai_prec,crossner_ai_rec,crossner_literature_f1,crossner_literature_prec,crossner_literature_rec,crossner_music_f1,crossner_music_prec,crossner_music_rec,crossner_politics_f1,crossner_politics_prec,crossner_politics_rec,crossner_science_f1,crossner_science_prec,crossner_science_rec,epoch,loss,mit-movie_f1,mit-movie_prec,mit-movie_rec,mit-restaurant_f1,mit-restaurant_prec,mit-restaurant_rec,step
,28.296875,,,,,,,,,,,,,,,,0.0088,1.88351571559906,,,,,,,1
,29.275390625,,,,,,,,,,,,,,,,0.0175,1.0125703811645508,,,,,,,2
,29.275390625,,,,,,,,,,,,,,,,0.0263,0.6668710112571716,,,,,,,3
,29.275390625,,,,,,,,,,,,,,,,0.0351,0.4548187255859375,,,,,,,4
,30.25390625,,,,,,,,,,,,,,,,0.0439,0.4555063843727112,,,,,,,5
,30.25390625,,,,,,,,,,,,,,,,0.0526,0.4341258704662323,,,,,,,6
,30.25390625,,,,,,,,,,,,,,,,0.0614,0.3186291754245758,,,,,,,7
,30.25390625,,,,,,,,,,,,,,,,0.0702,0.3270154595375061,,,,,,,8
,30.25390625,,,,,,,,,,,,,,,,0.0789,0.240787073969841,,,,,,,9
,30.25390625,,,,,,,,,,,,,,,,0.0877,0.19505345821380615,,,,,,,10
,30.25390625,,,,,,,,,,,,,,,,0.0965,0.213662251830101,,,,,,,11
,30.25390625,,,,,,,,,,,,,,,,0.1053,0.1884099692106247,,,,,,,12
,30.25390625,,,,,,,,,,,,,,,,0.114,0.16884534060955048,,,,,,,13
,30.25390625,,,,,,,,,,,,,,,,0.1228,0.13340280950069427,,,,,,,14
,30.25390625,,,,,,,,,,,,,,,,0.1316,0.1448739618062973,,,,,,,15
,30.25390625,,,,,,,,,,,,,,,,0.1404,0.12203054875135422,,,,,,,16
,30.25390625,,,,,,,,,,,,,,,,0.1491,0.11872000992298126,,,,,,,17
,30.25390625,,,,,,,,,,,,,,,,0.1579,0.11199261993169785,,,,,,,18
,30.25390625,,,,,,,,,,,,,,,,0.1667,0.10112877190113068,,,,,,,19
,30.25390625,,,,,,,,,,,,,,,,0.1754,0.10130524635314941,,,,,,,20
,30.255859375,,,,,,,,,,,,,,,,0.1842,0.08368949592113495,,,,,,,21
,30.255859375,,,,,,,,,,,,,,,,0.193,0.07260402292013168,,,,,,,22
,30.255859375,,,,,,,,,,,,,,,,0.2018,0.077875517308712,,,,,,,23
,30.255859375,,,,,,,,,,,,,,,,0.2105,0.06521045416593552,,,,,,,24
,30.255859375,,,,,,,,,,,,,,,,0.2193,0.08276733011007309,,,,,,,25
,30.255859375,,,,,,,,,,,,,,,,0.2281,0.08317305147647858,,,,,,,26
,30.255859375,,,,,,,,,,,,,,,,0.2368,0.08026283979415894,,,,,,,27
,30.255859375,,,,,,,,,,,,,,,,0.2456,0.08470159024000168,,,,,,,28
,30.255859375,,,,,,,,,,,,,,,,0.2544,0.07080215215682983,,,,,,,29
,30.255859375,,,,,,,,,,,,,,,,0.2632,0.06726586073637009,,,,,,,30
,30.255859375,,,,,,,,,,,,,,,,0.2719,0.06755279004573822,,,,,,,31
,30.255859375,,,,,,,,,,,,,,,,0.2807,0.06734557449817657,,,,,,,32
,30.255859375,,,,,,,,,,,,,,,,0.2895,0.06640803813934326,,,,,,,33
,30.255859375,,,,,,,,,,,,,,,,0.2982,0.058349885046482086,,,,,,,34
,30.255859375,,,,,,,,,,,,,,,,0.307,0.05635466054081917,,,,,,,35
,30.255859375,,,,,,,,,,,,,,,,0.3158,0.048335302621126175,,,,,,,36
,31.234375,,,,,,,,,,,,,,,,0.3246,0.06860555708408356,,,,,,,37
,31.234375,,,,,,,,,,,,,,,,0.3333,0.05240202695131302,,,,,,,38
,31.234375,,,,,,,,,,,,,,,,0.3421,0.05270571634173393,,,,,,,39
0.47997576239892287,31.234375,0.30273357808188295,0.3375796178343642,0.2744082840236483,0.4182134570270337,0.46426271732128366,0.38047493403691923,0.42282749670785963,0.4654926225606632,0.38732673267325196,0.41186626898154555,0.41756842775301023,0.4063177454320097,0.27450980387239005,0.31527693244063815,0.24307836696385532,0.3509,0.06194962188601494,0.822397038358136,0.8128430296377458,0.8321783105450303,0.7072826937636123,0.6979907264296539,0.716825396825374,40
,31.234375,,,,,,,,,,,,,,,,0.3596,0.051500242203474045,,,,,,,41
,31.234375,,,,,,,,,,,,,,,,0.3684,0.06627828627824783,,,,,,,42
,31.234375,,,,,,,,,,,,,,,,0.3772,0.051081884652376175,,,,,,,43
,31.234375,,,,,,,,,,,,,,,,0.386,0.053011324256658554,,,,,,,44
,31.234375,,,,,,,,,,,,,,,,0.3947,0.05476352199912071,,,,,,,45
,31.234375,,,,,,,,,,,,,,,,0.4035,0.047482993453741074,,,,,,,46
,31.234375,,,,,,,,,,,,,,,,0.4123,0.05456674098968506,,,,,,,47
,31.234375,,,,,,,,,,,,,,,,0.4211,0.05041757971048355,,,,,,,48
,31.234375,,,,,,,,,,,,,,,,0.4298,0.056209124624729156,,,,,,,49
,31.234375,,,,,,,,,,,,,,,,0.4386,0.04193369671702385,,,,,,,50
,31.234375,,,,,,,,,,,,,,,,0.4474,0.05196632817387581,,,,,,,51
,31.234375,,,,,,,,,,,,,,,,0.4561,0.05064946413040161,,,,,,,52
,31.234375,,,,,,,,,,,,,,,,0.4649,0.04480477049946785,,,,,,,53
,31.234375,,,,,,,,,,,,,,,,0.4737,0.05486555024981499,,,,,,,54
,31.234375,,,,,,,,,,,,,,,,0.4825,0.046513065695762634,,,,,,,55
,31.234375,,,,,,,,,,,,,,,,0.4912,0.04794638976454735,,,,,,,56
,31.234375,,,,,,,,,,,,,,,,0.5,0.035381268709897995,,,,,,,57
,31.234375,,,,,,,,,,,,,,,,0.5088,0.046209219843149185,,,,,,,58
,31.234375,,,,,,,,,,,,,,,,0.5175,0.04351624473929405,,,,,,,59
,31.234375,,,,,,,,,,,,,,,,0.5263,0.05117166042327881,,,,,,,60
,31.234375,,,,,,,,,,,,,,,,0.5351,0.050691068172454834,,,,,,,61
,31.234375,,,,,,,,,,,,,,,,0.5439,0.0338270403444767,,,,,,,62
,31.234375,,,,,,,,,,,,,,,,0.5526,0.04839353635907173,,,,,,,63
,31.234375,,,,,,,,,,,,,,,,0.5614,0.05507807806134224,,,,,,,64
,31.234375,,,,,,,,,,,,,,,,0.5702,0.034462470561265945,,,,,,,65
,31.234375,,,,,,,,,,,,,,,,0.5789,0.037863802164793015,,,,,,,66
,31.234375,,,,,,,,,,,,,,,,0.5877,0.04580084607005119,,,,,,,67
,31.234375,,,,,,,,,,,,,,,,0.5965,0.03755420073866844,,,,,,,68
,31.234375,,,,,,,,,,,,,,,,0.6053,0.04086934030056,,,,,,,69
,31.234375,,,,,,,,,,,,,,,,0.614,0.042753588408231735,,,,,,,70
,31.234375,,,,,,,,,,,,,,,,0.6228,0.0392472967505455,,,,,,,71
,31.234375,,,,,,,,,,,,,,,,0.6316,0.04574734345078468,,,,,,,72
,31.234375,,,,,,,,,,,,,,,,0.6404,0.03948771208524704,,,,,,,73
,31.234375,,,,,,,,,,,,,,,,0.6491,0.04705364257097244,,,,,,,74
,31.234375,,,,,,,,,,,,,,,,0.6579,0.046039145439863205,,,,,,,75
,31.234375,,,,,,,,,,,,,,,,0.6667,0.038635045289993286,,,,,,,76
,31.234375,,,,,,,,,,,,,,,,0.6754,0.045816484838724136,,,,,,,77
,31.234375,,,,,,,,,,,,,,,,0.6842,0.04174939915537834,,,,,,,78
,31.234375,,,,,,,,,,,,,,,,0.693,0.03838833421468735,,,,,,,79
0.6055688277832331,31.234375,0.40182648397098236,0.525059665871059,0.3254437869822244,0.5145228215274931,0.5868830290736587,0.45804749340366974,0.5999999999504523,0.6650602409638233,0.5465346534653249,0.5875088214047262,0.6826568265682377,0.5156395168782745,0.5168354776409315,0.6202365308803798,0.4429845143125085,0.7018,0.03875988721847534,0.8617436874202228,0.8770364623739163,0.8469750889679557,0.7565445025678236,0.780553679945956,0.7339682539682306,80
,31.234375,,,,,,,,,,,,,,,,0.7105,0.04477287828922272,,,,,,,81
,31.234375,,,,,,,,,,,,,,,,0.7193,0.0394478403031826,,,,,,,82
,31.234375,,,,,,,,,,,,,,,,0.7281,0.03589138016104698,,,,,,,83
,31.234375,,,,,,,,,,,,,,,,0.7368,0.04582443833351135,,,,,,,84
,31.234375,,,,,,,,,,,,,,,,0.7456,0.03868703916668892,,,,,,,85
,31.234375,,,,,,,,,,,,,,,,0.7544,0.03905383124947548,,,,,,,86
,31.234375,,,,,,,,,,,,,,,,0.7632,0.04322100803256035,,,,,,,87
,31.234375,,,,,,,,,,,,,,,,0.7719,0.04143373295664787,,,,,,,88
,31.234375,,,,,,,,,,,,,,,,0.7807,0.0364450179040432,,,,,,,89
,31.234375,,,,,,,,,,,,,,,,0.7895,0.03475784510374069,,,,,,,90
,31.234375,,,,,,,,,,,,,,,,0.7982,0.034409016370773315,,,,,,,91
,31.234375,,,,,,,,,,,,,,,,0.807,0.04151612147688866,,,,,,,92
,31.234375,,,,,,,,,,,,,,,,0.8158,0.03729091212153435,,,,,,,93
,31.234375,,,,,,,,,,,,,,,,0.8246,0.03902280330657959,,,,,,,94
,31.234375,,,,,,,,,,,,,,,,0.8333,0.03315121307969093,,,,,,,95
,31.234375,,,,,,,,,,,,,,,,0.8421,0.03979560360312462,,,,,,,96
,31.234375,,,,,,,,,,,,,,,,0.8509,0.0310016181319952,,,,,,,97
,31.234375,,,,,,,,,,,,,,,,0.8596,0.040236081928014755,,,,,,,98
,31.234375,,,,,,,,,,,,,,,,0.8684,0.03316029533743858,,,,,,,99
,31.234375,,,,,,,,,,,,,,,,0.8772,0.039874494075775146,,,,,,,100
,31.234375,,,,,,,,,,,,,,,,0.886,0.04662362486124039,,,,,,,101
,31.234375,,,,,,,,,,,,,,,,0.8947,0.03230210766196251,,,,,,,102
,31.234375,,,,,,,,,,,,,,,,0.9035,0.04685002565383911,,,,,,,103
,31.234375,,,,,,,,,,,,,,,,0.9123,0.036385320127010345,,,,,,,104
,31.234375,,,,,,,,,,,,,,,,0.9211,0.03595975786447525,,,,,,,105
,31.234375,,,,,,,,,,,,,,,,0.9298,0.0379854291677475,,,,,,,106
,31.234375,,,,,,,,,,,,,,,,0.9386,0.03666369989514351,,,,,,,107
,31.234375,,,,,,,,,,,,,,,,0.9474,0.03465837240219116,,,,,,,108
,31.234375,,,,,,,,,,,,,,,,0.9561,0.03796299174427986,,,,,,,109
,31.234375,,,,,,,,,,,,,,,,0.9649,0.045095305889844894,,,,,,,110
,31.234375,,,,,,,,,,,,,,,,0.9737,0.041379500180482864,,,,,,,111
,31.234375,,,,,,,,,,,,,,,,0.9825,0.0278784092515707,,,,,,,112
,31.234375,,,,,,,,,,,,,,,,0.9912,0.04606374725699425,,,,,,,113
0.6809623801687757,31.234375,0.5149444918384265,0.6090909090908475,0.4460059171597303,0.6162695151513534,0.6406605922550888,0.5936675461741111,0.6516301004216375,0.6755952380952094,0.6293069306930443,0.7088043304706348,0.7293577981651137,0.6893775162588823,0.6442986881439937,0.6966721222039991,0.5992491787892726,1.0,0.03425122797489166,0.8673469387254976,0.8751191611057983,0.8597115564712332,0.763442596429887,0.7768649359184759,0.7504761904761666,114
,31.234375,,,,,,,,,,,,,,,,1.0088,0.03139345347881317,,,,,,,115
,31.234375,,,,,,,,,,,,,,,,1.0175,0.02678106538951397,,,,,,,116
,31.234375,,,,,,,,,,,,,,,,1.0263,0.031022707000374794,,,,,,,117
,31.234375,,,,,,,,,,,,,,,,1.0351,0.031908068805933,,,,,,,118
,31.234375,,,,,,,,,,,,,,,,1.0439,0.029528725892305374,,,,,,,119
0.6987385168159659,31.234375,0.5695897022834038,0.6243386243385692,0.5236686390532157,0.6249661521298003,0.641824249165704,0.608970976253266,0.6844336765096524,0.6981054365732826,0.6712871287128447,0.7226129082168984,0.7293375394321536,0.716011148962505,0.6289735500592248,0.6512562814070024,0.6081651806663253,1.0526,0.03113808110356331,0.8727918496555638,0.8710820895522225,0.8745083348941586,0.7878017788572177,0.7883026064843996,0.7873015873015623,120
,31.234375,,,,,,,,,,,,,,,,1.0614,0.02596236579120159,,,,,,,121
,31.234375,,,,,,,,,,,,,,,,1.0702,0.043271005153656006,,,,,,,122
,31.234375,,,,,,,,,,,,,,,,1.0789,0.0317143015563488,,,,,,,123
,31.234375,,,,,,,,,,,,,,,,1.0877,0.02815294824540615,,,,,,,124
,31.234375,,,,,,,,,,,,,,,,1.0965,0.02863563969731331,,,,,,,125
,31.234375,,,,,,,,,,,,,,,,1.1053,0.036925312131643295,,,,,,,126
,31.234375,,,,,,,,,,,,,,,,1.114,0.032984115183353424,,,,,,,127
,31.234375,,,,,,,,,,,,,,,,1.1228,0.025307996198534966,,,,,,,128
,31.234375,,,,,,,,,,,,,,,,1.1316,0.03177853301167488,,,,,,,129
,31.234375,,,,,,,,,,,,,,,,1.1404,0.033757977187633514,,,,,,,130
,31.234375,,,,,,,,,,,,,,,,1.1491,0.027985775843262672,,,,,,,131
,31.234375,,,,,,,,,,,,,,,,1.1579,0.03095913492143154,,,,,,,132
,31.234375,,,,,,,,,,,,,,,,1.1667,0.030336791649460793,,,,,,,133
,31.234375,,,,,,,,,,,,,,,,1.1754,0.03110588900744915,,,,,,,134
,31.234375,,,,,,,,,,,,,,,,1.1842,0.026120362803339958,,,,,,,135
,31.234375,,,,,,,,,,,,,,,,1.193,0.031516458839178085,,,,,,,136
,31.234375,,,,,,,,,,,,,,,,1.2018,0.029180992394685745,,,,,,,137
,31.234375,,,,,,,,,,,,,,,,1.2105,0.026535365730524063,,,,,,,138
,31.234375,,,,,,,,,,,,,,,,1.2193,0.028204292058944702,,,,,,,139
,31.234375,,,,,,,,,,,,,,,,1.2281,0.030175959691405296,,,,,,,140
,31.234375,,,,,,,,,,,,,,,,1.2368,0.026426726952195168,,,,,,,141
,31.234375,,,,,,,,,,,,,,,,1.2456,0.022820236161351204,,,,,,,142
,31.234375,,,,,,,,,,,,,,,,1.2544,0.023754233494400978,,,,,,,143
,31.234375,,,,,,,,,,,,,,,,1.2632,0.023134147748351097,,,,,,,144
,31.234375,,,,,,,,,,,,,,,,1.2719,0.029839033260941505,,,,,,,145
,31.234375,,,,,,,,,,,,,,,,1.2807,0.0244565661996603,,,,,,,146
,31.234375,,,,,,,,,,,,,,,,1.2895,0.024002861231565475,,,,,,,147
,31.234375,,,,,,,,,,,,,,,,1.2982,0.025644643232226372,,,,,,,148
,31.234375,,,,,,,,,,,,,,,,1.307,0.031534820795059204,,,,,,,149
,31.234375,,,,,,,,,,,,,,,,1.3158,0.024139896035194397,,,,,,,150
,31.234375,,,,,,,,,,,,,,,,1.3246,0.029673827812075615,,,,,,,151
,31.234375,,,,,,,,,,,,,,,,1.3333,0.025283509865403175,,,,,,,152
,31.234375,,,,,,,,,,,,,,,,1.3421,0.025524873286485672,,,,,,,153
,31.234375,,,,,,,,,,,,,,,,1.3509,0.02805413119494915,,,,,,,154
,31.234375,,,,,,,,,,,,,,,,1.3596,0.030194705352187157,,,,,,,155
,31.234375,,,,,,,,,,,,,,,,1.3684,0.02302153967320919,,,,,,,156
,31.234375,,,,,,,,,,,,,,,,1.3772,0.03361206874251366,,,,,,,157
,31.234375,,,,,,,,,,,,,,,,1.386,0.036069657653570175,,,,,,,158
,31.234375,,,,,,,,,,,,,,,,1.3947,0.0332161970436573,,,,,,,159
0.7316552493920936,31.234375,0.6141202838498471,0.6203773584905192,0.6079881656804283,0.6524633821070934,0.658602150537599,0.6464379947229211,0.7619614849608894,0.7639331210190778,0.7599999999999699,0.7362113995505335,0.7304878048780264,0.7420253948590665,0.7000695893723817,0.6922018348623535,0.7081182543406519,1.4035,0.02460652031004429,0.8668840241698268,0.8623054114158476,0.8715115190110344,0.7898765817340839,0.7776068901876106,0.802539682539657,160
,31.234375,,,,,,,,,,,,,,,,1.4123,0.027399560436606407,,,,,,,161
,31.234375,,,,,,,,,,,,,,,,1.4211,0.027447795495390892,,,,,,,162
,31.234375,,,,,,,,,,,,,,,,1.4298,0.02554604969918728,,,,,,,163
,31.234375,,,,,,,,,,,,,,,,1.4386,0.026780113577842712,,,,,,,164
,31.234375,,,,,,,,,,,,,,,,1.4474,0.024929320439696312,,,,,,,165
,31.234375,,,,,,,,,,,,,,,,1.4561,0.02872406877577305,,,,,,,166
,31.234375,,,,,,,,,,,,,,,,1.4649,0.025277281180024147,,,,,,,167
,31.234375,,,,,,,,,,,,,,,,1.4737,0.026955533772706985,,,,,,,168
,31.234375,,,,,,,,,,,,,,,,1.4825,0.020440664142370224,,,,,,,169
,31.234375,,,,,,,,,,,,,,,,1.4912,0.03696097061038017,,,,,,,170
,31.234375,,,,,,,,,,,,,,,,1.5,0.02627759985625744,,,,,,,171
,31.234375,,,,,,,,,,,,,,,,1.5088,0.03069975972175598,,,,,,,172
,31.234375,,,,,,,,,,,,,,,,1.5175,0.03214099258184433,,,,,,,173
,31.234375,,,,,,,,,,,,,,,,1.5263,0.03284076973795891,,,,,,,174
,31.234375,,,,,,,,,,,,,,,,1.5351,0.03321906924247742,,,,,,,175
,31.234375,,,,,,,,,,,,,,,,1.5439,0.027032269164919853,,,,,,,176
,31.234375,,,,,,,,,,,,,,,,1.5526,0.029378613457083702,,,,,,,177
,31.234375,,,,,,,,,,,,,,,,1.5614,0.03776787966489792,,,,,,,178
,31.234375,,,,,,,,,,,,,,,,1.5702,0.019971011206507683,,,,,,,179
,31.234375,,,,,,,,,,,,,,,,1.5789,0.029733916744589806,,,,,,,180
,31.234375,,,,,,,,,,,,,,,,1.5877,0.0259139034897089,,,,,,,181
,31.234375,,,,,,,,,,,,,,,,1.5965,0.03348585590720177,,,,,,,182
,31.234375,,,,,,,,,,,,,,,,1.6053,0.025667985901236534,,,,,,,183
,31.234375,,,,,,,,,,,,,,,,1.614,0.029250754043459892,,,,,,,184
,31.234375,,,,,,,,,,,,,,,,1.6228,0.029926126822829247,,,,,,,185
,31.234375,,,,,,,,,,,,,,,,1.6316,0.03159230947494507,,,,,,,186
,31.234375,,,,,,,,,,,,,,,,1.6404,0.02881764806807041,,,,,,,187
,31.234375,,,,,,,,,,,,,,,,1.6491,0.02335231378674507,,,,,,,188
,31.234375,,,,,,,,,,,,,,,,1.6579,0.03260362148284912,,,,,,,189
,31.234375,,,,,,,,,,,,,,,,1.6667,0.027440249919891357,,,,,,,190
,31.234375,,,,,,,,,,,,,,,,1.6754,0.02470449171960354,,,,,,,191
,31.234375,,,,,,,,,,,,,,,,1.6842,0.036703433841466904,,,,,,,192
,31.234375,,,,,,,,,,,,,,,,1.693,0.030160659924149513,,,,,,,193
,31.234375,,,,,,,,,,,,,,,,1.7018,0.020875340327620506,,,,,,,194
,31.234375,,,,,,,,,,,,,,,,1.7105,0.027487946674227715,,,,,,,195
,31.234375,,,,,,,,,,,,,,,,1.7193,0.04024220630526543,,,,,,,196
,31.234375,,,,,,,,,,,,,,,,1.7281,0.028543218970298767,,,,,,,197
,31.234375,,,,,,,,,,,,,,,,1.7368,0.02805759385228157,,,,,,,198
,31.234375,,,,,,,,,,,,,,,,1.7456,0.022894898429512978,,,,,,,199
0.7186741028896779,31.234375,0.6224066389541224,0.6351039260969488,0.6102071005916708,0.6004262119904626,0.606239913932189,0.5947229551450873,0.717034068086251,0.7257606490871916,0.7085148514851204,0.7561163255385307,0.7513761467889678,0.7609166924744267,0.673753838834922,0.6784015223596251,0.6691694040356326,1.7544,0.03031148388981819,0.878483625735852,0.8802181271154403,0.8767559468065016,0.7824980110876046,0.7843700159489383,0.7806349206348958,200
,31.234375,,,,,,,,,,,,,,,,1.7632,0.030137110501527786,,,,,,,201
,31.234375,,,,,,,,,,,,,,,,1.7719,0.031895168125629425,,,,,,,202
,31.234375,,,,,,,,,,,,,,,,1.7807,0.02175886742770672,,,,,,,203
,31.234375,,,,,,,,,,,,,,,,1.7895,0.031326405704021454,,,,,,,204
,31.234375,,,,,,,,,,,,,,,,1.7982,0.026431119069457054,,,,,,,205
,31.234375,,,,,,,,,,,,,,,,1.807,0.024300094693899155,,,,,,,206
,31.234375,,,,,,,,,,,,,,,,1.8158,0.027254436165094376,,,,,,,207
,31.234375,,,,,,,,,,,,,,,,1.8246,0.02746517024934292,,,,,,,208
,31.234375,,,,,,,,,,,,,,,,1.8333,0.03265242651104927,,,,,,,209
,31.234375,,,,,,,,,,,,,,,,1.8421,0.030883008614182472,,,,,,,210
,31.234375,,,,,,,,,,,,,,,,1.8509,0.03247169777750969,,,,,,,211
,31.234375,,,,,,,,,,,,,,,,1.8596,0.025753675028681755,,,,,,,212
,31.234375,,,,,,,,,,,,,,,,1.8684,0.028076112270355225,,,,,,,213
,31.234375,,,,,,,,,,,,,,,,1.8772,0.028262019157409668,,,,,,,214
,31.234375,,,,,,,,,,,,,,,,1.886,0.04040811210870743,,,,,,,215
,31.234375,,,,,,,,,,,,,,,,1.8947,0.03114328347146511,,,,,,,216
,31.234375,,,,,,,,,,,,,,,,1.9035,0.030964333564043045,,,,,,,217
,31.234375,,,,,,,,,,,,,,,,1.9123,0.022472063079476357,,,,,,,218
,31.234375,,,,,,,,,,,,,,,,1.9211,0.03211970999836922,,,,,,,219
,31.234375,,,,,,,,,,,,,,,,1.9298,0.031644195318222046,,,,,,,220
,31.234375,,,,,,,,,,,,,,,,1.9386,0.03153238072991371,,,,,,,221
,31.234375,,,,,,,,,,,,,,,,1.9474,0.03279980644583702,,,,,,,222
,31.234375,,,,,,,,,,,,,,,,1.9561,0.02858293615281582,,,,,,,223
,31.234375,,,,,,,,,,,,,,,,1.9649,0.026848075911402702,,,,,,,224
,31.234375,,,,,,,,,,,,,,,,1.9737,0.026848455891013145,,,,,,,225
,31.234375,,,,,,,,,,,,,,,,1.9825,0.03068051114678383,,,,,,,226
,31.234375,,,,,,,,,,,,,,,,1.9912,0.027385687455534935,,,,,,,227
0.7098084699857038,31.234375,0.595266746841606,0.6503067484662006,0.5488165680472966,0.6390270867383584,0.6709228090539366,0.6100263852242422,0.7210743801153536,0.7537796976241575,0.6910891089108637,0.6968685423121176,0.715871979098605,0.6788479405388455,0.6686004350479102,0.6894317048853096,0.6489910839980925,2.0,0.03281380608677864,0.8803168913958032,0.8865881458966397,0.8741337329087681,0.767505207448778,0.7748301520543263,0.7603174603174362,228
,31.234375,,,,,,,,,,,,,,,,2.0088,0.019817546010017395,,,,,,,229
,31.234375,,,,,,,,,,,,,,,,2.0175,0.020662588998675346,,,,,,,230
,31.234375,,,,,,,,,,,,,,,,2.0263,0.01856686919927597,,,,,,,231
,31.234375,,,,,,,,,,,,,,,,2.0351,0.02146059088408947,,,,,,,232
,31.234375,,,,,,,,,,,,,,,,2.0439,0.020176546648144722,,,,,,,233
,31.234375,,,,,,,,,,,,,,,,2.0526,0.02348950505256653,,,,,,,234
,31.234375,,,,,,,,,,,,,,,,2.0614,0.017776459455490112,,,,,,,235
,31.234375,,,,,,,,,,,,,,,,2.0702,0.01813322864472866,,,,,,,236
,31.234375,,,,,,,,,,,,,,,,2.0789,0.02564415894448757,,,,,,,237
,31.234375,,,,,,,,,,,,,,,,2.0877,0.021628541871905327,,,,,,,238
,31.234375,,,,,,,,,,,,,,,,2.0965,0.021624742075800896,,,,,,,239
0.7513056284749728,31.234375,0.6651802303475733,0.6684092606422204,0.6619822485206611,0.6693248271695312,0.6743438671665413,0.6643799472295163,0.7578484302639117,0.7653473344103083,0.7504950495049207,0.7767650238955965,0.7749691738594089,0.7785692164756649,0.7204476567464243,0.7159406858201707,0.7250117315813831,2.1053,0.01952660083770752,0.8692592592092495,0.8595495330525388,0.87919085971154,0.800313971692524,0.7916149068322735,0.8092063492063235,240
,31.234375,,,,,,,,,,,,,,,,2.114,0.02205716259777546,,,,,,,241
,31.234375,,,,,,,,,,,,,,,,2.1228,0.02091226354241371,,,,,,,242
,31.234375,,,,,,,,,,,,,,,,2.1316,0.01758216693997383,,,,,,,243
,31.234375,,,,,,,,,,,,,,,,2.1404,0.020186062902212143,,,,,,,244
,31.234375,,,,,,,,,,,,,,,,2.1491,0.021167093887925148,,,,,,,245
,31.234375,,,,,,,,,,,,,,,,2.1579,0.027328258380293846,,,,,,,246
,31.234375,,,,,,,,,,,,,,,,2.1667,0.02180580049753189,,,,,,,247
,31.234375,,,,,,,,,,,,,,,,2.1754,0.016086027026176453,,,,,,,248
,31.234375,,,,,,,,,,,,,,,,2.1842,0.01729973964393139,,,,,,,249
,31.234375,,,,,,,,,,,,,,,,2.193,0.021097930148243904,,,,,,,250
,31.234375,,,,,,,,,,,,,,,,2.2018,0.013792875222861767,,,,,,,251
,31.234375,,,,,,,,,,,,,,,,2.2105,0.020284919068217278,,,,,,,252
,31.234375,,,,,,,,,,,,,,,,2.2193,0.024332154542207718,,,,,,,253
,31.234375,,,,,,,,,,,,,,,,2.2281,0.017999405041337013,,,,,,,254
,31.234375,,,,,,,,,,,,,,,,2.2368,0.02544754184782505,,,,,,,255
,31.234375,,,,,,,,,,,,,,,,2.2456,0.021729670464992523,,,,,,,256
,31.234375,,,,,,,,,,,,,,,,2.2544,0.020358538255095482,,,,,,,257
,31.234375,,,,,,,,,,,,,,,,2.2632,0.02919693849980831,,,,,,,258
,31.234375,,,,,,,,,,,,,,,,2.2719,0.01723833754658699,,,,,,,259
,31.234375,,,,,,,,,,,,,,,,2.2807,0.022707736119627953,,,,,,,260
,31.234375,,,,,,,,,,,,,,,,2.2895,0.01889355294406414,,,,,,,261
,31.234375,,,,,,,,,,,,,,,,2.2982,0.015437424182891846,,,,,,,262
,31.234375,,,,,,,,,,,,,,,,2.307,0.01622011326253414,,,,,,,263
,31.234375,,,,,,,,,,,,,,,,2.3158,0.021547924727201462,,,,,,,264
,31.234375,,,,,,,,,,,,,,,,2.3246,0.018985476344823837,,,,,,,265
,31.234375,,,,,,,,,,,,,,,,2.3333,0.028369231149554253,,,,,,,266
,31.234375,,,,,,,,,,,,,,,,2.3421,0.017803488299250603,,,,,,,267
,31.234375,,,,,,,,,,,,,,,,2.3509,0.019850773736834526,,,,,,,268
,31.234375,,,,,,,,,,,,,,,,2.3596,0.021067995578050613,,,,,,,269
,31.234375,,,,,,,,,,,,,,,,2.3684,0.01691564917564392,,,,,,,270
,31.234375,,,,,,,,,,,,,,,,2.3772,0.016011176630854607,,,,,,,271
,31.234375,,,,,,,,,,,,,,,,2.386,0.024621639400720596,,,,,,,272
,31.234375,,,,,,,,,,,,,,,,2.3947,0.021628549322485924,,,,,,,273
,31.234375,,,,,,,,,,,,,,,,2.4035,0.017565656453371048,,,,,,,274
,31.234375,,,,,,,,,,,,,,,,2.4123,0.018185509368777275,,,,,,,275
,31.234375,,,,,,,,,,,,,,,,2.4211,0.018491996452212334,,,,,,,276
,31.234375,,,,,,,,,,,,,,,,2.4298,0.020039154216647148,,,,,,,277
,31.234375,,,,,,,,,,,,,,,,2.4386,0.018790295347571373,,,,,,,278
,31.234375,,,,,,,,,,,,,,,,2.4474,0.023337477818131447,,,,,,,279
0.7438504948187271,31.234375,0.6189889025399652,0.6965772432931825,0.5569526627218523,0.6685299049249843,0.7106357694592567,0.6311345646437662,0.7680798004488436,0.808045474420603,0.7318811881187829,0.7546378447637425,0.787542087542061,0.7243728708578283,0.7197436528956185,0.7580477673935224,0.6851243547629899,2.4561,0.02425863780081272,0.8850226928395493,0.8936413977467845,0.8765686458138063,0.7919506653183862,0.8100929614873569,0.77460317460315,280
,31.234375,,,,,,,,,,,,,,,,2.4649,0.02160661295056343,,,,,,,281
,31.234375,,,,,,,,,,,,,,,,2.4737,0.02165285125374794,,,,,,,282
,31.234375,,,,,,,,,,,,,,,,2.4825,0.020813001319766045,,,,,,,283
,31.234375,,,,,,,,,,,,,,,,2.4912,0.024743471294641495,,,,,,,284
,31.234375,,,,,,,,,,,,,,,,2.5,0.025172114372253418,,,,,,,285
,31.234375,,,,,,,,,,,,,,,,2.5088,0.020823732018470764,,,,,,,286
,31.234375,,,,,,,,,,,,,,,,2.5175,0.02131343074142933,,,,,,,287
,31.234375,,,,,,,,,,,,,,,,2.5263,0.01870645396411419,,,,,,,288
,31.234375,,,,,,,,,,,,,,,,2.5351,0.022857433184981346,,,,,,,289
,31.234375,,,,,,,,,,,,,,,,2.5439,0.023853342980146408,,,,,,,290
,31.234375,,,,,,,,,,,,,,,,2.5526,0.022883731871843338,,,,,,,291
,31.234375,,,,,,,,,,,,,,,,2.5614,0.021892428398132324,,,,,,,292
,31.234375,,,,,,,,,,,,,,,,2.5702,0.02116173319518566,,,,,,,293
,31.234375,,,,,,,,,,,,,,,,2.5789,0.02360895834863186,,,,,,,294
,31.234375,,,,,,,,,,,,,,,,2.5877,0.02613845467567444,,,,,,,295
,31.234375,,,,,,,,,,,,,,,,2.5965,0.01934867538511753,,,,,,,296
,31.234375,,,,,,,,,,,,,,,,2.6053,0.018360141664743423,,,,,,,297
,31.234375,,,,,,,,,,,,,,,,2.614,0.017172425985336304,,,,,,,298
,31.234375,,,,,,,,,,,,,,,,2.6228,0.014152118936181068,,,,,,,299
,31.234375,,,,,,,,,,,,,,,,2.6316,0.024293242022395134,,,,,,,300
,31.234375,,,,,,,,,,,,,,,,2.6404,0.018002748489379883,,,,,,,301
,31.234375,,,,,,,,,,,,,,,,2.6491,0.021570991724729538,,,,,,,302
,31.234375,,,,,,,,,,,,,,,,2.6579,0.01730464957654476,,,,,,,303
,31.234375,,,,,,,,,,,,,,,,2.6667,0.02598753571510315,,,,,,,304
,31.234375,,,,,,,,,,,,,,,,2.6754,0.01764785125851631,,,,,,,305
,31.234375,,,,,,,,,,,,,,,,2.6842,0.02501869760453701,,,,,,,306
,31.234375,,,,,,,,,,,,,,,,2.693,0.027769094333052635,,,,,,,307
,31.234375,,,,,,,,,,,,,,,,2.7018,0.02083268202841282,,,,,,,308
,31.234375,,,,,,,,,,,,,,,,2.7105,0.02021670900285244,,,,,,,309
,31.234375,,,,,,,,,,,,,,,,2.7193,0.02555074170231819,,,,,,,310
,31.234375,,,,,,,,,,,,,,,,2.7281,0.018695015460252762,,,,,,,311
,31.234375,,,,,,,,,,,,,,,,2.7368,0.02196693979203701,,,,,,,312
,31.234375,,,,,,,,,,,,,,,,2.7456,0.022580699995160103,,,,,,,313
,31.234375,,,,,,,,,,,,,,,,2.7544,0.023087507113814354,,,,,,,314
,31.234375,,,,,,,,,,,,,,,,2.7632,0.023224851116538048,,,,,,,315
,31.234375,,,,,,,,,,,,,,,,2.7719,0.019725512713193893,,,,,,,316
,31.234375,,,,,,,,,,,,,,,,2.7807,0.022479569539427757,,,,,,,317
,31.234375,,,,,,,,,,,,,,,,2.7895,0.027581071481108665,,,,,,,318
,31.234375,,,,,,,,,,,,,,,,2.7982,0.016959086060523987,,,,,,,319
0.7584499764119262,31.234375,0.6589237320445225,0.6913078797724864,0.6294378698224387,0.6784164858502183,0.6977133296151312,0.6601583113456115,0.7876070117722694,0.8114237715245354,0.7651485148514549,0.7616515482765374,0.7693522906792806,0.7541034375967558,0.7416587225429228,0.7535108958837408,0.73017362740494,2.807,0.023973796516656876,0.8905439803402938,0.896545178435822,0.8846225884997024,0.7903483540567203,0.7956885456885201,0.7850793650793402,320
,31.234375,,,,,,,,,,,,,,,,2.8158,0.02009778656065464,,,,,,,321
,31.234375,,,,,,,,,,,,,,,,2.8246,0.02423463575541973,,,,,,,322
,31.234375,,,,,,,,,,,,,,,,2.8333,0.022019153460860252,,,,,,,323
,31.234375,,,,,,,,,,,,,,,,2.8421,0.01883949153125286,,,,,,,324
,31.234375,,,,,,,,,,,,,,,,2.8509,0.020521121099591255,,,,,,,325
,31.234375,,,,,,,,,,,,,,,,2.8596,0.023145316168665886,,,,,,,326
,31.234375,,,,,,,,,,,,,,,,2.8684,0.02345619536936283,,,,,,,327
,31.234375,,,,,,,,,,,,,,,,2.8772,0.017929308116436005,,,,,,,328
,31.234375,,,,,,,,,,,,,,,,2.886,0.019519472494721413,,,,,,,329
,31.234375,,,,,,,,,,,,,,,,2.8947,0.024493232369422913,,,,,,,330
,31.234375,,,,,,,,,,,,,,,,2.9035,0.02479758858680725,,,,,,,331
,31.234375,,,,,,,,,,,,,,,,2.9123,0.016556616872549057,,,,,,,332
,31.234375,,,,,,,,,,,,,,,,2.9211,0.023336807265877724,,,,,,,333
,31.234375,,,,,,,,,,,,,,,,2.9298,0.022545544430613518,,,,,,,334
,31.234375,,,,,,,,,,,,,,,,2.9386,0.021155906841158867,,,,,,,335
,31.234375,,,,,,,,,,,,,,,,2.9474,0.022365309298038483,,,,,,,336
,31.234375,,,,,,,,,,,,,,,,2.9561,0.021016856655478477,,,,,,,337
,31.234375,,,,,,,,,,,,,,,,2.9649,0.02293517254292965,,,,,,,338
,31.234375,,,,,,,,,,,,,,,,2.9737,0.01898958347737789,,,,,,,339
,31.234375,,,,,,,,,,,,,,,,2.9825,0.0237338375300169,,,,,,,340
,31.234375,,,,,,,,,,,,,,,,2.9912,0.022372255101799965,,,,,,,341
0.7528256852859389,31.234375,0.6588855421186415,0.6710122699385989,0.6471893491123781,0.6843243242743169,0.7013850415512076,0.6680738786279331,0.7499999999500089,0.7716799329702232,0.7295049504950206,0.7713618676542574,0.7753441802252573,0.7674202539485672,0.7267579046219825,0.7308970099667427,0.7226654152979483,3.0,0.020548304542899132,0.8766866566216478,0.8771798237389672,0.8761940438284159,0.8017635017607163,0.795376444860956,0.8082539682539426,342
,31.234375,,,,,,,,,,,,,,,,3.0088,0.01464814879000187,,,,,,,343
,31.234375,,,,,,,,,,,,,,,,3.0175,0.014712551608681679,,,,,,,344
,31.234375,,,,,,,,,,,,,,,,3.0263,0.013169191777706146,,,,,,,345
,31.234375,,,,,,,,,,,,,,,,3.0351,0.010815558955073357,,,,,,,346
,31.234375,,,,,,,,,,,,,,,,3.0439,0.012213969603180885,,,,,,,347
,31.234375,,,,,,,,,,,,,,,,3.0526,0.012951621785759926,,,,,,,348
,31.234375,,,,,,,,,,,,,,,,3.0614,0.01761484146118164,,,,,,,349
,31.234375,,,,,,,,,,,,,,,,3.0702,0.012608878314495087,,,,,,,350
,31.234375,,,,,,,,,,,,,,,,3.0789,0.01626637578010559,,,,,,,351
,31.234375,,,,,,,,,,,,,,,,3.0877,0.013911574147641659,,,,,,,352
,31.234375,,,,,,,,,,,,,,,,3.0965,0.012893030419945717,,,,,,,353
,32.212890625,,,,,,,,,,,,,,,,3.1053,0.016204193234443665,,,,,,,354
,32.212890625,,,,,,,,,,,,,,,,3.114,0.011500963009893894,,,,,,,355
,32.212890625,,,,,,,,,,,,,,,,3.1228,0.015333677642047405,,,,,,,356
,32.212890625,,,,,,,,,,,,,,,,3.1316,0.015104110352694988,,,,,,,357
,32.212890625,,,,,,,,,,,,,,,,3.1404,0.015829242765903473,,,,,,,358
,32.212890625,,,,,,,,,,,,,,,,3.1491,0.012054766528308392,,,,,,,359
0.7447709456107542,32.212890625,0.622641509383936,0.6355932203389341,0.6102071005916708,0.6884635831503914,0.6936261381895719,0.6833773087070879,0.7625124625621355,0.7678714859437442,0.7572277227722473,0.764669926600352,0.7547511312216967,0.774852895633299,0.7030923040652934,0.696774193548355,0.7095260441107129,3.1579,0.012175863608717918,0.8770522387559545,0.8736294369076217,0.8805019666604068,0.7949645947572173,0.788143525741005,0.8019047619047365,360
,32.212890625,,,,,,,,,,,,,,,,3.1667,0.01646859385073185,,,,,,,361
,32.212890625,,,,,,,,,,,,,,,,3.1754,0.016053566709160805,,,,,,,362
,32.212890625,,,,,,,,,,,,,,,,3.1842,0.01634242944419384,,,,,,,363
,32.212890625,,,,,,,,,,,,,,,,3.193,0.020796626806259155,,,,,,,364
,32.212890625,,,,,,,,,,,,,,,,3.2018,0.017665507271885872,,,,,,,365
,32.212890625,,,,,,,,,,,,,,,,3.2105,0.012150275520980358,,,,,,,366
,32.212890625,,,,,,,,,,,,,,,,3.2193,0.016058912500739098,,,,,,,367
,32.212890625,,,,,,,,,,,,,,,,3.2281,0.01849096082150936,,,,,,,368
,32.212890625,,,,,,,,,,,,,,,,3.2368,0.011886774562299252,,,,,,,369
,32.212890625,,,,,,,,,,,,,,,,3.2456,0.015925483778119087,,,,,,,370
,32.212890625,,,,,,,,,,,,,,,,3.2544,0.0155678391456604,,,,,,,371
,32.212890625,,,,,,,,,,,,,,,,3.2632,0.018265794962644577,,,,,,,372
,32.212890625,,,,,,,,,,,,,,,,3.2719,0.01444295234978199,,,,,,,373
,32.212890625,,,,,,,,,,,,,,,,3.2807,0.01785668544471264,,,,,,,374
,32.212890625,,,,,,,,,,,,,,,,3.2895,0.01749134063720703,,,,,,,375
,32.212890625,,,,,,,,,,,,,,,,3.2982,0.016321370378136635,,,,,,,376
,32.212890625,,,,,,,,,,,,,,,,3.307,0.014293651096522808,,,,,,,377
,32.212890625,,,,,,,,,,,,,,,,3.3158,0.01262886542826891,,,,,,,378
,32.212890625,,,,,,,,,,,,,,,,3.3246,0.014232444576919079,,,,,,,379
,32.212890625,,,,,,,,,,,,,,,,3.3333,0.011932499706745148,,,,,,,380
,32.212890625,,,,,,,,,,,,,,,,3.3421,0.011845843866467476,,,,,,,381
,32.212890625,,,,,,,,,,,,,,,,3.3509,0.01142182108014822,,,,,,,382
,32.212890625,,,,,,,,,,,,,,,,3.3596,0.008983083069324493,,,,,,,383
,32.212890625,,,,,,,,,,,,,,,,3.3684,0.016205405816435814,,,,,,,384
,32.212890625,,,,,,,,,,,,,,,,3.3772,0.0175482127815485,,,,,,,385
,32.212890625,,,,,,,,,,,,,,,,3.386,0.013550232164561749,,,,,,,386
,32.212890625,,,,,,,,,,,,,,,,3.3947,0.01617719978094101,,,,,,,387
,32.212890625,,,,,,,,,,,,,,,,3.4035,0.020453229546546936,,,,,,,388
,32.212890625,,,,,,,,,,,,,,,,3.4123,0.019133811816573143,,,,,,,389
,32.212890625,,,,,,,,,,,,,,,,3.4211,0.011253923177719116,,,,,,,390
,32.212890625,,,,,,,,,,,,,,,,3.4298,0.013435125350952148,,,,,,,391
,32.212890625,,,,,,,,,,,,,,,,3.4386,0.016136905178427696,,,,,,,392
,32.212890625,,,,,,,,,,,,,,,,3.4474,0.016583416610956192,,,,,,,393
,32.212890625,,,,,,,,,,,,,,,,3.4561,0.015208992175757885,,,,,,,394
,32.212890625,,,,,,,,,,,,,,,,3.4649,0.01860678941011429,,,,,,,395
,32.212890625,,,,,,,,,,,,,,,,3.4737,0.016858994960784912,,,,,,,396
,32.212890625,,,,,,,,,,,,,,,,3.4825,0.013323182240128517,,,,,,,397
,32.212890625,,,,,,,,,,,,,,,,3.4912,0.014860947616398335,,,,,,,398
,32.212890625,,,,,,,,,,,,,,,,3.5,0.01188598945736885,,,,,,,399
0.7649737490928803,32.212890625,0.6659292034897742,0.6639705882352452,0.6678994082839742,0.6955161626194183,0.6872746007212422,0.7039577836411238,0.7933688572619881,0.7907159716758146,0.7960396039603646,0.781202319144372,0.769924812030052,0.7928151130380677,0.7429895712130091,0.7339743589743254,0.7522290004692279,3.5088,0.013448509387671947,0.8798658967650345,0.8749768475643476,0.8848098894923977,0.7959442331565656,0.7944339025932703,0.7974603174602921,400
,32.212890625,,,,,,,,,,,,,,,,3.5175,0.014582338742911816,,,,,,,401
,32.212890625,,,,,,,,,,,,,,,,3.5263,0.014500963501632214,,,,,,,402
,32.212890625,,,,,,,,,,,,,,,,3.5351,0.015930823981761932,,,,,,,403
,32.212890625,,,,,,,,,,,,,,,,3.5439,0.013919052667915821,,,,,,,404
,32.212890625,,,,,,,,,,,,,,,,3.5526,0.01164172776043415,,,,,,,405
,32.212890625,,,,,,,,,,,,,,,,3.5614,0.02315141260623932,,,,,,,406
,32.212890625,,,,,,,,,,,,,,,,3.5702,0.016174467280507088,,,,,,,407
,32.212890625,,,,,,,,,,,,,,,,3.5789,0.015960615128278732,,,,,,,408
,32.212890625,,,,,,,,,,,,,,,,3.5877,0.014447090215981007,,,,,,,409
,32.212890625,,,,,,,,,,,,,,,,3.5965,0.016563206911087036,,,,,,,410
,32.212890625,,,,,,,,,,,,,,,,3.6053,0.015558138489723206,,,,,,,411
,32.212890625,,,,,,,,,,,,,,,,3.614,0.015894761309027672,,,,,,,412
,32.212890625,,,,,,,,,,,,,,,,3.6228,0.017184549942612648,,,,,,,413
,32.212890625,,,,,,,,,,,,,,,,3.6316,0.017467176541686058,,,,,,,414
,32.212890625,,,,,,,,,,,,,,,,3.6404,0.013786650262773037,,,,,,,415
,32.212890625,,,,,,,,,,,,,,,,3.6491,0.013400881551206112,,,,,,,416
,32.212890625,,,,,,,,,,,,,,,,3.6579,0.013829630799591541,,,,,,,417
,32.212890625,,,,,,,,,,,,,,,,3.6667,0.014624252915382385,,,,,,,418
,32.212890625,,,,,,,,,,,,,,,,3.6754,0.012664916925132275,,,,,,,419
,32.212890625,,,,,,,,,,,,,,,,3.6842,0.013539448380470276,,,,,,,420
,32.212890625,,,,,,,,,,,,,,,,3.693,0.016674811020493507,,,,,,,421
,32.212890625,,,,,,,,,,,,,,,,3.7018,0.015316619537770748,,,,,,,422
,32.212890625,,,,,,,,,,,,,,,,3.7105,0.016371672973036766,,,,,,,423
,32.212890625,,,,,,,,,,,,,,,,3.7193,0.017750205472111702,,,,,,,424
,32.212890625,,,,,,,,,,,,,,,,3.7281,0.013072137720882893,,,,,,,425
,32.212890625,,,,,,,,,,,,,,,,3.7368,0.014864610508084297,,,,,,,426
,32.212890625,,,,,,,,,,,,,,,,3.7456,0.021921543404459953,,,,,,,427
,32.212890625,,,,,,,,,,,,,,,,3.7544,0.016520673409104347,,,,,,,428
,32.212890625,,,,,,,,,,,,,,,,3.7632,0.015568122267723083,,,,,,,429
,32.212890625,,,,,,,,,,,,,,,,3.7719,0.01880456507205963,,,,,,,430
,32.212890625,,,,,,,,,,,,,,,,3.7807,0.01836668699979782,,,,,,,431
,32.212890625,,,,,,,,,,,,,,,,3.7895,0.01870718039572239,,,,,,,432
,32.212890625,,,,,,,,,,,,,,,,3.7982,0.014703190885484219,,,,,,,433
,32.212890625,,,,,,,,,,,,,,,,3.807,0.019076047465205193,,,,,,,434
,32.212890625,,,,,,,,,,,,,,,,3.8158,0.01543839555233717,,,,,,,435
,32.212890625,,,,,,,,,,,,,,,,3.8246,0.01742507889866829,,,,,,,436
,32.212890625,,,,,,,,,,,,,,,,3.8333,0.019258635118603706,,,,,,,437
,32.212890625,,,,,,,,,,,,,,,,3.8421,0.018340138718485832,,,,,,,438
,32.212890625,,,,,,,,,,,,,,,,3.8509,0.015614199452102184,,,,,,,439
0.7546763989909319,32.212890625,0.6534798534298101,0.6473149492016946,0.6597633136094186,0.7027308191957474,0.6928205128204773,0.7129287598944215,0.7612980290162662,0.7654123298638604,0.7572277227722473,0.7705521471892446,0.7632938316620855,0.7779498296686039,0.7175785796938579,0.7121072088724255,0.7231346785546352,3.8596,0.014977768063545227,0.8833691287201773,0.88081936685287,0.8859336954485693,0.79372623569142,0.7922201138519673,0.79523809523807,440
,32.212890625,,,,,,,,,,,,,,,,3.8684,0.015090197324752808,,,,,,,441
,32.212890625,,,,,,,,,,,,,,,,3.8772,0.013827855698764324,,,,,,,442
,32.212890625,,,,,,,,,,,,,,,,3.886,0.012199345044791698,,,,,,,443
,32.212890625,,,,,,,,,,,,,,,,3.8947,0.017706526443362236,,,,,,,444
,32.212890625,,,,,,,,,,,,,,,,3.9035,0.016188129782676697,,,,,,,445
,32.212890625,,,,,,,,,,,,,,,,3.9123,0.016671907156705856,,,,,,,446
,32.212890625,,,,,,,,,,,,,,,,3.9211,0.01758386753499508,,,,,,,447
,32.212890625,,,,,,,,,,,,,,,,3.9298,0.01655787043273449,,,,,,,448
,32.212890625,,,,,,,,,,,,,,,,3.9386,0.018391622230410576,,,,,,,449
,32.212890625,,,,,,,,,,,,,,,,3.9474,0.01562695950269699,,,,,,,450
,32.212890625,,,,,,,,,,,,,,,,3.9561,0.010043253190815449,,,,,,,451
,32.212890625,,,,,,,,,,,,,,,,3.9649,0.024268969893455505,,,,,,,452
,32.212890625,,,,,,,,,,,,,,,,3.9737,0.02071395516395569,,,,,,,453
,32.212890625,,,,,,,,,,,,,,,,3.9825,0.02339211106300354,,,,,,,454
,32.212890625,,,,,,,,,,,,,,,,3.9912,0.016841823235154152,,,,,,,455
0.7401609777180678,32.212890625,0.6799999999500834,0.6468624833110382,0.7167159763313079,0.6671698112708294,0.6374999999999693,0.699736147757219,0.7322957197943447,0.7196940726577162,0.7453465346534358,0.737296975065531,0.7105112004594856,0.7661814803344451,0.711796246598876,0.679317697228116,0.7475363679023581,4.0,0.011967423371970654,0.8615187086807466,0.8440251572326892,0.8797527626896258,0.7910493826660635,0.7696696696696466,0.8136507936507678,456
,32.212890625,,,,,,,,,,,,,,,,4.0088,0.010683330707252026,,,,,,,457
,32.212890625,,,,,,,,,,,,,,,,4.0175,0.01548893190920353,,,,,,,458
,32.212890625,,,,,,,,,,,,,,,,4.0263,0.012472499161958694,,,,,,,459
,32.212890625,,,,,,,,,,,,,,,,4.0351,0.010180458426475525,,,,,,,460
,32.212890625,,,,,,,,,,,,,,,,4.0439,0.011664529331028461,,,,,,,461
,32.212890625,,,,,,,,,,,,,,,,4.0526,0.014245656318962574,,,,,,,462
,32.212890625,,,,,,,,,,,,,,,,4.0614,0.012248626910150051,,,,,,,463
,32.212890625,,,,,,,,,,,,,,,,4.0702,0.015036429278552532,,,,,,,464
,32.212890625,,,,,,,,,,,,,,,,4.0789,0.008930377662181854,,,,,,,465
,32.212890625,,,,,,,,,,,,,,,,4.0877,0.01319111604243517,,,,,,,466
,32.212890625,,,,,,,,,,,,,,,,4.0965,0.009790576063096523,,,,,,,467
,32.212890625,,,,,,,,,,,,,,,,4.1053,0.011819749139249325,,,,,,,468
,32.212890625,,,,,,,,,,,,,,,,4.114,0.0137179559096694,,,,,,,469
,32.212890625,,,,,,,,,,,,,,,,4.1228,0.011939841322600842,,,,,,,470
,32.212890625,,,,,,,,,,,,,,,,4.1316,0.006729926448315382,,,,,,,471
,32.212890625,,,,,,,,,,,,,,,,4.1404,0.012755602598190308,,,,,,,472
,32.212890625,,,,,,,,,,,,,,,,4.1491,0.015376855619251728,,,,,,,473
,32.212890625,,,,,,,,,,,,,,,,4.1579,0.017358850687742233,,,,,,,474
,32.212890625,,,,,,,,,,,,,,,,4.1667,0.015886155888438225,,,,,,,475
,32.212890625,,,,,,,,,,,,,,,,4.1754,0.010925084352493286,,,,,,,476
,32.212890625,,,,,,,,,,,,,,,,4.1842,0.010398364625871181,,,,,,,477
,32.212890625,,,,,,,,,,,,,,,,4.193,0.012089367024600506,,,,,,,478
,32.212890625,,,,,,,,,,,,,,,,4.2018,0.013668916188180447,,,,,,,479
0.7284607160924497,32.212890625,0.6214371737760884,0.679543459174655,0.5724852071005494,0.6550243343333758,0.7158948685856873,0.603693931398385,0.7046894803050726,0.7550928021728948,0.6605940594059144,0.7440881113851319,0.7799660441425881,0.7113657479095475,0.7064475347163844,0.7658991228069756,0.6555607695917102,4.2105,0.012095731683075428,0.8710471501109438,0.8807198927819092,0.8615845663981858,0.796491228020151,0.8003205128204871,0.7926984126983875,480
,32.212890625,,,,,,,,,,,,,,,,4.2193,0.010091575793921947,,,,,,,481
,32.212890625,,,,,,,,,,,,,,,,4.2281,0.012590618804097176,,,,,,,482
,32.212890625,,,,,,,,,,,,,,,,4.2368,0.011043714359402657,,,,,,,483
,32.212890625,,,,,,,,,,,,,,,,4.2456,0.010549965314567089,,,,,,,484
,32.212890625,,,,,,,,,,,,,,,,4.2544,0.014688464812934399,,,,,,,485
,32.212890625,,,,,,,,,,,,,,,,4.2632,0.01232107449322939,,,,,,,486
,32.212890625,,,,,,,,,,,,,,,,4.2719,0.013045049272477627,,,,,,,487
,32.212890625,,,,,,,,,,,,,,,,4.2807,0.013461373746395111,,,,,,,488
,32.212890625,,,,,,,,,,,,,,,,4.2895,0.009222673252224922,,,,,,,489
,32.212890625,,,,,,,,,,,,,,,,4.2982,0.012203392572700977,,,,,,,490
,32.212890625,,,,,,,,,,,,,,,,4.307,0.011600776575505733,,,,,,,491
,32.212890625,,,,,,,,,,,,,,,,4.3158,0.012036324478685856,,,,,,,492
,32.212890625,,,,,,,,,,,,,,,,4.3246,0.018579304218292236,,,,,,,493
,32.212890625,,,,,,,,,,,,,,,,4.3333,0.008808517828583717,,,,,,,494
,32.212890625,,,,,,,,,,,,,,,,4.3421,0.01317154336720705,,,,,,,495
,32.212890625,,,,,,,,,,,,,,,,4.3509,0.010370628908276558,,,,,,,496
,32.212890625,,,,,,,,,,,,,,,,4.3596,0.01463268417865038,,,,,,,497
,32.212890625,,,,,,,,,,,,,,,,4.3684,0.01268385536968708,,,,,,,498
,32.212890625,,,,,,,,,,,,,,,,4.3772,0.010417431592941284,,,,,,,499
,32.212890625,,,,,,,,,,,,,,,,4.386,0.01297676283866167,,,,,,,500
,32.212890625,,,,,,,,,,,,,,,,4.3947,0.012042811140418053,,,,,,,501
,32.212890625,,,,,,,,,,,,,,,,4.4035,0.012460388243198395,,,,,,,502
,32.212890625,,,,,,,,,,,,,,,,4.4123,0.010319920256733894,,,,,,,503
,32.212890625,,,,,,,,,,,,,,,,4.4211,0.013048166409134865,,,,,,,504
,32.212890625,,,,,,,,,,,,,,,,4.4298,0.010892491787672043,,,,,,,505
,32.212890625,,,,,,,,,,,,,,,,4.4386,0.015232390724122524,,,,,,,506
,32.212890625,,,,,,,,,,,,,,,,4.4474,0.013786623254418373,,,,,,,507
,32.212890625,,,,,,,,,,,,,,,,4.4561,0.007550625596195459,,,,,,,508
,32.212890625,,,,,,,,,,,,,,,,4.4649,0.012085719034075737,,,,,,,509
,32.212890625,,,,,,,,,,,,,,,,4.4737,0.008169392123818398,,,,,,,510
,32.212890625,,,,,,,,,,,,,,,,4.4825,0.00973821897059679,,,,,,,511
,32.212890625,,,,,,,,,,,,,,,,4.4912,0.011193585582077503,,,,,,,512
,32.212890625,,,,,,,,,,,,,,,,4.5,0.009209336712956429,,,,,,,513
,32.212890625,,,,,,,,,,,,,,,,4.5088,0.01023094356060028,,,,,,,514
,32.212890625,,,,,,,,,,,,,,,,4.5175,0.010670281015336514,,,,,,,515
,32.212890625,,,,,,,,,,,,,,,,4.5263,0.013980666175484657,,,,,,,516
,32.212890625,,,,,,,,,,,,,,,,4.5351,0.012278683483600616,,,,,,,517
,32.212890625,,,,,,,,,,,,,,,,4.5439,0.01168257836252451,,,,,,,518
,32.212890625,,,,,,,,,,,,,,,,4.5526,0.007820774801075459,,,,,,,519
0.7592974393541544,32.212890625,0.6601650412102757,0.6697108066970571,0.6508875739644489,0.7186673717109352,0.7201907790142702,0.7171503957783263,0.7670957360722661,0.7793216183081005,0.7552475247524453,0.7703169124068404,0.7806041335452852,0.7602973056673658,0.7263306641044647,0.7290780141843627,0.7236039418113221,4.5614,0.010792604647576809,0.8786375970305488,0.8778982797307241,0.8793781607042352,0.7938687529437494,0.7985865724381369,0.7892063492063242,520
,32.212890625,,,,,,,,,,,,,,,,4.5702,0.010624026879668236,,,,,,,521
,32.212890625,,,,,,,,,,,,,,,,4.5789,0.011010563932359219,,,,,,,522
,32.212890625,,,,,,,,,,,,,,,,4.5877,0.012137061916291714,,,,,,,523
,32.212890625,,,,,,,,,,,,,,,,4.5965,0.01751045137643814,,,,,,,524
,32.212890625,,,,,,,,,,,,,,,,4.6053,0.00998073723167181,,,,,,,525
,32.212890625,,,,,,,,,,,,,,,,4.614,0.014205388724803925,,,,,,,526
,32.212890625,,,,,,,,,,,,,,,,4.6228,0.01090476755052805,,,,,,,527
,32.212890625,,,,,,,,,,,,,,,,4.6316,0.010878391563892365,,,,,,,528
,32.212890625,,,,,,,,,,,,,,,,4.6404,0.012521467171609402,,,,,,,529
,32.212890625,,,,,,,,,,,,,,,,4.6491,0.011246423237025738,,,,,,,530
,32.212890625,,,,,,,,,,,,,,,,4.6579,0.00894028227776289,,,,,,,531
,32.212890625,,,,,,,,,,,,,,,,4.6667,0.012418015860021114,,,,,,,532
,32.212890625,,,,,,,,,,,,,,,,4.6754,0.010263761505484581,,,,,,,533
,32.212890625,,,,,,,,,,,,,,,,4.6842,0.014330056495964527,,,,,,,534
,32.212890625,,,,,,,,,,,,,,,,4.693,0.01054653525352478,,,,,,,535
,32.212890625,,,,,,,,,,,,,,,,4.7018,0.009389037266373634,,,,,,,536
,32.212890625,,,,,,,,,,,,,,,,4.7105,0.014794114045798779,,,,,,,537
,32.212890625,,,,,,,,,,,,,,,,4.7193,0.012085058726370335,,,,,,,538
,32.212890625,,,,,,,,,,,,,,,,4.7281,0.0063049825839698315,,,,,,,539
,32.212890625,,,,,,,,,,,,,,,,4.7368,0.013672523200511932,,,,,,,540
,32.212890625,,,,,,,,,,,,,,,,4.7456,0.013787060976028442,,,,,,,541
,32.212890625,,,,,,,,,,,,,,,,4.7544,0.010478398762643337,,,,,,,542
,32.212890625,,,,,,,,,,,,,,,,4.7632,0.009107343852519989,,,,,,,543
,32.212890625,,,,,,,,,,,,,,,,4.7719,0.01568535529077053,,,,,,,544
,32.212890625,,,,,,,,,,,,,,,,4.7807,0.010041959583759308,,,,,,,545
,32.212890625,,,,,,,,,,,,,,,,4.7895,0.011449006386101246,,,,,,,546
,32.212890625,,,,,,,,,,,,,,,,4.7982,0.011737050488591194,,,,,,,547
,32.212890625,,,,,,,,,,,,,,,,4.807,0.012839431874454021,,,,,,,548
,32.212890625,,,,,,,,,,,,,,,,4.8158,0.009130059741437435,,,,,,,549
,32.212890625,,,,,,,,,,,,,,,,4.8246,0.013259253464639187,,,,,,,550
,32.212890625,,,,,,,,,,,,,,,,4.8333,0.012188159860670567,,,,,,,551
,32.212890625,,,,,,,,,,,,,,,,4.8421,0.009459537453949451,,,,,,,552
,32.212890625,,,,,,,,,,,,,,,,4.8509,0.010813827626407146,,,,,,,553
,32.212890625,,,,,,,,,,,,,,,,4.8596,0.017522115260362625,,,,,,,554
,32.212890625,,,,,,,,,,,,,,,,4.8684,0.011490394361317158,,,,,,,555
,32.212890625,,,,,,,,,,,,,,,,4.8772,0.013056382536888123,,,,,,,556
,32.212890625,,,,,,,,,,,,,,,,4.886,0.010908796451985836,,,,,,,557
,32.212890625,,,,,,,,,,,,,,,,4.8947,0.018266601487994194,,,,,,,558
,32.212890625,,,,,,,,,,,,,,,,4.9035,0.012468278408050537,,,,,,,559
0.7452592763245887,32.212890625,0.6524300441325744,0.6495601173020051,0.6553254437869338,0.7080615705213233,0.7002063983487771,0.7160949868073501,0.7063930544093255,0.7038930397168421,0.7089108910890808,0.7655604832043046,0.7561933534742974,0.7751625890368296,0.7155033401941671,0.702714932126665,0.728765837634879,4.9123,0.01647145487368107,0.871390101166442,0.8640883977900393,0.8788162577261495,0.797476340643983,0.7924764890281883,0.802539682539657,560
,32.212890625,,,,,,,,,,,,,,,,4.9211,0.013776937499642372,,,,,,,561
,32.212890625,,,,,,,,,,,,,,,,4.9298,0.013041126541793346,,,,,,,562
,32.212890625,,,,,,,,,,,,,,,,4.9386,0.013785011135041714,,,,,,,563
,32.212890625,,,,,,,,,,,,,,,,4.9474,0.011472965590655804,,,,,,,564
,32.212890625,,,,,,,,,,,,,,,,4.9561,0.012077278457581997,,,,,,,565
,32.212890625,,,,,,,,,,,,,,,,4.9649,0.01126893050968647,,,,,,,566
,32.212890625,,,,,,,,,,,,,,,,4.9737,0.00980817899107933,,,,,,,567
,32.212890625,,,,,,,,,,,,,,,,4.9825,0.015468931756913662,,,,,,,568
,32.212890625,,,,,,,,,,,,,,,,4.9912,0.013951095752418041,,,,,,,569
0.7599587567990245,32.212890625,0.658385093117661,0.6505415162454403,0.666420118343146,0.7184873949079466,0.7151071615263609,0.7218997361477192,0.7815591610105153,0.7809410834321557,0.7821782178217512,0.7803897308500687,0.7794253938832011,0.7813564571074394,0.7267670914911095,0.7179487179486851,0.7358047864851837,5.0,0.010589445009827614,0.8711201704308568,0.8619361936193461,0.8805019666604068,0.7830026557850138,0.77083974161794,0.7955555555555303,570
,32.212890625,,,,,,,,,,,,,,,,5.0088,0.01169599313288927,,,,,,,571
,32.212890625,,,,,,,,,,,,,,,,5.0175,0.008379155769944191,,,,,,,572
,32.212890625,,,,,,,,,,,,,,,,5.0263,0.009374705143272877,,,,,,,573
,32.212890625,,,,,,,,,,,,,,,,5.0351,0.008507683873176575,,,,,,,574
,32.212890625,,,,,,,,,,,,,,,,5.0439,0.009549099951982498,,,,,,,575
,32.212890625,,,,,,,,,,,,,,,,5.0526,0.005619199480861425,,,,,,,576
,32.212890625,,,,,,,,,,,,,,,,5.0614,0.014321965165436268,,,,,,,577
,32.212890625,,,,,,,,,,,,,,,,5.0702,0.008152816444635391,,,,,,,578
,32.212890625,,,,,,,,,,,,,,,,5.0789,0.00970124639570713,,,,,,,579
,32.212890625,,,,,,,,,,,,,,,,5.0877,0.006121429614722729,,,,,,,580
,32.212890625,,,,,,,,,,,,,,,,5.0965,0.007333879359066486,,,,,,,581
,32.212890625,,,,,,,,,,,,,,,,5.1053,0.007524837739765644,,,,,,,582
,32.212890625,,,,,,,,,,,,,,,,5.114,0.012085425667464733,,,,,,,583
,32.212890625,,,,,,,,,,,,,,,,5.1228,0.013087390922009945,,,,,,,584
,32.212890625,,,,,,,,,,,,,,,,5.1316,0.009073108434677124,,,,,,,585
,32.212890625,,,,,,,,,,,,,,,,5.1404,0.00669170031324029,,,,,,,586
,32.212890625,,,,,,,,,,,,,,,,5.1491,0.014206069521605968,,,,,,,587
,32.212890625,,,,,,,,,,,,,,,,5.1579,0.009386452846229076,,,,,,,588
,32.212890625,,,,,,,,,,,,,,,,5.1667,0.004426737781614065,,,,,,,589
,32.212890625,,,,,,,,,,,,,,,,5.1754,0.009072750806808472,,,,,,,590
,32.212890625,,,,,,,,,,,,,,,,5.1842,0.007274352014064789,,,,,,,591
,32.212890625,,,,,,,,,,,,,,,,5.193,0.006889955140650272,,,,,,,592
,32.212890625,,,,,,,,,,,,,,,,5.2018,0.012323880568146706,,,,,,,593
,32.212890625,,,,,,,,,,,,,,,,5.2105,0.009936900809407234,,,,,,,594
,32.212890625,,,,,,,,,,,,,,,,5.2193,0.007112585939466953,,,,,,,595
,32.212890625,,,,,,,,,,,,,,,,5.2281,0.006879547145217657,,,,,,,596
,32.212890625,,,,,,,,,,,,,,,,5.2368,0.007711104582995176,,,,,,,597
,32.212890625,,,,,,,,,,,,,,,,5.2456,0.009641934186220169,,,,,,,598
,32.212890625,,,,,,,,,,,,,,,,5.2544,0.0072412313893437386,,,,,,,599
0.7654586689601468,32.212890625,0.6639735585250547,0.6593727206418192,0.6686390532543884,0.7133194588469549,0.7034376603385991,0.7234828496041834,0.7960396039103645,0.7960396039603646,0.7960396039603646,0.7895142636354043,0.7862407862407621,0.7928151130380677,0.7234533702177544,0.7119491140390408,0.7353355232284967,5.2632,0.006273109465837479,0.8840890046981466,0.8789337282487805,0.889305113317084,0.7878214228873488,0.7830040765129889,0.7926984126983875,600
,32.212890625,,,,,,,,,,,,,,,,5.2719,0.007421042304486036,,,,,,,601
,32.212890625,,,,,,,,,,,,,,,,5.2807,0.0101612014696002,,,,,,,602
,32.212890625,,,,,,,,,,,,,,,,5.2895,0.01132490485906601,,,,,,,603
,32.212890625,,,,,,,,,,,,,,,,5.2982,0.010632242076098919,,,,,,,604
,32.212890625,,,,,,,,,,,,,,,,5.307,0.010298158042132854,,,,,,,605
,32.212890625,,,,,,,,,,,,,,,,5.3158,0.010506597347557545,,,,,,,606
,32.212890625,,,,,,,,,,,,,,,,5.3246,0.009224191308021545,,,,,,,607
,32.212890625,,,,,,,,,,,,,,,,5.3333,0.008740116842091084,,,,,,,608
,32.212890625,,,,,,,,,,,,,,,,5.3421,0.00847097672522068,,,,,,,609
,32.212890625,,,,,,,,,,,,,,,,5.3509,0.006809344980865717,,,,,,,610
,32.212890625,,,,,,,,,,,,,,,,5.3596,0.007680027280002832,,,,,,,611
,32.212890625,,,,,,,,,,,,,,,,5.3684,0.009192081168293953,,,,,,,612
,32.212890625,,,,,,,,,,,,,,,,5.3772,0.00478834705427289,,,,,,,613
,32.212890625,,,,,,,,,,,,,,,,5.386,0.00836879201233387,,,,,,,614
,32.212890625,,,,,,,,,,,,,,,,5.3947,0.008401020430028439,,,,,,,615
,32.212890625,,,,,,,,,,,,,,,,5.4035,0.008332299999892712,,,,,,,616
,32.212890625,,,,,,,,,,,,,,,,5.4123,0.006951387505978346,,,,,,,617
,32.212890625,,,,,,,,,,,,,,,,5.4211,0.008958562277257442,,,,,,,618
,32.212890625,,,,,,,,,,,,,,,,5.4298,0.005082712508738041,,,,,,,619
,32.212890625,,,,,,,,,,,,,,,,5.4386,0.0073946514166891575,,,,,,,620
,32.212890625,,,,,,,,,,,,,,,,5.4474,0.007712453603744507,,,,,,,621
,32.212890625,,,,,,,,,,,,,,,,5.4561,0.010569589212536812,,,,,,,622
,32.212890625,,,,,,,,,,,,,,,,5.4649,0.009285655803978443,,,,,,,623
,32.212890625,,,,,,,,,,,,,,,,5.4737,0.006967501249164343,,,,,,,624
,32.212890625,,,,,,,,,,,,,,,,5.4825,0.00643201544880867,,,,,,,625
,32.212890625,,,,,,,,,,,,,,,,5.4912,0.007977142930030823,,,,,,,626
,32.212890625,,,,,,,,,,,,,,,,5.5,0.005321910139173269,,,,,,,627
,32.212890625,,,,,,,,,,,,,,,,5.5088,0.0053146290592849255,,,,,,,628
,32.212890625,,,,,,,,,,,,,,,,5.5175,0.008817612193524837,,,,,,,629
,32.212890625,,,,,,,,,,,,,,,,5.5263,0.012217904441058636,,,,,,,630
,32.212890625,,,,,,,,,,,,,,,,5.5351,0.005963371135294437,,,,,,,631
,32.212890625,,,,,,,,,,,,,,,,5.5439,0.011056873016059399,,,,,,,632
,32.212890625,,,,,,,,,,,,,,,,5.5526,0.012217670679092407,,,,,,,633
,32.212890625,,,,,,,,,,,,,,,,5.5614,0.00856589525938034,,,,,,,634
,32.212890625,,,,,,,,,,,,,,,,5.5702,0.01296293456107378,,,,,,,635
,32.212890625,,,,,,,,,,,,,,,,5.5789,0.010024036280810833,,,,,,,636
,32.212890625,,,,,,,,,,,,,,,,5.5877,0.007790412288159132,,,,,,,637
,32.212890625,,,,,,,,,,,,,,,,5.5965,0.011993142776191235,,,,,,,638
,32.212890625,,,,,,,,,,,,,,,,5.6053,0.011339024640619755,,,,,,,639
0.7593076556747136,32.212890625,0.6431226765298791,0.6464872944693089,0.6397928994082367,0.7027027026526673,0.698851774530235,0.7065963060685643,0.7981687897588867,0.8023209283713164,0.7940594059405626,0.7871647806041377,0.7880198634388333,0.7863115515639273,0.7085875175473388,0.7085875175973388,0.7085875175973388,5.614,0.012289456091821194,0.883032221965258,0.8781255788108746,0.8879940063682171,0.7923749006648279,0.7930047694753325,0.7917460317460066,640
,32.212890625,,,,,,,,,,,,,,,,5.6228,0.00828724354505539,,,,,,,641
,32.212890625,,,,,,,,,,,,,,,,5.6316,0.00930835958570242,,,,,,,642
,32.212890625,,,,,,,,,,,,,,,,5.6404,0.010866898111999035,,,,,,,643
,32.212890625,,,,,,,,,,,,,,,,5.6491,0.008541464805603027,,,,,,,644
,32.212890625,,,,,,,,,,,,,,,,5.6579,0.010267892852425575,,,,,,,645
,32.212890625,,,,,,,,,,,,,,,,5.6667,0.011910616420209408,,,,,,,646
,32.212890625,,,,,,,,,,,,,,,,5.6754,0.012751725502312183,,,,,,,647
,32.212890625,,,,,,,,,,,,,,,,5.6842,0.009423001669347286,,,,,,,648
,32.212890625,,,,,,,,,,,,,,,,5.693,0.009444136172533035,,,,,,,649
,32.212890625,,,,,,,,,,,,,,,,5.7018,0.01131423283368349,,,,,,,650
,32.212890625,,,,,,,,,,,,,,,,5.7105,0.008928591385483742,,,,,,,651
,32.212890625,,,,,,,,,,,,,,,,5.7193,0.01069313008338213,,,,,,,652
,32.212890625,,,,,,,,,,,,,,,,5.7281,0.011307723820209503,,,,,,,653
,32.212890625,,,,,,,,,,,,,,,,5.7368,0.009401635266840458,,,,,,,654
,32.212890625,,,,,,,,,,,,,,,,5.7456,0.009621254168450832,,,,,,,655
,32.212890625,,,,,,,,,,,,,,,,5.7544,0.005626899190247059,,,,,,,656
,32.212890625,,,,,,,,,,,,,,,,5.7632,0.011449264362454414,,,,,,,657
,32.212890625,,,,,,,,,,,,,,,,5.7719,0.009450594894587994,,,,,,,658
,32.212890625,,,,,,,,,,,,,,,,5.7807,0.00988877285271883,,,,,,,659
,32.212890625,,,,,,,,,,,,,,,,5.7895,0.008034180849790573,,,,,,,660
,32.212890625,,,,,,,,,,,,,,,,5.7982,0.008077103644609451,,,,,,,661
,32.212890625,,,,,,,,,,,,,,,,5.807,0.0077771651558578014,,,,,,,662
,32.212890625,,,,,,,,,,,,,,,,5.8158,0.006487267557531595,,,,,,,663
,32.212890625,,,,,,,,,,,,,,,,5.8246,0.007754181511700153,,,,,,,664
,32.212890625,,,,,,,,,,,,,,,,5.8333,0.013696414418518543,,,,,,,665
,32.212890625,,,,,,,,,,,,,,,,5.8421,0.009681380353868008,,,,,,,666
,32.212890625,,,,,,,,,,,,,,,,5.8509,0.010589761659502983,,,,,,,667
,32.212890625,,,,,,,,,,,,,,,,5.8596,0.009782237932085991,,,,,,,668
,32.212890625,,,,,,,,,,,,,,,,5.8684,0.010325917974114418,,,,,,,669
,32.212890625,,,,,,,,,,,,,,,,5.8772,0.013308142311871052,,,,,,,670
,32.212890625,,,,,,,,,,,,,,,,5.886,0.010185732506215572,,,,,,,671
,32.212890625,,,,,,,,,,,,,,,,5.8947,0.011053802445530891,,,,,,,672
,32.212890625,,,,,,,,,,,,,,,,5.9035,0.009385272860527039,,,,,,,673
,32.212890625,,,,,,,,,,,,,,,,5.9123,0.0107283815741539,,,,,,,674
,32.212890625,,,,,,,,,,,,,,,,5.9211,0.010615140199661255,,,,,,,675
,32.212890625,,,,,,,,,,,,,,,,5.9298,0.009866972453892231,,,,,,,676
,32.212890625,,,,,,,,,,,,,,,,5.9386,0.010859175585210323,,,,,,,677
,32.212890625,,,,,,,,,,,,,,,,5.9474,0.01448171865195036,,,,,,,678
,32.212890625,,,,,,,,,,,,,,,,5.9561,0.011416454799473286,,,,,,,679
0.7608845265279165,32.212890625,0.664429530151296,0.6699248120300247,0.6590236686390045,0.696708040964559,0.712865819988917,0.6812664907651356,0.7813896789422815,0.8022528160199915,0.7615841584158114,0.789119899903083,0.7967171717171465,0.7816661505109699,0.7374169040335428,0.746275828928364,0.728765837634879,5.9649,0.008416974917054176,0.8796502975690336,0.8736375392573272,0.885746394455874,0.7774773341316201,0.7790883009244253,0.7758730158729912,680
,32.212890625,,,,,,,,,,,,,,,,5.9737,0.007032948080450296,,,,,,,681
,32.212890625,,,,,,,,,,,,,,,,5.9825,0.010461637750267982,,,,,,,682
,32.212890625,,,,,,,,,,,,,,,,5.9912,0.014397758059203625,,,,,,,683
0.7642195484439245,32.212890625,0.6758023800437435,0.6593947923996721,0.6930473372780552,0.6993154291232124,0.6978455070940254,0.7007915567281952,0.7766912791357633,0.7827835880932911,0.7706930693069002,0.8039755351181789,0.7940199335547933,0.8141839578816719,0.7363276704177373,0.7303785780239737,0.7423744720788014,6.0,0.006261634174734354,0.8754034860700729,0.8622819767441704,0.8889305113316934,0.7820210591987624,0.7743541861188679,0.7898412698412448,684
