step,epoch,loss,grad_norm,learning_rate,eval_mit-restaurant,eval_average,eval_runtime,eval_samples_per_second,eval_steps_per_second,train_runtime,train_samples_per_second,train_steps_per_second,total_flos,total_pflos,train_loss
5,0.009,2.9119,16.51142120361328,5.768873987190341e-06,,,,,,,,,,,
10,0.018,2.8727,15.359272003173828,8.253392779952611e-06,,,,,,,,,,,
15,0.027,2.3932,10.602937698364258,9.706743106055534e-06,,,,,,,,,,,
20,0.036,1.9744,6.06496524810791,1.0737911572714876e-05,,,,,,,,,,,
25,0.045,1.4797,4.810415267944336,1.1537747974380681e-05,,,,,,,,,,,
30,0.054,1.2639,3.595466375350952,1.21912618988178e-05,,,,,,,,,,,
35,0.064,0.9738,2.441924810409546,1.2743800048996109e-05,,,,,,,,,,,
40,0.073,0.8031,1.7218644618988037,1.3222430365477144e-05,,,,,,,,,,,
45,0.082,0.6655,1.5021904706954956,1.3644612224920727e-05,,,,,,,,,,,
50,0.091,0.5007,1.0098495483398438,1.4022266767142951e-05,,,,,,,,,,,
55,0.1,0.3915,0.811686098575592,1.4363896855970699e-05,,,,,,,,,,,
60,0.109,0.3439,0.8145607709884644,1.4675780691580068e-05,,,,,,,,,,,
65,0.118,0.3043,0.5699493885040283,1.4962686008395792e-05,,,,,,,,,,,
70,0.127,0.263,0.5466697812080383,1.522831884175838e-05,,,,,,,,,,,
75,0.136,0.2483,0.5081096887588501,1.5475617093245874e-05,,,,,,,,,,,
80,0.145,0.2181,0.5465638041496277,1.570694915823941e-05,,,,,,,,,,,
85,0.154,0.201,0.5076785087585449,1.5924252230994265e-05,,,,,,,,,,,
90,0.163,0.194,0.49647989869117737,1.6129131017682994e-05,,,,,,,,,,,
95,0.172,0.1797,0.47622036933898926,1.6322929724632822e-05,,,,,,,,,,,
100,0.181,0.1646,0.39600926637649536,1.6506785559905222e-05,,,,,,,,,,,
105,0.191,0.1587,0.3467540144920349,1.66816691678613e-05,,,,,,,,,,,
110,0.2,0.1484,0.34663888812065125,1.6848415648732967e-05,,,,,,,,,,,
115,0.209,0.1452,0.3896486759185791,1.7007748677238435e-05,,,,,,,,,,,
120,0.218,0.1437,0.32585811614990234,1.7160299484342336e-05,,,,,,,,,,,
125,0.227,0.1314,0.3324599862098694,1.7306621961571025e-05,,,,,,,,,,,
130,0.236,0.1273,0.3243843913078308,1.7447204801158062e-05,,,,,,,,,,,
135,0.245,0.1218,0.31715136766433716,1.7582481343785917e-05,,,,,,,,,,,
140,0.254,0.1208,0.2870565354824066,1.7712837634520643e-05,,,,,,,,,,,
145,0.263,0.113,0.26257678866386414,1.7838619064466737e-05,,,,,,,,,,,
150,0.272,0.1122,0.2695223391056061,1.7960135886008142e-05,,,,,,,,,,,
155,0.281,0.1066,0.33758974075317383,1.8077667823380024e-05,,,,,,,,,,,
160,0.29,0.1095,0.5029559135437012,1.819146795100168e-05,,,,,,,,,,,
165,0.299,0.1016,0.309452086687088,1.8301765974835886e-05,,,,,,,,,,,
170,0.309,0.0974,0.34529387950897217,1.8408771023756533e-05,,,,,,,,,,,
175,0.318,0.0973,0.2996753752231598,1.8512674036186452e-05,,,,,,,,,,,
180,0.327,0.0946,0.26900890469551086,1.861364981044526e-05,,,,,,,,,,,
185,0.336,0.0968,0.26637962460517883,1.871185877411411e-05,,,,,,,,,,,
190,0.345,0.0898,0.2663176357746124,1.8807448517395087e-05,,,,,,,,,,,
195,0.354,0.09,0.24708734452724457,1.8900555127260988e-05,,,,,,,,,,,
200,0.363,0.0915,0.2875278890132904,1.8991304352667487e-05,,,,,,,,,,,
205,0.372,0.0883,0.21897614002227783,1.907981262586513e-05,,,,,,,,,,,
210,0.381,0.0848,0.30536922812461853,1.916618796062357e-05,,,,,,,,,,,
215,0.39,0.0822,0.2581348717212677,1.925053074475124e-05,,,,,,,,,,,
220,0.399,0.0847,0.28239643573760986,1.9332934441495235e-05,,,,,,,,,,,
225,0.408,0.0771,0.2110879123210907,1.9413486212111068e-05,,,,,,,,,,,
230,0.417,0.0817,0.2573150396347046,1.9492267470000703e-05,,,,,,,,,,,
235,0.426,0.0786,0.28943780064582825,1.956935437525122e-05,,,,,,,,,,,
240,0.436,0.0741,0.25090348720550537,1.9644818277104604e-05,,,,,,,,,,,
245,0.445,0.0792,0.383645236492157,1.971872611080188e-05,,,,,,,,,,,
250,0.454,0.0744,0.21413587033748627,1.9791140754333293e-05,,,,,,,,,,,
255,0.463,0.0742,0.2073293775320053,1.9862121349859452e-05,,,,,,,,,,,
260,0.472,0.0747,0.2266921103000641,1.993172359392033e-05,,,,,,,,,,,
265,0.481,0.0723,0.21510514616966248,1.9999999999999998e-05,,,,,,,,,,,
270,0.49,0.0697,0.2081112116575241,2e-05,,,,,,,,,,,
275,0.499,0.0757,0.2122025191783905,2e-05,,,,,,,,,,,
276,0.501,,,,0.6589327145668962,0.6589327145668962,6.9123,136.713,0.723,,,,,,
280,0.508,0.0723,0.1978519707918167,2e-05,,,,,,,,,,,
285,0.517,0.0726,0.24797314405441284,2e-05,,,,,,,,,,,
290,0.526,0.0711,0.21542929112911224,2e-05,,,,,,,,,,,
295,0.535,0.0677,0.21471679210662842,2e-05,,,,,,,,,,,
300,0.544,0.0651,0.2644169330596924,2e-05,,,,,,,,,,,
305,0.554,0.064,0.19283495843410492,2e-05,,,,,,,,,,,
310,0.563,0.0652,0.2309568077325821,2e-05,,,,,,,,,,,
315,0.572,0.0605,0.2077050358057022,2e-05,,,,,,,,,,,
320,0.581,0.0599,0.1812639832496643,2e-05,,,,,,,,,,,
325,0.59,0.0618,0.390450656414032,2e-05,,,,,,,,,,,
330,0.599,0.0643,0.24088923633098602,2e-05,,,,,,,,,,,
335,0.608,0.0647,0.2472008466720581,2e-05,,,,,,,,,,,
340,0.617,0.061,0.19522039592266083,2e-05,,,,,,,,,,,
345,0.626,0.0608,0.175042524933815,2e-05,,,,,,,,,,,
350,0.635,0.0594,0.17860490083694458,2e-05,,,,,,,,,,,
355,0.644,0.0602,0.22298382222652435,2e-05,,,,,,,,,,,
360,0.653,0.058,0.2687772512435913,2e-05,,,,,,,,,,,
365,0.662,0.0583,0.19746281206607819,2e-05,,,,,,,,,,,
370,0.672,0.0621,0.1697801798582077,2e-05,,,,,,,,,,,
375,0.681,0.0564,0.18178611993789673,2e-05,,,,,,,,,,,
380,0.69,0.0595,0.16298237442970276,2e-05,,,,,,,,,,,
385,0.699,0.0579,0.2161017805337906,2e-05,,,,,,,,,,,
390,0.708,0.0565,0.17173491418361664,2e-05,,,,,,,,,,,
395,0.717,0.0565,0.16015729308128357,2e-05,,,,,,,,,,,
400,0.726,0.0543,0.21406042575836182,2e-05,,,,,,,,,,,
405,0.735,0.0552,0.19224557280540466,2e-05,,,,,,,,,,,
410,0.744,0.0558,0.17496344447135925,2e-05,,,,,,,,,,,
415,0.753,0.0567,0.15234120190143585,2e-05,,,,,,,,,,,
420,0.762,0.0548,0.1578824818134308,2e-05,,,,,,,,,,,
425,0.771,0.0566,0.2074364721775055,2e-05,,,,,,,,,,,
430,0.78,0.0572,0.17245212197303772,2e-05,,,,,,,,,,,
435,0.789,0.0549,0.15519018471240997,2e-05,,,,,,,,,,,
440,0.799,0.0497,0.1566528081893921,2e-05,,,,,,,,,,,
445,0.808,0.0528,0.17881576716899872,2e-05,,,,,,,,,,,
450,0.817,0.0546,0.15025357902050018,2e-05,,,,,,,,,,,
455,0.826,0.0524,0.18143318593502045,2e-05,,,,,,,,,,,
460,0.835,0.0511,0.19620822370052338,2e-05,,,,,,,,,,,
465,0.844,0.0517,0.1870574653148651,2e-05,,,,,,,,,,,
470,0.853,0.0532,0.15718455612659454,2e-05,,,,,,,,,,,
475,0.862,0.0506,0.17367953062057495,2e-05,,,,,,,,,,,
480,0.871,0.0533,0.16153433918952942,2e-05,,,,,,,,,,,
485,0.88,0.0516,0.1474047303199768,2e-05,,,,,,,,,,,
490,0.889,0.0482,0.2069006860256195,2e-05,,,,,,,,,,,
495,0.898,0.0488,0.15092341601848602,2e-05,,,,,,,,,,,
500,0.907,0.0496,0.15841472148895264,2e-05,,,,,,,,,,,
505,0.917,0.0517,0.1585693359375,2e-05,,,,,,,,,,,
510,0.926,0.0453,0.13957391679286957,2e-05,,,,,,,,,,,
515,0.935,0.0498,0.15471920371055603,2e-05,,,,,,,,,,,
520,0.944,0.0442,0.20193418860435486,2e-05,,,,,,,,,,,
525,0.953,0.0498,0.1697757989168167,2e-05,,,,,,,,,,,
530,0.962,0.048,0.15922795236110687,2e-05,,,,,,,,,,,
535,0.971,0.0481,0.13310426473617554,2e-05,,,,,,,,,,,
540,0.98,0.0454,0.13566318154335022,2e-05,,,,,,,,,,,
545,0.989,0.0486,0.1428031474351883,2e-05,,,,,,,,,,,
550,0.998,0.0487,0.1726582646369934,2e-05,,,,,,,,,,,
551,1.0,,,,0.7314814814311814,0.7314814814311814,6.7579,139.836,0.74,,,,,,
555,1.007,0.0484,0.15792647004127502,2e-05,,,,,,,,,,,
560,1.016,0.0501,0.15379175543785095,2e-05,,,,,,,,,,,
565,1.025,0.0446,0.174928680062294,2e-05,,,,,,,,,,,
570,1.034,0.0441,0.12444522976875305,2e-05,,,,,,,,,,,
575,1.044,0.0483,0.1564144492149353,2e-05,,,,,,,,,,,
580,1.053,0.0453,0.17864471673965454,2e-05,,,,,,,,,,,
585,1.062,0.0466,0.1795373111963272,2e-05,,,,,,,,,,,
590,1.071,0.0461,0.17597432434558868,2e-05,,,,,,,,,,,
595,1.08,0.0443,0.13026924431324005,2e-05,,,,,,,,,,,
600,1.089,0.048,0.190987229347229,2e-05,,,,,,,,,,,
605,1.098,0.0425,0.13702988624572754,2e-05,,,,,,,,,,,
610,1.107,0.0442,0.1456335484981537,2e-05,,,,,,,,,,,
615,1.116,0.0445,0.11504224687814713,2e-05,,,,,,,,,,,
620,1.125,0.0409,0.13276024162769318,2e-05,,,,,,,,,,,
625,1.134,0.0471,0.15339221060276031,2e-05,,,,,,,,,,,
630,1.143,0.0452,0.1445464938879013,2e-05,,,,,,,,,,,
635,1.152,0.0424,0.13238146901130676,2e-05,,,,,,,,,,,
640,1.162,0.0462,0.14293603599071503,2e-05,,,,,,,,,,,
645,1.171,0.0433,0.14112108945846558,2e-05,,,,,,,,,,,
650,1.18,0.0437,0.15535487234592438,2e-05,,,,,,,,,,,
655,1.189,0.0428,0.14903971552848816,2e-05,,,,,,,,,,,
660,1.198,0.0437,0.2236277312040329,2e-05,,,,,,,,,,,
665,1.207,0.0407,0.1436878740787506,2e-05,,,,,,,,,,,
670,1.216,0.0429,0.14627647399902344,2e-05,,,,,,,,,,,
675,1.225,0.0453,0.282575786113739,2e-05,,,,,,,,,,,
680,1.234,0.0411,0.1355186104774475,2e-05,,,,,,,,,,,
685,1.243,0.0393,0.13322515785694122,2e-05,,,,,,,,,,,
690,1.252,0.0428,0.14479665458202362,2e-05,,,,,,,,,,,
695,1.261,0.0434,0.13349072635173798,2e-05,,,,,,,,,,,
700,1.27,0.0424,0.17446060478687286,2e-05,,,,,,,,,,,
705,1.279,0.0423,0.15643322467803955,2e-05,,,,,,,,,,,
710,1.289,0.0413,0.13299238681793213,2e-05,,,,,,,,,,,
715,1.298,0.0427,0.13007965683937073,2e-05,,,,,,,,,,,
720,1.307,0.0438,0.1156948134303093,2e-05,,,,,,,,,,,
725,1.316,0.0425,0.13452327251434326,2e-05,,,,,,,,,,,
730,1.325,0.0396,0.17505675554275513,2e-05,,,,,,,,,,,
735,1.334,0.0418,0.14390410482883453,2e-05,,,,,,,,,,,
740,1.343,0.0399,0.1376693844795227,2e-05,,,,,,,,,,,
745,1.352,0.0388,0.15937261283397675,2e-05,,,,,,,,,,,
750,1.361,0.0406,0.13883553445339203,2e-05,,,,,,,,,,,
755,1.37,0.0431,0.14787784218788147,2e-05,,,,,,,,,,,
760,1.379,0.0384,0.17608213424682617,2e-05,,,,,,,,,,,
765,1.388,0.0396,0.10780209302902222,2e-05,,,,,,,,,,,
770,1.397,0.0404,0.15326614677906036,2e-05,,,,,,,,,,,
775,1.407,0.0413,0.14625680446624756,2e-05,,,,,,,,,,,
780,1.416,0.0399,0.11571855843067169,2e-05,,,,,,,,,,,
785,1.425,0.0393,0.13444696366786957,2e-05,,,,,,,,,,,
790,1.434,0.0403,0.14924916625022888,2e-05,,,,,,,,,,,
795,1.443,0.0358,0.1125723272562027,2e-05,,,,,,,,,,,
800,1.452,0.0391,0.15402790904045105,2e-05,,,,,,,,,,,
805,1.461,0.0415,0.157937690615654,2e-05,,,,,,,,,,,
810,1.47,0.0382,0.116615891456604,2e-05,,,,,,,,,,,
815,1.479,0.0395,0.15029668807983398,2e-05,,,,,,,,,,,
820,1.488,0.0405,0.1370892971754074,2e-05,,,,,,,,,,,
825,1.497,0.0394,0.12238892167806625,2e-05,,,,,,,,,,,
826,1.499,,,,0.7757009345290943,0.7757009345290943,6.8594,137.768,0.729,,,,,,
830,1.506,0.0383,0.1252441257238388,2e-05,,,,,,,,,,,
835,1.515,0.0402,0.1124248132109642,2e-05,,,,,,,,,,,
840,1.525,0.0384,0.09968198090791702,2e-05,,,,,,,,,,,
845,1.534,0.0397,0.19582682847976685,2e-05,,,,,,,,,,,
850,1.543,0.0395,0.11256261169910431,2e-05,,,,,,,,,,,
855,1.552,0.0377,0.12789252400398254,2e-05,,,,,,,,,,,
860,1.561,0.0404,0.11307798326015472,2e-05,,,,,,,,,,,
865,1.57,0.0413,0.1653221994638443,2e-05,,,,,,,,,,,
870,1.579,0.0413,0.13857106864452362,2e-05,,,,,,,,,,,
875,1.588,0.0403,0.15828146040439606,2e-05,,,,,,,,,,,
880,1.597,0.0385,0.11975981295108795,2e-05,,,,,,,,,,,
885,1.606,0.0374,0.11368561536073685,2e-05,,,,,,,,,,,
890,1.615,0.0376,0.16432814300060272,2e-05,,,,,,,,,,,
895,1.624,0.0397,0.13142813742160797,2e-05,,,,,,,,,,,
900,1.633,0.0371,0.18827255070209503,2e-05,,,,,,,,,,,
905,1.642,0.0379,0.19449417293071747,2e-05,,,,,,,,,,,
910,1.652,0.0364,0.12785668671131134,2e-05,,,,,,,,,,,
915,1.661,0.0413,0.13484002649784088,2e-05,,,,,,,,,,,
920,1.67,0.0386,0.1136934831738472,2e-05,,,,,,,,,,,
925,1.679,0.0388,0.13394734263420105,2e-05,,,,,,,,,,,
930,1.688,0.0368,0.11806564778089523,2e-05,,,,,,,,,,,
935,1.697,0.0399,0.16556863486766815,2e-05,,,,,,,,,,,
940,1.706,0.0342,0.12348762154579163,2e-05,,,,,,,,,,,
945,1.715,0.0386,0.13250775635242462,2e-05,,,,,,,,,,,
950,1.724,0.037,0.11615889519453049,2e-05,,,,,,,,,,,
955,1.733,0.0345,0.09757721424102783,2e-05,,,,,,,,,,,
960,1.742,0.0364,0.09538806229829788,2e-05,,,,,,,,,,,
965,1.751,0.0354,0.1355978399515152,2e-05,,,,,,,,,,,
970,1.76,0.0388,0.11610838770866394,2e-05,,,,,,,,,,,
975,1.77,0.0365,0.13339349627494812,2e-05,,,,,,,,,,,
980,1.779,0.0321,0.11227945238351822,2e-05,,,,,,,,,,,
985,1.788,0.0331,0.1018625795841217,2e-05,,,,,,,,,,,
990,1.797,0.0344,0.5614492893218994,2e-05,,,,,,,,,,,
995,1.806,0.0354,0.1311679631471634,2e-05,,,,,,,,,,,
1000,1.815,0.0375,0.14752094447612762,2e-05,,,,,,,,,,,
1005,1.824,0.0354,0.101468026638031,2e-05,,,,,,,,,,,
1010,1.833,0.0356,0.10724599659442902,2e-05,,,,,,,,,,,
1015,1.842,0.0358,0.17243236303329468,2e-05,,,,,,,,,,,
1020,1.851,0.0366,0.12613889575004578,2e-05,,,,,,,,,,,
1025,1.86,0.0397,0.1929367631673813,2e-05,,,,,,,,,,,
1030,1.869,0.0334,0.08946416527032852,2e-05,,,,,,,,,,,
1035,1.878,0.0379,0.1213684156537056,2e-05,,,,,,,,,,,
1040,1.887,0.0331,0.09055265039205551,2e-05,,,,,,,,,,,
1045,1.897,0.037,0.12106714397668839,2e-05,,,,,,,,,,,
1050,1.906,0.0336,0.12055736035108566,2e-05,,,,,,,,,,,
1055,1.915,0.0362,0.15002119541168213,2e-05,,,,,,,,,,,
1060,1.924,0.0367,0.13039520382881165,2e-05,,,,,,,,,,,
1065,1.933,0.0367,0.2155122607946396,2e-05,,,,,,,,,,,
1070,1.942,0.0353,0.09844571352005005,2e-05,,,,,,,,,,,
1075,1.951,0.0347,0.12729527056217194,2e-05,,,,,,,,,,,
1080,1.96,0.0338,0.1004137247800827,2e-05,,,,,,,,,,,
1085,1.969,0.0358,0.13449101150035858,2e-05,,,,,,,,,,,
1090,1.978,0.0355,0.09845317900180817,2e-05,,,,,,,,,,,
1095,1.987,0.0341,0.11696638911962509,2e-05,,,,,,,,,,,
1100,1.996,0.0331,0.10768502950668335,2e-05,,,,,,,,,,,
1102,2.0,,,,0.7999999999496304,0.7999999999496304,6.6681,141.719,0.75,,,,,,
1105,2.005,0.036,0.10827760398387909,2e-05,,,,,,,,,,,
1110,2.015,0.0331,0.13718223571777344,2e-05,,,,,,,,,,,
1115,2.024,0.0343,0.19853797554969788,2e-05,,,,,,,,,,,
1120,2.033,0.0338,0.09979371726512909,2e-05,,,,,,,,,,,
1125,2.042,0.0327,0.1074972003698349,2e-05,,,,,,,,,,,
1130,2.051,0.0326,0.10642065852880478,2e-05,,,,,,,,,,,
1135,2.06,0.033,0.09365911036729813,2e-05,,,,,,,,,,,
1140,2.069,0.0387,0.1529751718044281,2e-05,,,,,,,,,,,
1145,2.078,0.0334,0.11523519456386566,2e-05,,,,,,,,,,,
1150,2.087,0.0345,0.21414534747600555,2e-05,,,,,,,,,,,
1155,2.096,0.0314,0.09339051693677902,2e-05,,,,,,,,,,,
1160,2.105,0.0324,0.12722572684288025,2e-05,,,,,,,,,,,
1165,2.114,0.0361,0.10520859062671661,2e-05,,,,,,,,,,,
1170,2.123,0.0341,0.12627407908439636,2e-05,,,,,,,,,,,
1175,2.132,0.0334,0.13202761113643646,2e-05,,,,,,,,,,,
1180,2.142,0.0329,0.20956586301326752,2e-05,,,,,,,,,,,
1185,2.151,0.0311,0.09772641211748123,2e-05,,,,,,,,,,,
1190,2.16,0.0368,0.09605208039283752,2e-05,,,,,,,,,,,
1195,2.169,0.0341,0.12172779440879822,2e-05,,,,,,,,,,,
1200,2.178,0.0349,0.13438430428504944,2e-05,,,,,,,,,,,
1205,2.187,0.0296,0.13143160939216614,2e-05,,,,,,,,,,,
1210,2.196,0.033,0.18634766340255737,2e-05,,,,,,,,,,,
1215,2.205,0.0361,0.10684346407651901,2e-05,,,,,,,,,,,
1220,2.214,0.0312,0.10539627820253372,2e-05,,,,,,,,,,,
1225,2.223,0.0323,0.11777342110872269,2e-05,,,,,,,,,,,
1230,2.232,0.0325,0.10339264571666718,2e-05,,,,,,,,,,,
1235,2.241,0.032,0.1075911819934845,2e-05,,,,,,,,,,,
1240,2.25,0.0333,0.11909834295511246,2e-05,,,,,,,,,,,
1245,2.26,0.0332,0.12341799587011337,2e-05,,,,,,,,,,,
1250,2.269,0.0341,0.15174876153469086,2e-05,,,,,,,,,,,
1255,2.278,0.0331,0.17433489859104156,2e-05,,,,,,,,,,,
1260,2.287,0.0347,0.13217395544052124,2e-05,,,,,,,,,,,
1265,2.296,0.0338,0.1488143801689148,2e-05,,,,,,,,,,,
1270,2.305,0.0325,0.09582162648439407,2e-05,,,,,,,,,,,
1275,2.314,0.0338,0.13190320134162903,2e-05,,,,,,,,,,,
1280,2.323,0.031,0.14465776085853577,2e-05,,,,,,,,,,,
1285,2.332,0.0309,0.12531505525112152,2e-05,,,,,,,,,,,
1290,2.341,0.0337,0.21774408221244812,2e-05,,,,,,,,,,,
1295,2.35,0.0323,0.14020930230617523,2e-05,,,,,,,,,,,
1300,2.359,0.0326,0.10899495333433151,2e-05,,,,,,,,,,,
1305,2.368,0.0349,0.11433915048837662,2e-05,,,,,,,,,,,
1310,2.377,0.0318,0.11118794232606888,2e-05,,,,,,,,,,,
1315,2.387,0.0316,0.09847515821456909,2e-05,,,,,,,,,,,
1320,2.396,0.0291,0.1477552205324173,2e-05,,,,,,,,,,,
1325,2.405,0.0339,0.10751314461231232,2e-05,,,,,,,,,,,
1330,2.414,0.0323,0.13423191010951996,2e-05,,,,,,,,,,,
1335,2.423,0.0332,0.09427081048488617,2e-05,,,,,,,,,,,
1340,2.432,0.0309,0.13266026973724365,2e-05,,,,,,,,,,,
1345,2.441,0.0305,0.11253336071968079,2e-05,,,,,,,,,,,
1350,2.45,0.0328,0.12916497886180878,2e-05,,,,,,,,,,,
1355,2.459,0.0302,0.10214937478303909,2e-05,,,,,,,,,,,
1360,2.468,0.0327,0.09599579870700836,2e-05,,,,,,,,,,,
1365,2.477,0.0352,0.11334708333015442,2e-05,,,,,,,,,,,
1370,2.486,0.0321,0.13445213437080383,2e-05,,,,,,,,,,,
1375,2.495,0.031,0.1124294325709343,2e-05,,,,,,,,,,,
1378,2.501,,,,0.8028169013580837,0.8028169013580837,6.8015,138.939,0.735,,,,,,
1380,2.505,0.0313,0.08980362862348557,2e-05,,,,,,,,,,,
1385,2.514,0.0293,0.14049869775772095,2e-05,,,,,,,,,,,
1390,2.523,0.0284,0.10603835433721542,2e-05,,,,,,,,,,,
1395,2.532,0.033,0.1451883614063263,2e-05,,,,,,,,,,,
1400,2.541,0.03,0.12573516368865967,2e-05,,,,,,,,,,,
1405,2.55,0.0339,0.1121835708618164,2e-05,,,,,,,,,,,
1410,2.559,0.0285,0.169514462351799,2e-05,,,,,,,,,,,
1415,2.568,0.033,0.09129846096038818,2e-05,,,,,,,,,,,
1420,2.577,0.0305,0.13286243379116058,2e-05,,,,,,,,,,,
1425,2.586,0.0285,0.08511900156736374,2e-05,,,,,,,,,,,
1430,2.595,0.0295,0.12328498065471649,2e-05,,,,,,,,,,,
1435,2.604,0.03,0.09429891407489777,2e-05,,,,,,,,,,,
1440,2.613,0.0304,0.12766724824905396,2e-05,,,,,,,,,,,
1445,2.623,0.0331,0.11929810047149658,2e-05,,,,,,,,,,,
1450,2.632,0.0278,0.08967883139848709,2e-05,,,,,,,,,,,
1455,2.641,0.0303,0.16743555665016174,2e-05,,,,,,,,,,,
1460,2.65,0.032,0.09519065916538239,2e-05,,,,,,,,,,,
1465,2.659,0.0293,0.11236263811588287,2e-05,,,,,,,,,,,
1470,2.668,0.0291,0.09940166026353836,2e-05,,,,,,,,,,,
1475,2.677,0.0295,0.10028096288442612,2e-05,,,,,,,,,,,
1480,2.686,0.0306,0.10560309886932373,2e-05,,,,,,,,,,,
1485,2.695,0.0291,0.06671857833862305,2e-05,,,,,,,,,,,
1490,2.704,0.0285,0.10327515751123428,2e-05,,,,,,,,,,,
1495,2.713,0.0301,0.0809873640537262,2e-05,,,,,,,,,,,
1500,2.722,0.0312,0.10402161628007889,2e-05,,,,,,,,,,,
1505,2.731,0.0305,0.11336197704076767,2e-05,,,,,,,,,,,
1510,2.74,0.0312,0.1258915215730667,2e-05,,,,,,,,,,,
1515,2.75,0.0294,0.09993769228458405,2e-05,,,,,,,,,,,
1520,2.759,0.0315,0.11361640691757202,2e-05,,,,,,,,,,,
1525,2.768,0.0294,0.10160651803016663,2e-05,,,,,,,,,,,
1530,2.777,0.0304,0.14252863824367523,2e-05,,,,,,,,,,,
1535,2.786,0.0304,0.09526771306991577,2e-05,,,,,,,,,,,
1540,2.795,0.03,0.1296260505914688,2e-05,,,,,,,,,,,
1545,2.804,0.032,0.09475845098495483,2e-05,,,,,,,,,,,
1550,2.813,0.0296,0.231532484292984,2e-05,,,,,,,,,,,
1555,2.822,0.0316,0.12221993505954742,2e-05,,,,,,,,,,,
1560,2.831,0.032,0.13677629828453064,2e-05,,,,,,,,,,,
1565,2.84,0.03,0.11849251389503479,2e-05,,,,,,,,,,,
1570,2.849,0.0291,0.11092989146709442,2e-05,,,,,,,,,,,
1575,2.858,0.028,0.15460684895515442,2e-05,,,,,,,,,,,
1580,2.868,0.0305,0.11923065036535263,2e-05,,,,,,,,,,,
1585,2.877,0.0304,0.0938645526766777,2e-05,,,,,,,,,,,
1590,2.886,0.0271,0.09257397800683975,2e-05,,,,,,,,,,,
1595,2.895,0.0278,0.10683633387088776,2e-05,,,,,,,,,,,
1600,2.904,0.0284,0.09503985941410065,2e-05,,,,,,,,,,,
1605,2.913,0.0297,0.11152956634759903,2e-05,,,,,,,,,,,
1610,2.922,0.0313,0.13065139949321747,2e-05,,,,,,,,,,,
1615,2.931,0.0273,0.11788872629404068,2e-05,,,,,,,,,,,
1620,2.94,0.0294,0.10283445566892624,2e-05,,,,,,,,,,,
1625,2.949,0.0296,0.09256815910339355,2e-05,,,,,,,,,,,
1630,2.958,0.0275,0.10690922290086746,2e-05,,,,,,,,,,,
1635,2.967,0.0313,0.13377735018730164,2e-05,,,,,,,,,,,
1640,2.976,0.0315,0.09202714264392853,2e-05,,,,,,,,,,,
1645,2.985,0.0276,0.11535801738500595,2e-05,,,,,,,,,,,
1650,2.995,0.0295,0.11282886564731598,2e-05,,,,,,,,,,,
1653,3.0,,,,0.8130841120991704,0.8130841120991704,6.7132,140.767,0.745,,,,,,
1655,3.004,0.0272,0.11066240817308426,2e-05,,,,,,,,,,,
1660,3.013,0.0277,0.10292844474315643,2e-05,,,,,,,,,,,
1665,3.022,0.0282,0.11146943271160126,2e-05,,,,,,,,,,,
1670,3.031,0.0269,0.10962499678134918,2e-05,,,,,,,,,,,
1675,3.04,0.0275,0.08862411975860596,2e-05,,,,,,,,,,,
1680,3.049,0.0303,0.13006828725337982,2e-05,,,,,,,,,,,
1685,3.058,0.0257,0.09532450884580612,2e-05,,,,,,,,,,,
1690,3.067,0.0309,0.08052783459424973,2e-05,,,,,,,,,,,
1695,3.076,0.0293,0.0953604206442833,2e-05,,,,,,,,,,,
1700,3.085,0.0272,0.10184918344020844,2e-05,,,,,,,,,,,
1705,3.094,0.0293,0.103545181453228,2e-05,,,,,,,,,,,
1710,3.103,0.0276,0.08876112848520279,2e-05,,,,,,,,,,,
1715,3.113,0.0288,0.11376447975635529,2e-05,,,,,,,,,,,
1720,3.122,0.0299,0.07974793761968613,2e-05,,,,,,,,,,,
1725,3.131,0.0279,0.09280789643526077,2e-05,,,,,,,,,,,
1730,3.14,0.0259,0.13521318137645721,2e-05,,,,,,,,,,,
1735,3.149,0.0285,0.08140803873538971,2e-05,,,,,,,,,,,
1740,3.158,0.0261,0.09224152565002441,2e-05,,,,,,,,,,,
1745,3.167,0.0281,0.1318812221288681,2e-05,,,,,,,,,,,
1750,3.176,0.0298,0.13594111800193787,2e-05,,,,,,,,,,,
1755,3.185,0.031,0.10957363247871399,2e-05,,,,,,,,,,,
1760,3.194,0.0272,0.08752357214689255,2e-05,,,,,,,,,,,
1765,3.203,0.0283,0.12336637824773788,2e-05,,,,,,,,,,,
1770,3.212,0.0238,0.12467876076698303,2e-05,,,,,,,,,,,
1775,3.221,0.0278,0.10180121660232544,2e-05,,,,,,,,,,,
1780,3.23,0.0293,0.10713744908571243,2e-05,,,,,,,,,,,
1785,3.24,0.0258,0.11961699277162552,2e-05,,,,,,,,,,,
1790,3.249,0.0252,0.07676662504673004,2e-05,,,,,,,,,,,
1795,3.258,0.0279,0.11399181187152863,2e-05,,,,,,,,,,,
1800,3.267,0.0282,0.1091136708855629,2e-05,,,,,,,,,,,
1805,3.276,0.029,0.08882399648427963,2e-05,,,,,,,,,,,
1810,3.285,0.0263,0.11612208187580109,2e-05,,,,,,,,,,,
1815,3.294,0.0246,0.09242193400859833,2e-05,,,,,,,,,,,
1820,3.303,0.0273,0.1186090037226677,2e-05,,,,,,,,,,,
1825,3.312,0.0271,0.08476191014051437,2e-05,,,,,,,,,,,
1830,3.321,0.0265,0.08684666454792023,2e-05,,,,,,,,,,,
1835,3.33,0.0275,0.09484024345874786,2e-05,,,,,,,,,,,
1840,3.339,0.0291,0.0861254632472992,2e-05,,,,,,,,,,,
1845,3.348,0.0297,0.25878074765205383,2e-05,,,,,,,,,,,
1850,3.358,0.0272,0.08224781602621078,2e-05,,,,,,,,,,,
1855,3.367,0.0256,0.1040767952799797,2e-05,,,,,,,,,,,
1860,3.376,0.0257,0.08418181538581848,2e-05,,,,,,,,,,,
1865,3.385,0.0297,0.08953700214624405,2e-05,,,,,,,,,,,
1870,3.394,0.0278,0.1998579204082489,2e-05,,,,,,,,,,,
1875,3.403,0.0271,0.09905179589986801,2e-05,,,,,,,,,,,
1880,3.412,0.029,0.10774267464876175,2e-05,,,,,,,,,,,
1885,3.421,0.0287,0.09381382167339325,2e-05,,,,,,,,,,,
1890,3.43,0.0259,0.12025951594114304,2e-05,,,,,,,,,,,
1895,3.439,0.027,0.09895839542150497,2e-05,,,,,,,,,,,
1900,3.448,0.0252,0.12682726979255676,2e-05,,,,,,,,,,,
1905,3.457,0.0262,0.11672314256429672,2e-05,,,,,,,,,,,
1910,3.466,0.0255,0.08048515766859055,2e-05,,,,,,,,,,,
1915,3.475,0.0268,0.11996316909790039,2e-05,,,,,,,,,,,
1920,3.485,0.0261,0.11924181133508682,2e-05,,,,,,,,,,,
1925,3.494,0.0266,0.07860486954450607,2e-05,,,,,,,,,,,
1928,3.499,,,,0.8226950354106066,0.8226950354106066,6.6786,141.497,0.749,,,,,,
1930,3.503,0.0255,0.09039304405450821,2e-05,,,,,,,,,,,
1935,3.512,0.026,0.08843730390071869,2e-05,,,,,,,,,,,
1940,3.521,0.0279,0.11579384654760361,2e-05,,,,,,,,,,,
1945,3.53,0.0267,0.1605350375175476,2e-05,,,,,,,,,,,
1950,3.539,0.0276,0.09819792956113815,2e-05,,,,,,,,,,,
1955,3.548,0.026,0.07719248533248901,2e-05,,,,,,,,,,,
1960,3.557,0.0253,0.11485555022954941,2e-05,,,,,,,,,,,
1965,3.566,0.0263,0.08557142317295074,2e-05,,,,,,,,,,,
1970,3.575,0.0283,0.09437446296215057,2e-05,,,,,,,,,,,
1975,3.584,0.0258,0.1014716774225235,2e-05,,,,,,,,,,,
1980,3.593,0.0254,0.0995645597577095,2e-05,,,,,,,,,,,
1985,3.603,0.0255,0.07932273298501968,2e-05,,,,,,,,,,,
1990,3.612,0.0278,0.08908767998218536,2e-05,,,,,,,,,,,
1995,3.621,0.0298,0.12865376472473145,2e-05,,,,,,,,,,,
2000,3.63,0.0268,0.14027945697307587,2e-05,,,,,,,,,,,
2005,3.639,0.0262,0.12267018109560013,2e-05,,,,,,,,,,,
2010,3.648,0.0256,0.10319719463586807,2e-05,,,,,,,,,,,
2015,3.657,0.0255,0.09604032337665558,2e-05,,,,,,,,,,,
2020,3.666,0.0261,0.09209751337766647,2e-05,,,,,,,,,,,
2025,3.675,0.0244,0.08849072456359863,2e-05,,,,,,,,,,,
2030,3.684,0.0253,0.08817538619041443,2e-05,,,,,,,,,,,
2035,3.693,0.0284,0.12584146857261658,2e-05,,,,,,,,,,,
2040,3.702,0.0264,0.19211895763874054,2e-05,,,,,,,,,,,
2045,3.711,0.0253,0.30182990431785583,2e-05,,,,,,,,,,,
2050,3.721,0.0249,0.12509453296661377,2e-05,,,,,,,,,,,
2055,3.73,0.0278,0.07846207916736603,2e-05,,,,,,,,,,,
2060,3.739,0.0233,0.09365638345479965,2e-05,,,,,,,,,,,
2065,3.748,0.0245,0.11116057634353638,2e-05,,,,,,,,,,,
2070,3.757,0.0266,0.08651807904243469,2e-05,,,,,,,,,,,
2075,3.766,0.0239,0.10599313676357269,2e-05,,,,,,,,,,,
2080,3.775,0.0255,0.14840123057365417,2e-05,,,,,,,,,,,
2085,3.784,0.0254,0.0804634615778923,2e-05,,,,,,,,,,,
2090,3.793,0.0245,0.09915414452552795,2e-05,,,,,,,,,,,
2095,3.802,0.0258,0.07658140361309052,2e-05,,,,,,,,,,,
2100,3.811,0.025,0.10079542547464371,2e-05,,,,,,,,,,,
2105,3.82,0.0268,0.11928785592317581,2e-05,,,,,,,,,,,
2110,3.829,0.0265,0.08364392817020416,2e-05,,,,,,,,,,,
2115,3.838,0.0265,0.12796466052532196,2e-05,,,,,,,,,,,
2120,3.848,0.026,0.09512781351804733,2e-05,,,,,,,,,,,
2125,3.857,0.0249,0.07958420366048813,2e-05,,,,,,,,,,,
2130,3.866,0.0263,0.09480041265487671,2e-05,,,,,,,,,,,
2135,3.875,0.0255,0.5734548568725586,2e-05,,,,,,,,,,,
2140,3.884,0.0243,0.07627575844526291,2e-05,,,,,,,,,,,
2145,3.893,0.0276,0.11917398124933243,2e-05,,,,,,,,,,,
2150,3.902,0.0243,0.09011133760213852,2e-05,,,,,,,,,,,
2155,3.911,0.0244,0.13539297878742218,2e-05,,,,,,,,,,,
2160,3.92,0.0255,0.0951303094625473,2e-05,,,,,,,,,,,
2165,3.929,0.0276,0.11011473089456558,2e-05,,,,,,,,,,,
2170,3.938,0.0259,0.0956776961684227,2e-05,,,,,,,,,,,
2175,3.947,0.0268,0.11494334042072296,2e-05,,,,,,,,,,,
2180,3.956,0.0244,0.08403907716274261,2e-05,,,,,,,,,,,
2185,3.966,0.025,0.07992708683013916,2e-05,,,,,,,,,,,
2190,3.975,0.0253,0.07233118265867233,2e-05,,,,,,,,,,,
2195,3.984,0.0245,0.07709302008152008,2e-05,,,,,,,,,,,
2200,3.993,0.0272,0.09594728797674179,2e-05,,,,,,,,,,,
2204,4.0,,,,0.8246445497126436,0.8246445497126436,6.745,140.103,0.741,,,,,,
2205,4.002,0.0251,0.08782269805669785,2e-05,,,,,,,,,,,
2210,4.011,0.0242,0.10942064225673676,2e-05,,,,,,,,,,,
2215,4.02,0.0259,0.10228077322244644,2e-05,,,,,,,,,,,
2220,4.029,0.0237,0.07828192412853241,2e-05,,,,,,,,,,,
2225,4.038,0.024,0.1296737641096115,2e-05,,,,,,,,,,,
2230,4.047,0.0249,0.087163046002388,2e-05,,,,,,,,,,,
2235,4.056,0.0239,0.07277190685272217,2e-05,,,,,,,,,,,
2240,4.065,0.0257,0.07600075751543045,2e-05,,,,,,,,,,,
2245,4.074,0.023,0.10339860618114471,2e-05,,,,,,,,,,,
2250,4.083,0.0245,0.08101307600736618,2e-05,,,,,,,,,,,
2255,4.093,0.0242,0.0880768895149231,2e-05,,,,,,,,,,,
2260,4.102,0.0245,0.07950302958488464,2e-05,,,,,,,,,,,
2265,4.111,0.0259,0.1049543246626854,2e-05,,,,,,,,,,,
2270,4.12,0.0239,0.07405097782611847,2e-05,,,,,,,,,,,
2275,4.129,0.0231,0.07088157534599304,2e-05,,,,,,,,,,,
2280,4.138,0.0244,0.07787784934043884,2e-05,,,,,,,,,,,
2285,4.147,0.0243,0.07690241932868958,2e-05,,,,,,,,,,,
2290,4.156,0.0251,0.1374281942844391,2e-05,,,,,,,,,,,
2295,4.165,0.0247,0.10139264166355133,2e-05,,,,,,,,,,,
2300,4.174,0.0247,0.08952884376049042,2e-05,,,,,,,,,,,
2305,4.183,0.0249,0.09039861708879471,2e-05,,,,,,,,,,,
2310,4.192,0.026,0.10805536061525345,2e-05,,,,,,,,,,,
2315,4.201,0.026,0.0998353511095047,2e-05,,,,,,,,,,,
2320,4.211,0.0229,0.08680924028158188,2e-05,,,,,,,,,,,
2325,4.22,0.0247,0.10400174558162689,2e-05,,,,,,,,,,,
2330,4.229,0.0236,0.0823073536157608,2e-05,,,,,,,,,,,
2335,4.238,0.0248,0.08900809288024902,2e-05,,,,,,,,,,,
2340,4.247,0.0242,0.10921910405158997,2e-05,,,,,,,,,,,
2345,4.256,0.023,0.09671362489461899,2e-05,,,,,,,,,,,
2350,4.265,0.0256,0.10333242267370224,2e-05,,,,,,,,,,,
2355,4.274,0.0246,0.12199278175830841,2e-05,,,,,,,,,,,
2360,4.283,0.0245,0.1379518359899521,2e-05,,,,,,,,,,,
2365,4.292,0.022,0.10567493736743927,2e-05,,,,,,,,,,,
2370,4.301,0.0247,0.13659468293190002,2e-05,,,,,,,,,,,
2375,4.31,0.023,0.1077427938580513,2e-05,,,,,,,,,,,
2380,4.319,0.0242,0.12163389474153519,2e-05,,,,,,,,,,,
2385,4.328,0.0228,0.08118545264005661,2e-05,,,,,,,,,,,
2390,4.338,0.0206,0.11507187783718109,2e-05,,,,,,,,,,,
2395,4.347,0.0231,0.09534244984388351,2e-05,,,,,,,,,,,
2400,4.356,0.023,0.09163598716259003,2e-05,,,,,,,,,,,
2405,4.365,0.0258,0.11995434015989304,2e-05,,,,,,,,,,,
2410,4.374,0.0239,0.11247530579566956,2e-05,,,,,,,,,,,
2415,4.383,0.0255,0.08642657101154327,2e-05,,,,,,,,,,,
2420,4.392,0.0233,0.09358588606119156,2e-05,,,,,,,,,,,
2425,4.401,0.0235,0.11653241515159607,2e-05,,,,,,,,,,,
2430,4.41,0.0243,0.09990406781435013,2e-05,,,,,,,,,,,
2435,4.419,0.0225,0.0784766748547554,2e-05,,,,,,,,,,,
2440,4.428,0.0237,0.09571867436170578,2e-05,,,,,,,,,,,
2445,4.437,0.023,0.16611036658287048,2e-05,,,,,,,,,,,
2450,4.446,0.0249,0.13660895824432373,2e-05,,,,,,,,,,,
2455,4.456,0.0235,0.20478776097297668,2e-05,,,,,,,,,,,
2460,4.465,0.0239,0.11055103689432144,2e-05,,,,,,,,,,,
2465,4.474,0.0239,0.07756445556879044,2e-05,,,,,,,,,,,
2470,4.483,0.0238,0.11308697611093521,2e-05,,,,,,,,,,,
2475,4.492,0.0221,0.11448580026626587,2e-05,,,,,,,,,,,
2480,4.501,0.0259,0.1076945886015892,2e-05,,,,,,,,,,,
2480,4.501,,,,0.8199052132197547,0.8199052132197547,6.7232,140.558,0.744,,,,,,
2485,4.51,0.021,0.10498592257499695,2e-05,,,,,,,,,,,
2490,4.519,0.0212,0.089642234146595,2e-05,,,,,,,,,,,
2495,4.528,0.0236,0.09919586777687073,2e-05,,,,,,,,,,,
2500,4.537,0.0227,0.0782332643866539,2e-05,,,,,,,,,,,
2505,4.546,0.0219,0.08508723229169846,2e-05,,,,,,,,,,,
2510,4.555,0.0231,0.07471724599599838,2e-05,,,,,,,,,,,
2515,4.564,0.0243,0.09175071865320206,2e-05,,,,,,,,,,,
2520,4.574,0.0226,0.09052662551403046,2e-05,,,,,,,,,,,
2525,4.583,0.022,0.08037597686052322,2e-05,,,,,,,,,,,
2530,4.592,0.0225,0.08194894343614578,2e-05,,,,,,,,,,,
2535,4.601,0.0232,0.1134333685040474,2e-05,,,,,,,,,,,
2540,4.61,0.0228,0.12199091166257858,2e-05,,,,,,,,,,,
2545,4.619,0.0224,0.09643574804067612,2e-05,,,,,,,,,,,
2550,4.628,0.0223,0.14849291741847992,2e-05,,,,,,,,,,,
2555,4.637,0.0222,0.10778407007455826,2e-05,,,,,,,,,,,
2560,4.646,0.0199,0.08391672372817993,2e-05,,,,,,,,,,,
2565,4.655,0.0228,0.10917994379997253,2e-05,,,,,,,,,,,
2570,4.664,0.0223,0.08562789112329483,2e-05,,,,,,,,,,,
2575,4.673,0.0216,0.09044789522886276,2e-05,,,,,,,,,,,
2580,4.682,0.0228,0.10105971246957779,2e-05,,,,,,,,,,,
2585,4.691,0.023,0.10070687532424927,2e-05,,,,,,,,,,,
2590,4.701,0.0218,0.08599100261926651,2e-05,,,,,,,,,,,
2595,4.71,0.0214,0.06409697979688644,2e-05,,,,,,,,,,,
2600,4.719,0.0232,0.08661442995071411,2e-05,,,,,,,,,,,
2605,4.728,0.02,0.10043994337320328,2e-05,,,,,,,,,,,
2610,4.737,0.0234,0.06931360065937042,2e-05,,,,,,,,,,,
2615,4.746,0.0231,0.15637043118476868,2e-05,,,,,,,,,,,
2620,4.755,0.0218,0.13155707716941833,2e-05,,,,,,,,,,,
2625,4.764,0.0205,0.0946177989244461,2e-05,,,,,,,,,,,
2630,4.773,0.0247,0.11635302752256393,2e-05,,,,,,,,,,,
2635,4.782,0.0229,0.12179673463106155,2e-05,,,,,,,,,,,
2640,4.791,0.0242,0.07275112718343735,2e-05,,,,,,,,,,,
2645,4.8,0.0261,0.109810009598732,2e-05,,,,,,,,,,,
2650,4.809,0.0239,0.10394743829965591,2e-05,,,,,,,,,,,
2655,4.819,0.0237,0.09822841733694077,2e-05,,,,,,,,,,,
2660,4.828,0.0221,0.08276357501745224,2e-05,,,,,,,,,,,
2665,4.837,0.0227,0.10007444769144058,2e-05,,,,,,,,,,,
2670,4.846,0.0203,0.0812271386384964,2e-05,,,,,,,,,,,
2675,4.855,0.0196,0.1253448724746704,2e-05,,,,,,,,,,,
2680,4.864,0.0221,0.08248406648635864,2e-05,,,,,,,,,,,
2685,4.873,0.0222,0.07730467617511749,2e-05,,,,,,,,,,,
2690,4.882,0.0223,0.11229410022497177,2e-05,,,,,,,,,,,
2695,4.891,0.0233,0.09061715006828308,2e-05,,,,,,,,,,,
2700,4.9,0.0224,0.08092833310365677,2e-05,,,,,,,,,,,
2705,4.909,0.0213,0.10237471014261246,2e-05,,,,,,,,,,,
2710,4.918,0.0219,0.07897194474935532,2e-05,,,,,,,,,,,
2715,4.927,0.0222,0.10455042868852615,2e-05,,,,,,,,,,,
2720,4.936,0.023,0.07123199105262756,2e-05,,,,,,,,,,,
2725,4.946,0.0214,0.09254328906536102,2e-05,,,,,,,,,,,
2730,4.955,0.0243,0.0747370645403862,2e-05,,,,,,,,,,,
2735,4.964,0.0216,0.0875910222530365,2e-05,,,,,,,,,,,
2740,4.973,0.0207,0.0748322531580925,2e-05,,,,,,,,,,,
2745,4.982,0.0235,0.09725311398506165,2e-05,,,,,,,,,,,
2750,4.991,0.0231,0.08279702067375183,2e-05,,,,,,,,,,,
2755,5.0,0.0222,0.10938078910112381,2e-05,,,,,,,,,,,
2755,5.0,,,,0.815165876726866,0.815165876726866,6.6873,141.313,0.748,,,,,,
2760,5.009,0.022,0.09937622398138046,2e-05,,,,,,,,,,,
2765,5.018,0.0235,0.07861828058958054,2e-05,,,,,,,,,,,
2770,5.027,0.0217,0.11421585083007812,2e-05,,,,,,,,,,,
2775,5.036,0.0219,0.09822706878185272,2e-05,,,,,,,,,,,
2780,5.045,0.0218,0.12379708141088486,2e-05,,,,,,,,,,,
2785,5.054,0.0224,0.169850155711174,2e-05,,,,,,,,,,,
2790,5.064,0.0219,0.09674501419067383,2e-05,,,,,,,,,,,
2795,5.073,0.0219,0.07726103812456131,2e-05,,,,,,,,,,,
2800,5.082,0.0217,0.08513154834508896,2e-05,,,,,,,,,,,
2805,5.091,0.0232,0.10572017729282379,2e-05,,,,,,,,,,,
2810,5.1,0.0231,0.08838122338056564,2e-05,,,,,,,,,,,
2815,5.109,0.0218,0.10057035833597183,2e-05,,,,,,,,,,,
2820,5.118,0.0204,0.08006753027439117,2e-05,,,,,,,,,,,
2825,5.127,0.0228,0.08401037752628326,2e-05,,,,,,,,,,,
2830,5.136,0.0216,0.1188732162117958,2e-05,,,,,,,,,,,
2835,5.145,0.0216,0.18978841602802277,2e-05,,,,,,,,,,,
2840,5.154,0.0194,0.12155423313379288,2e-05,,,,,,,,,,,
2845,5.163,0.0208,0.07489819824695587,2e-05,,,,,,,,,,,
2850,5.172,0.0221,0.08407176285982132,2e-05,,,,,,,,,,,
2855,5.181,0.0205,0.08911921828985214,2e-05,,,,,,,,,,,
2860,5.191,0.0193,0.09021931886672974,2e-05,,,,,,,,,,,
2865,5.2,0.0223,0.07240719348192215,2e-05,,,,,,,,,,,
2870,5.209,0.0215,0.17362478375434875,2e-05,,,,,,,,,,,
2875,5.218,0.02,0.08574705570936203,2e-05,,,,,,,,,,,
2880,5.227,0.0203,0.09405992180109024,2e-05,,,,,,,,,,,
2885,5.236,0.0206,0.09061472117900848,2e-05,,,,,,,,,,,
2890,5.245,0.021,0.1278277486562729,2e-05,,,,,,,,,,,
2895,5.254,0.0202,0.09327751398086548,2e-05,,,,,,,,,,,
2900,5.263,0.0218,0.09388244152069092,2e-05,,,,,,,,,,,
2905,5.272,0.0224,0.09335688501596451,2e-05,,,,,,,,,,,
2910,5.281,0.0209,0.09183584153652191,2e-05,,,,,,,,,,,
2915,5.29,0.0193,0.10687988996505737,2e-05,,,,,,,,,,,
2920,5.299,0.0219,0.10575278103351593,2e-05,,,,,,,,,,,
2925,5.309,0.0211,0.08119691908359528,2e-05,,,,,,,,,,,
2930,5.318,0.0206,0.07800821214914322,2e-05,,,,,,,,,,,
2935,5.327,0.0194,0.09637216478586197,2e-05,,,,,,,,,,,
2940,5.336,0.0219,0.08795666694641113,2e-05,,,,,,,,,,,
2945,5.345,0.0219,0.08628946542739868,2e-05,,,,,,,,,,,
2950,5.354,0.0214,0.08660066872835159,2e-05,,,,,,,,,,,
2955,5.363,0.0208,0.08468173444271088,2e-05,,,,,,,,,,,
2960,5.372,0.0226,0.08606898784637451,2e-05,,,,,,,,,,,
2965,5.381,0.0215,0.10014938563108444,2e-05,,,,,,,,,,,
2970,5.39,0.0209,0.11383800208568573,2e-05,,,,,,,,,,,
2975,5.399,0.022,0.08742127567529678,2e-05,,,,,,,,,,,
2980,5.408,0.0209,0.08580076694488525,2e-05,,,,,,,,,,,
2985,5.417,0.0191,0.11776188760995865,2e-05,,,,,,,,,,,
2990,5.426,0.0219,0.1168847531080246,2e-05,,,,,,,,,,,
2995,5.436,0.0199,0.075945183634758,2e-05,,,,,,,,,,,
3000,5.445,0.0198,0.08847654610872269,2e-05,,,,,,,,,,,
3005,5.454,0.0181,0.08663950115442276,2e-05,,,,,,,,,,,
3010,5.463,0.024,0.12586237490177155,2e-05,,,,,,,,,,,
3015,5.472,0.0219,0.09005650132894516,2e-05,,,,,,,,,,,
3020,5.481,0.0195,0.09119506925344467,2e-05,,,,,,,,,,,
3025,5.49,0.0186,0.08849798142910004,2e-05,,,,,,,,,,,
3030,5.499,0.0199,0.07396499067544937,2e-05,,,,,,,,,,,
3030,5.499,,,,0.8047619047115215,0.8047619047115215,6.8808,137.339,0.727,,,,,,
3035,5.508,0.0207,0.07956825941801071,2e-05,,,,,,,,,,,
3040,5.517,0.0212,0.07090397924184799,2e-05,,,,,,,,,,,
3045,5.526,0.0193,0.09198442846536636,2e-05,,,,,,,,,,,
3050,5.535,0.0205,0.11755571514368057,2e-05,,,,,,,,,,,
3055,5.544,0.0197,0.0789807066321373,2e-05,,,,,,,,,,,
3060,5.554,0.0189,0.08722954243421555,2e-05,,,,,,,,,,,
3065,5.563,0.0195,0.0875721350312233,2e-05,,,,,,,,,,,
3070,5.572,0.0201,0.18473877012729645,2e-05,,,,,,,,,,,
3075,5.581,0.0207,0.1107269898056984,2e-05,,,,,,,,,,,
3080,5.59,0.0192,0.07176712900400162,2e-05,,,,,,,,,,,
3085,5.599,0.0202,0.09538747370243073,2e-05,,,,,,,,,,,
3090,5.608,0.0203,0.09236137568950653,2e-05,,,,,,,,,,,
3095,5.617,0.022,0.08733290433883667,2e-05,,,,,,,,,,,
3100,5.626,0.024,0.10177262872457504,2e-05,,,,,,,,,,,
3105,5.635,0.0193,0.07076170295476913,2e-05,,,,,,,,,,,
3110,5.644,0.0202,0.09021998941898346,2e-05,,,,,,,,,,,
3115,5.653,0.0197,0.07733850181102753,2e-05,,,,,,,,,,,
3120,5.662,0.02,0.10502707958221436,2e-05,,,,,,,,,,,
3125,5.672,0.019,0.09298238158226013,2e-05,,,,,,,,,,,
3130,5.681,0.0195,0.08222490549087524,2e-05,,,,,,,,,,,
3135,5.69,0.0204,0.0927833840250969,2e-05,,,,,,,,,,,
3140,5.699,0.0187,0.07383626699447632,2e-05,,,,,,,,,,,
3145,5.708,0.0235,0.10139105468988419,2e-05,,,,,,,,,,,
3150,5.717,0.0195,0.0874035656452179,2e-05,,,,,,,,,,,
3155,5.726,0.0197,0.09723746031522751,2e-05,,,,,,,,,,,
3160,5.735,0.0196,0.08553451299667358,2e-05,,,,,,,,,,,
3165,5.744,0.0192,0.1094505712389946,2e-05,,,,,,,,,,,
3170,5.753,0.0195,0.07407157868146896,2e-05,,,,,,,,,,,
3175,5.762,0.0205,0.10137540102005005,2e-05,,,,,,,,,,,
3180,5.771,0.0203,0.09302090853452682,2e-05,,,,,,,,,,,
3185,5.78,0.0198,0.06754001975059509,2e-05,,,,,,,,,,,
3190,5.789,0.0198,0.13237957656383514,2e-05,,,,,,,,,,,
3195,5.799,0.0199,0.0942341536283493,2e-05,,,,,,,,,,,
3200,5.808,0.0209,0.10736460983753204,2e-05,,,,,,,,,,,
3205,5.817,0.0211,0.08023252338171005,2e-05,,,,,,,,,,,
3210,5.826,0.0163,0.08596029877662659,2e-05,,,,,,,,,,,
3215,5.835,0.018,0.08181587606668472,2e-05,,,,,,,,,,,
3220,5.844,0.0209,0.1141776368021965,2e-05,,,,,,,,,,,
3225,5.853,0.0197,0.08805731683969498,2e-05,,,,,,,,,,,
3230,5.862,0.0194,0.08698652684688568,2e-05,,,,,,,,,,,
3235,5.871,0.0202,0.08497363328933716,2e-05,,,,,,,,,,,
3240,5.88,0.0189,0.07880853861570358,2e-05,,,,,,,,,,,
3245,5.889,0.0221,0.08698606491088867,2e-05,,,,,,,,,,,
3250,5.898,0.019,0.08706317096948624,2e-05,,,,,,,,,,,
3255,5.907,0.018,0.08664146810770035,2e-05,,,,,,,,,,,
3260,5.917,0.0184,0.09209668636322021,2e-05,,,,,,,,,,,
3265,5.926,0.0189,0.10701830685138702,2e-05,,,,,,,,,,,
3270,5.935,0.0206,0.1233581155538559,2e-05,,,,,,,,,,,
3275,5.944,0.019,0.07451833039522171,2e-05,,,,,,,,,,,
3280,5.953,0.0185,0.10249723494052887,2e-05,,,,,,,,,,,
3285,5.962,0.0222,0.11683852970600128,2e-05,,,,,,,,,,,
3290,5.971,0.0195,0.1104404404759407,2e-05,,,,,,,,,,,
3295,5.98,0.0195,0.12147179245948792,2e-05,,,,,,,,,,,
3300,5.989,0.019,0.1099492684006691,2e-05,,,,,,,,,,,
3305,5.998,0.019,0.09739139676094055,2e-05,,,,,,,,,,,
3306,6.0,,,,0.8009478672481997,0.8009478672481997,6.6302,142.529,0.754,,,,,,
3310,6.007,0.0188,0.09675924479961395,2e-05,,,,,,,,,,,
3315,6.016,0.0191,0.08428383618593216,2e-05,,,,,,,,,,,
3320,6.025,0.0171,0.08875756710767746,2e-05,,,,,,,,,,,
3325,6.034,0.0172,0.09307793527841568,2e-05,,,,,,,,,,,
3330,6.044,0.0198,0.11257137358188629,2e-05,,,,,,,,,,,
3335,6.053,0.0173,0.07540949434041977,2e-05,,,,,,,,,,,
3340,6.062,0.0198,0.06941195577383041,2e-05,,,,,,,,,,,
3345,6.071,0.0202,0.08307728916406631,2e-05,,,,,,,,,,,
3350,6.08,0.0189,0.1103210374712944,2e-05,,,,,,,,,,,
3355,6.089,0.0184,0.07935258746147156,2e-05,,,,,,,,,,,
3360,6.098,0.0196,0.12965700030326843,2e-05,,,,,,,,,,,
3365,6.107,0.0179,0.07545419782400131,2e-05,,,,,,,,,,,
3370,6.116,0.0176,0.11379179358482361,2e-05,,,,,,,,,,,
3375,6.125,0.0185,0.09190411865711212,2e-05,,,,,,,,,,,
3380,6.134,0.0195,0.09528781473636627,2e-05,,,,,,,,,,,
3385,6.143,0.0209,0.18839985132217407,2e-05,,,,,,,,,,,
3390,6.152,0.018,0.10147278755903244,2e-05,,,,,,,,,,,
3395,6.162,0.0177,0.11594093590974808,2e-05,,,,,,,,,,,
3400,6.171,0.018,0.17109200358390808,2e-05,,,,,,,,,,,
3405,6.18,0.0187,0.11286955326795578,2e-05,,,,,,,,,,,
3410,6.189,0.0183,0.06960588693618774,2e-05,,,,,,,,,,,
3415,6.198,0.0193,0.17417693138122559,2e-05,,,,,,,,,,,
3420,6.207,0.0188,0.0959584191441536,2e-05,,,,,,,,,,,
3425,6.216,0.0192,0.0977199524641037,2e-05,,,,,,,,,,,
3430,6.225,0.0173,0.08306954056024551,2e-05,,,,,,,,,,,
3435,6.234,0.0198,0.11235354095697403,2e-05,,,,,,,,,,,
3440,6.243,0.0172,0.10796739906072617,2e-05,,,,,,,,,,,
3445,6.252,0.0189,0.09536442905664444,2e-05,,,,,,,,,,,
3450,6.261,0.0172,0.09028004854917526,2e-05,,,,,,,,,,,
3455,6.27,0.0197,0.118658147752285,2e-05,,,,,,,,,,,
3460,6.279,0.0195,0.10822389274835587,2e-05,,,,,,,,,,,
3465,6.289,0.0187,0.08399629592895508,2e-05,,,,,,,,,,,
3470,6.298,0.0174,0.10700055211782455,2e-05,,,,,,,,,,,
3475,6.307,0.0192,0.08559032529592514,2e-05,,,,,,,,,,,
3480,6.316,0.0181,0.07677169144153595,2e-05,,,,,,,,,,,
3485,6.325,0.0193,0.15714946389198303,2e-05,,,,,,,,,,,
3490,6.334,0.0187,0.13272181153297424,2e-05,,,,,,,,,,,
3495,6.343,0.018,0.0851348266005516,2e-05,,,,,,,,,,,
3500,6.352,0.0166,0.09790699183940887,2e-05,,,,,,,,,,,
3505,6.361,0.0201,0.08564870804548264,2e-05,,,,,,,,,,,
3510,6.37,0.0186,0.10596027225255966,2e-05,,,,,,,,,,,
3515,6.379,0.0162,0.0871068462729454,2e-05,,,,,,,,,,,
3520,6.388,0.0179,0.07198378443717957,2e-05,,,,,,,,,,,
3525,6.397,0.0181,0.08297556638717651,2e-05,,,,,,,,,,,
3530,6.407,0.0175,0.07014864683151245,2e-05,,,,,,,,,,,
3535,6.416,0.0178,0.08975657820701599,2e-05,,,,,,,,,,,
3540,6.425,0.0185,0.07161577045917511,2e-05,,,,,,,,,,,
3545,6.434,0.0173,0.0792374312877655,2e-05,,,,,,,,,,,
3550,6.443,0.0167,0.07888448238372803,2e-05,,,,,,,,,,,
3555,6.452,0.0201,0.10849068313837051,2e-05,,,,,,,,,,,
3560,6.461,0.018,0.07775183022022247,2e-05,,,,,,,,,,,
3565,6.47,0.0181,0.08385439217090607,2e-05,,,,,,,,,,,
3570,6.479,0.0168,0.07746479660272598,2e-05,,,,,,,,,,,
3575,6.488,0.0195,0.08928284794092178,2e-05,,,,,,,,,,,
3580,6.497,0.0193,0.0935589000582695,2e-05,,,,,,,,,,,
3582,6.501,,,,0.797169811270383,0.797169811270383,7.0399,134.236,0.71,,,,,,
3585,6.506,0.0172,0.09967663884162903,2e-05,,,,,,,,,,,
3590,6.515,0.0205,0.11034538596868515,2e-05,,,,,,,,,,,
3595,6.525,0.0174,0.10616011917591095,2e-05,,,,,,,,,,,
3600,6.534,0.017,0.09240078181028366,2e-05,,,,,,,,,,,
3605,6.543,0.0188,0.0978301391005516,2e-05,,,,,,,,,,,
3610,6.552,0.0172,0.1206621304154396,2e-05,,,,,,,,,,,
3615,6.561,0.0165,0.10898596793413162,2e-05,,,,,,,,,,,
3620,6.57,0.0186,0.10265588760375977,2e-05,,,,,,,,,,,
3625,6.579,0.0172,0.0790473073720932,2e-05,,,,,,,,,,,
3630,6.588,0.0167,0.07607968896627426,2e-05,,,,,,,,,,,
3635,6.597,0.0172,0.10696420073509216,2e-05,,,,,,,,,,,
3640,6.606,0.017,0.1078527569770813,2e-05,,,,,,,,,,,
3645,6.615,0.0181,0.11075302213430405,2e-05,,,,,,,,,,,
3650,6.624,0.018,0.0804300308227539,2e-05,,,,,,,,,,,
3655,6.633,0.018,0.08146297186613083,2e-05,,,,,,,,,,,
3660,6.642,0.0179,0.07056835293769836,2e-05,,,,,,,,,,,
3665,6.652,0.0188,0.08193506300449371,2e-05,,,,,,,,,,,
3670,6.661,0.016,0.13036881387233734,2e-05,,,,,,,,,,,
3675,6.67,0.0192,0.0882188156247139,2e-05,,,,,,,,,,,
3680,6.679,0.0192,0.08773312717676163,2e-05,,,,,,,,,,,
3685,6.688,0.0183,0.1586420238018036,2e-05,,,,,,,,,,,
3690,6.697,0.0177,0.0768580436706543,2e-05,,,,,,,,,,,
3695,6.706,0.0158,0.07957044243812561,2e-05,,,,,,,,,,,
3700,6.715,0.0175,0.06656681001186371,2e-05,,,,,,,,,,,
3705,6.724,0.0183,0.09935140609741211,2e-05,,,,,,,,,,,
3710,6.733,0.0163,0.08279977738857269,2e-05,,,,,,,,,,,
3715,6.742,0.0185,0.12943542003631592,2e-05,,,,,,,,,,,
3720,6.751,0.017,0.0799161046743393,2e-05,,,,,,,,,,,
3725,6.76,0.02,0.1004582867026329,2e-05,,,,,,,,,,,
3730,6.77,0.0163,0.09545372426509857,2e-05,,,,,,,,,,,
3735,6.779,0.0167,0.19801995158195496,2e-05,,,,,,,,,,,
3740,6.788,0.018,0.11219047755002975,2e-05,,,,,,,,,,,
3745,6.797,0.0166,0.09398333728313446,2e-05,,,,,,,,,,,
3750,6.806,0.0164,0.07588960230350494,2e-05,,,,,,,,,,,
3755,6.815,0.0191,0.097037672996521,2e-05,,,,,,,,,,,
3760,6.824,0.0183,0.09533385932445526,2e-05,,,,,,,,,,,
3765,6.833,0.0167,0.0835910215973854,2e-05,,,,,,,,,,,
3770,6.842,0.0184,0.06916109472513199,2e-05,,,,,,,,,,,
3775,6.851,0.0186,0.10724654048681259,2e-05,,,,,,,,,,,
3780,6.86,0.0179,0.10061924904584885,2e-05,,,,,,,,,,,
3785,6.869,0.0163,0.07203223556280136,2e-05,,,,,,,,,,,
3790,6.878,0.0166,0.08565297722816467,2e-05,,,,,,,,,,,
3795,6.887,0.0181,0.08686001598834991,2e-05,,,,,,,,,,,
3800,6.897,0.0159,0.09786886721849442,2e-05,,,,,,,,,,,
3805,6.906,0.0155,0.11480101943016052,2e-05,,,,,,,,,,,
3810,6.915,0.0155,0.10234510898590088,2e-05,,,,,,,,,,,
3815,6.924,0.0167,0.11320359259843826,2e-05,,,,,,,,,,,
3820,6.933,0.015,0.07549843192100525,2e-05,,,,,,,,,,,
3825,6.942,0.0204,0.1020079255104065,2e-05,,,,,,,,,,,
3830,6.951,0.0169,0.06279779970645905,2e-05,,,,,,,,,,,
3835,6.96,0.0181,0.09818314760923386,2e-05,,,,,,,,,,,
3840,6.969,0.0164,0.07424265891313553,2e-05,,,,,,,,,,,
3845,6.978,0.0165,0.07680591940879822,2e-05,,,,,,,,,,,
3850,6.987,0.0168,0.07585170865058899,2e-05,,,,,,,,,,,
3855,6.996,0.0173,0.07075654715299606,2e-05,,,,,,,,,,,
3857,7.0,,,,0.7990543734720834,0.7990543734720834,6.8263,138.435,0.732,,,,,,
3860,7.005,0.0174,0.11344578862190247,2e-05,,,,,,,,,,,
3865,7.015,0.0175,0.08172813802957535,2e-05,,,,,,,,,,,
3870,7.024,0.0162,0.0744866281747818,2e-05,,,,,,,,,,,
3875,7.033,0.0161,0.10478512197732925,2e-05,,,,,,,,,,,
3880,7.042,0.0174,0.15604138374328613,2e-05,,,,,,,,,,,
3885,7.051,0.0178,0.086026631295681,2e-05,,,,,,,,,,,
3890,7.06,0.0163,0.09728506952524185,2e-05,,,,,,,,,,,
3895,7.069,0.014,0.07882192730903625,2e-05,,,,,,,,,,,
3900,7.078,0.0167,0.14832161366939545,2e-05,,,,,,,,,,,
3905,7.087,0.0163,0.07564569264650345,2e-05,,,,,,,,,,,
3910,7.096,0.0169,0.09280967712402344,2e-05,,,,,,,,,,,
3915,7.105,0.0173,0.0896063968539238,2e-05,,,,,,,,,,,
3920,7.114,0.0168,0.15882135927677155,2e-05,,,,,,,,,,,
3925,7.123,0.0156,0.09388506412506104,2e-05,,,,,,,,,,,
3930,7.132,0.0176,0.077640101313591,2e-05,,,,,,,,,,,
3935,7.142,0.0156,0.08595046401023865,2e-05,,,,,,,,,,,
3940,7.151,0.0162,0.09072807431221008,2e-05,,,,,,,,,,,
3945,7.16,0.0177,0.08442992717027664,2e-05,,,,,,,,,,,
3950,7.169,0.0154,0.08653774112462997,2e-05,,,,,,,,,,,
3955,7.178,0.0157,0.07586964219808578,2e-05,,,,,,,,,,,
3960,7.187,0.0177,0.07070500403642654,2e-05,,,,,,,,,,,
3965,7.196,0.0169,0.07821681350469589,2e-05,,,,,,,,,,,
3970,7.205,0.0157,0.07593419402837753,2e-05,,,,,,,,,,,
3975,7.214,0.018,0.08728334307670593,2e-05,,,,,,,,,,,
3980,7.223,0.0154,0.10228436440229416,2e-05,,,,,,,,,,,
3985,7.232,0.0136,0.1486986130475998,2e-05,,,,,,,,,,,
3990,7.241,0.0161,0.1675242930650711,2e-05,,,,,,,,,,,
3995,7.25,0.0164,0.08797577768564224,2e-05,,,,,,,,,,,
4000,7.26,0.0152,0.08121296018362045,2e-05,,,,,,,,,,,
4005,7.269,0.0146,0.09940599650144577,2e-05,,,,,,,,,,,
4010,7.278,0.0162,0.08688225597143173,2e-05,,,,,,,,,,,
4015,7.287,0.0175,0.10551972687244415,2e-05,,,,,,,,,,,
4020,7.296,0.0167,0.08155729621648788,2e-05,,,,,,,,,,,
4025,7.305,0.0153,0.08871246129274368,2e-05,,,,,,,,,,,
4030,7.314,0.0139,0.07865172624588013,2e-05,,,,,,,,,,,
4035,7.323,0.016,0.08595915138721466,2e-05,,,,,,,,,,,
4040,7.332,0.0156,0.08694828301668167,2e-05,,,,,,,,,,,
4045,7.341,0.0163,0.14703375101089478,2e-05,,,,,,,,,,,
4050,7.35,0.0186,0.12559427320957184,2e-05,,,,,,,,,,,
4055,7.359,0.0153,0.09386574476957321,2e-05,,,,,,,,,,,
4060,7.368,0.0161,0.09265697747468948,2e-05,,,,,,,,,,,
4065,7.377,0.0144,0.07015622407197952,2e-05,,,,,,,,,,,
4070,7.387,0.0164,0.1204281821846962,2e-05,,,,,,,,,,,
4075,7.396,0.0145,0.07607590407133102,2e-05,,,,,,,,,,,
4080,7.405,0.0164,0.08048144727945328,2e-05,,,,,,,,,,,
4085,7.414,0.0157,0.07691933214664459,2e-05,,,,,,,,,,,
4090,7.423,0.015,0.10910652577877045,2e-05,,,,,,,,,,,
4095,7.432,0.0169,0.2382427603006363,2e-05,,,,,,,,,,,
4100,7.441,0.0162,0.17213843762874603,2e-05,,,,,,,,,,,
4105,7.45,0.016,0.08141126483678818,2e-05,,,,,,,,,,,
4110,7.459,0.0165,0.08720434457063675,2e-05,,,,,,,,,,,
4115,7.468,0.0152,0.07989723235368729,2e-05,,,,,,,,,,,
4120,7.477,0.0151,0.28378868103027344,2e-05,,,,,,,,,,,
4125,7.486,0.0143,0.1012677252292633,2e-05,,,,,,,,,,,
4130,7.495,0.0139,0.07871638983488083,2e-05,,,,,,,,,,,
4132,7.499,,,,0.8066037735345296,0.8066037735345296,6.9432,136.105,0.72,,,,,,
4135,7.505,0.0168,0.11834707856178284,2e-05,,,,,,,,,,,
4140,7.514,0.0161,0.08085053414106369,2e-05,,,,,,,,,,,
4145,7.523,0.0173,0.16784581542015076,2e-05,,,,,,,,,,,
4150,7.532,0.0156,0.08685535937547684,2e-05,,,,,,,,,,,
4155,7.541,0.0145,0.11621760576963425,2e-05,,,,,,,,,,,
4160,7.55,0.0146,0.08044084161520004,2e-05,,,,,,,,,,,
4165,7.559,0.0147,0.0830226019024849,2e-05,,,,,,,,,,,
4170,7.568,0.0178,0.08381591737270355,2e-05,,,,,,,,,,,
4175,7.577,0.0161,0.08137396723031998,2e-05,,,,,,,,,,,
4180,7.586,0.0153,0.07502604275941849,2e-05,,,,,,,,,,,
4185,7.595,0.0166,0.07317443192005157,2e-05,,,,,,,,,,,
4190,7.604,0.0135,0.08746109157800674,2e-05,,,,,,,,,,,
4195,7.613,0.0147,0.07493054866790771,2e-05,,,,,,,,,,,
4200,7.623,0.0166,0.06930568069219589,2e-05,,,,,,,,,,,
4205,7.632,0.015,0.08861915022134781,2e-05,,,,,,,,,,,
4210,7.641,0.0148,0.09715460985898972,2e-05,,,,,,,,,,,
4215,7.65,0.0174,0.09034924954175949,2e-05,,,,,,,,,,,
4220,7.659,0.0158,0.09290452301502228,2e-05,,,,,,,,,,,
4225,7.668,0.0146,0.08987884968519211,2e-05,,,,,,,,,,,
4230,7.677,0.015,0.08388979732990265,2e-05,,,,,,,,,,,
4235,7.686,0.0166,0.14802579581737518,2e-05,,,,,,,,,,,
4240,7.695,0.0142,0.26062506437301636,2e-05,,,,,,,,,,,
4245,7.704,0.0153,0.07501183450222015,2e-05,,,,,,,,,,,
4250,7.713,0.0158,0.08931080996990204,2e-05,,,,,,,,,,,
4255,7.722,0.0135,0.09008879959583282,2e-05,,,,,,,,,,,
4260,7.731,0.0156,0.0945182591676712,2e-05,,,,,,,,,,,
4265,7.74,0.0147,0.07895323634147644,2e-05,,,,,,,,,,,
4270,7.75,0.0149,0.11818031221628189,2e-05,,,,,,,,,,,
4275,7.759,0.0149,0.0830521434545517,2e-05,,,,,,,,,,,
4280,7.768,0.0123,0.08360440284013748,2e-05,,,,,,,,,,,
4285,7.777,0.0143,0.14681711792945862,2e-05,,,,,,,,,,,
4290,7.786,0.0137,0.07954137027263641,2e-05,,,,,,,,,,,
4295,7.795,0.0141,0.10660319775342941,2e-05,,,,,,,,,,,
4300,7.804,0.0148,0.10035079717636108,2e-05,,,,,,,,,,,
4305,7.813,0.0159,0.11202331632375717,2e-05,,,,,,,,,,,
4310,7.822,0.0146,0.11226814985275269,2e-05,,,,,,,,,,,
4315,7.831,0.0142,0.08518707007169724,2e-05,,,,,,,,,,,
4320,7.84,0.0143,0.07779993861913681,2e-05,,,,,,,,,,,
4325,7.849,0.0167,0.1054927259683609,2e-05,,,,,,,,,,,
4330,7.858,0.0164,0.10710596293210983,2e-05,,,,,,,,,,,
4335,7.868,0.0156,0.10712872445583344,2e-05,,,,,,,,,,,
4340,7.877,0.0143,0.2241581678390503,2e-05,,,,,,,,,,,
4345,7.886,0.0146,0.08469940721988678,2e-05,,,,,,,,,,,
4350,7.895,0.0153,0.10148156434297562,2e-05,,,,,,,,,,,
4355,7.904,0.0156,0.18678021430969238,2e-05,,,,,,,,,,,
4360,7.913,0.0139,0.06682880222797394,2e-05,,,,,,,,,,,
4365,7.922,0.0149,0.10768992453813553,2e-05,,,,,,,,,,,
4370,7.931,0.0169,0.1379217505455017,2e-05,,,,,,,,,,,
4375,7.94,0.0141,0.07628566026687622,2e-05,,,,,,,,,,,
4380,7.949,0.0163,0.11463841050863266,2e-05,,,,,,,,,,,
4385,7.958,0.0137,0.08956605195999146,2e-05,,,,,,,,,,,
4390,7.967,0.0139,0.08185409009456635,2e-05,,,,,,,,,,,
4395,7.976,0.0148,0.07581145316362381,2e-05,,,,,,,,,,,
4400,7.985,0.0157,0.09960328042507172,2e-05,,,,,,,,,,,
4405,7.995,0.015,0.07400453835725784,2e-05,,,,,,,,,,,
4408,8.0,,,,0.8009478672481997,0.8009478672481997,6.7147,140.735,0.745,,,,,,
4410,8.004,0.0129,0.06681766360998154,2e-05,,,,,,,,,,,
4415,8.013,0.0136,0.07669660449028015,2e-05,,,,,,,,,,,
4420,8.022,0.0156,0.08396918326616287,2e-05,,,,,,,,,,,
4425,8.031,0.0151,0.060834404081106186,2e-05,,,,,,,,,,,
4430,8.04,0.0151,0.08323894441127777,2e-05,,,,,,,,,,,
4435,8.049,0.0144,0.10879841446876526,2e-05,,,,,,,,,,,
4440,8.058,0.0148,0.08356428146362305,2e-05,,,,,,,,,,,
4445,8.067,0.0147,0.0894249826669693,2e-05,,,,,,,,,,,
4450,8.076,0.0133,0.11510928720235825,2e-05,,,,,,,,,,,
4455,8.085,0.0143,0.09110274165868759,2e-05,,,,,,,,,,,
4460,8.094,0.0146,0.10723322629928589,2e-05,,,,,,,,,,,
4465,8.103,0.0142,0.12728360295295715,2e-05,,,,,,,,,,,
4470,8.113,0.0154,0.09687867015600204,2e-05,,,,,,,,,,,
4475,8.122,0.0135,0.08754970878362656,2e-05,,,,,,,,,,,
4480,8.131,0.0123,0.0727158859372139,2e-05,,,,,,,,,,,
4485,8.14,0.0154,0.13050618767738342,2e-05,,,,,,,,,,,
4490,8.149,0.0156,0.11368145793676376,2e-05,,,,,,,,,,,
4495,8.158,0.0139,0.06006273254752159,2e-05,,,,,,,,,,,
4500,8.167,0.0145,0.07194244116544724,2e-05,,,,,,,,,,,
4505,8.176,0.0138,0.08751499652862549,2e-05,,,,,,,,,,,
4510,8.185,0.0148,0.08081835508346558,2e-05,,,,,,,,,,,
4515,8.194,0.0153,0.07627499103546143,2e-05,,,,,,,,,,,
4520,8.203,0.0137,0.08584052324295044,2e-05,,,,,,,,,,,
4525,8.212,0.0144,0.1356692761182785,2e-05,,,,,,,,,,,
4530,8.221,0.013,0.10025374591350555,2e-05,,,,,,,,,,,
4535,8.23,0.0132,0.06376410275697708,2e-05,,,,,,,,,,,
4540,8.24,0.0128,0.07827037572860718,2e-05,,,,,,,,,,,
4545,8.249,0.0124,0.10492923110723495,2e-05,,,,,,,,,,,
4550,8.258,0.0147,0.07346995174884796,2e-05,,,,,,,,,,,
4555,8.267,0.0128,0.10145784914493561,2e-05,,,,,,,,,,,
4560,8.276,0.0141,0.09322074800729752,2e-05,,,,,,,,,,,
4565,8.285,0.0132,0.09987503290176392,2e-05,,,,,,,,,,,
4570,8.294,0.0132,0.16214469075202942,2e-05,,,,,,,,,,,
4575,8.303,0.0128,0.070558100938797,2e-05,,,,,,,,,,,
4580,8.312,0.0132,0.10469920933246613,2e-05,,,,,,,,,,,
4585,8.321,0.0142,0.0826963260769844,2e-05,,,,,,,,,,,
4590,8.33,0.0136,0.07505103200674057,2e-05,,,,,,,,,,,
4595,8.339,0.013,0.07263782620429993,2e-05,,,,,,,,,,,
4600,8.348,0.0133,0.08585087209939957,2e-05,,,,,,,,,,,
4605,8.358,0.0133,0.10491269826889038,2e-05,,,,,,,,,,,
4610,8.367,0.0144,0.08780953288078308,2e-05,,,,,,,,,,,
4615,8.376,0.0144,0.11046150326728821,2e-05,,,,,,,,,,,
4620,8.385,0.013,0.0959610715508461,2e-05,,,,,,,,,,,
4625,8.394,0.0141,0.10185733437538147,2e-05,,,,,,,,,,,
4630,8.403,0.0137,0.07252287119626999,2e-05,,,,,,,,,,,
4635,8.412,0.0135,0.11736037582159042,2e-05,,,,,,,,,,,
4640,8.421,0.0147,0.1183372214436531,2e-05,,,,,,,,,,,
4645,8.43,0.013,0.09138897806406021,2e-05,,,,,,,,,,,
4650,8.439,0.0135,0.09702076762914658,2e-05,,,,,,,,,,,
4655,8.448,0.0146,0.09264511615037918,2e-05,,,,,,,,,,,
4660,8.457,0.014,0.08810314536094666,2e-05,,,,,,,,,,,
4665,8.466,0.0122,0.11650370061397552,2e-05,,,,,,,,,,,
4670,8.475,0.0132,0.08115752041339874,2e-05,,,,,,,,,,,
4675,8.485,0.0143,0.08058176189661026,2e-05,,,,,,,,,,,
4680,8.494,0.0144,0.17362575232982635,2e-05,,,,,,,,,,,
4684,8.501,,,,0.79809976241993,0.79809976241993,6.7241,140.539,0.744,,,,,,
4685,8.503,0.0148,0.06438849866390228,2e-05,,,,,,,,,,,
4690,8.512,0.0138,0.09614674001932144,2e-05,,,,,,,,,,,
4695,8.521,0.0136,0.09128560870885849,2e-05,,,,,,,,,,,
4700,8.53,0.0133,0.07122927904129028,2e-05,,,,,,,,,,,
4705,8.539,0.0123,0.06780141592025757,2e-05,,,,,,,,,,,
4710,8.548,0.0135,0.11810372024774551,2e-05,,,,,,,,,,,
4715,8.557,0.0136,0.08171850442886353,2e-05,,,,,,,,,,,
4720,8.566,0.0122,0.08281921595335007,2e-05,,,,,,,,,,,
4725,8.575,0.0136,0.08014790713787079,2e-05,,,,,,,,,,,
4730,8.584,0.0136,0.1013803482055664,2e-05,,,,,,,,,,,
4735,8.593,0.0135,0.08218658715486526,2e-05,,,,,,,,,,,
4740,8.603,0.0132,0.0858403891324997,2e-05,,,,,,,,,,,
4745,8.612,0.0127,0.07564066350460052,2e-05,,,,,,,,,,,
4750,8.621,0.0109,0.06595703959465027,2e-05,,,,,,,,,,,
4755,8.63,0.0122,0.07070031017065048,2e-05,,,,,,,,,,,
4760,8.639,0.0157,0.10735844820737839,2e-05,,,,,,,,,,,
4765,8.648,0.0155,0.131209596991539,2e-05,,,,,,,,,,,
4770,8.657,0.0134,0.08002974092960358,2e-05,,,,,,,,,,,
4775,8.666,0.0133,0.0777583122253418,2e-05,,,,,,,,,,,
4780,8.675,0.0135,0.09371315687894821,2e-05,,,,,,,,,,,
4785,8.684,0.0145,0.11079059541225433,2e-05,,,,,,,,,,,
4790,8.693,0.0134,0.07453855872154236,2e-05,,,,,,,,,,,
4795,8.702,0.011,0.08714914321899414,2e-05,,,,,,,,,,,
4800,8.711,0.015,0.07786081731319427,2e-05,,,,,,,,,,,
4805,8.721,0.0152,0.11101709306240082,2e-05,,,,,,,,,,,
4810,8.73,0.0129,0.09133487194776535,2e-05,,,,,,,,,,,
4815,8.739,0.0132,0.08536490052938461,2e-05,,,,,,,,,,,
4820,8.748,0.0122,0.0675281509757042,2e-05,,,,,,,,,,,
4825,8.757,0.0146,0.07249394059181213,2e-05,,,,,,,,,,,
4830,8.766,0.0128,0.0836147591471672,2e-05,,,,,,,,,,,
4835,8.775,0.0142,0.07661479711532593,2e-05,,,,,,,,,,,
4840,8.784,0.0113,0.07301054149866104,2e-05,,,,,,,,,,,
4845,8.793,0.014,0.1384851336479187,2e-05,,,,,,,,,,,
4850,8.802,0.0125,0.06801585853099823,2e-05,,,,,,,,,,,
4855,8.811,0.0127,0.06345163285732269,2e-05,,,,,,,,,,,
4860,8.82,0.013,0.077982097864151,2e-05,,,,,,,,,,,
4865,8.829,0.0116,0.07256141304969788,2e-05,,,,,,,,,,,
4870,8.838,0.0118,0.08190717548131943,2e-05,,,,,,,,,,,
4875,8.848,0.0137,0.08323383331298828,2e-05,,,,,,,,,,,
4880,8.857,0.0132,0.10213121771812439,2e-05,,,,,,,,,,,
4885,8.866,0.0121,0.17211630940437317,2e-05,,,,,,,,,,,
4890,8.875,0.0119,0.08762038499116898,2e-05,,,,,,,,,,,
4895,8.884,0.0125,0.11166045814752579,2e-05,,,,,,,,,,,
4900,8.893,0.0129,0.07638221979141235,2e-05,,,,,,,,,,,
4905,8.902,0.0137,0.06718306243419647,2e-05,,,,,,,,,,,
4910,8.911,0.0131,0.08296924084424973,2e-05,,,,,,,,,,,
4915,8.92,0.0129,0.07690554857254028,2e-05,,,,,,,,,,,
4920,8.929,0.0128,0.08062586933374405,2e-05,,,,,,,,,,,
4925,8.938,0.0127,0.07828597724437714,2e-05,,,,,,,,,,,
4930,8.947,0.0121,0.10858748108148575,2e-05,,,,,,,,,,,
4935,8.956,0.0131,0.10921747237443924,2e-05,,,,,,,,,,,
4940,8.966,0.013,0.16932474076747894,2e-05,,,,,,,,,,,
4945,8.975,0.0125,0.11336010694503784,2e-05,,,,,,,,,,,
4950,8.984,0.0118,0.11858601868152618,2e-05,,,,,,,,,,,
4955,8.993,0.0119,0.08301431685686111,2e-05,,,,,,,,,,,
4959,9.0,,,,0.796208530755311,0.796208530755311,6.7579,139.836,0.74,,,,,,
4960,9.002,0.0135,0.07831335067749023,2e-05,,,,,,,,,,,
4965,9.011,0.0111,0.09779991954565048,2e-05,,,,,,,,,,,
4970,9.02,0.012,0.09310547262430191,2e-05,,,,,,,,,,,
4975,9.029,0.0133,0.12882155179977417,2e-05,,,,,,,,,,,
4980,9.038,0.0127,0.09231624752283096,2e-05,,,,,,,,,,,
4985,9.047,0.0127,0.08771394938230515,2e-05,,,,,,,,,,,
4990,9.056,0.0116,0.08017045259475708,2e-05,,,,,,,,,,,
4995,9.065,0.0119,0.18327003717422485,2e-05,,,,,,,,,,,
5000,9.074,0.0118,0.09919054061174393,2e-05,,,,,,,,,,,
5005,9.083,0.0135,0.09195492416620255,2e-05,,,,,,,,,,,
5010,9.093,0.0119,0.09066923707723618,2e-05,,,,,,,,,,,
5015,9.102,0.0117,0.09884878993034363,2e-05,,,,,,,,,,,
5020,9.111,0.0127,0.07164178788661957,2e-05,,,,,,,,,,,
5025,9.12,0.0113,0.07676312327384949,2e-05,,,,,,,,,,,
5030,9.129,0.0122,0.08322380483150482,2e-05,,,,,,,,,,,
5035,9.138,0.0117,0.08305574953556061,2e-05,,,,,,,,,,,
5040,9.147,0.0107,0.10128288716077805,2e-05,,,,,,,,,,,
5045,9.156,0.0122,0.0828983336687088,2e-05,,,,,,,,,,,
5050,9.165,0.0133,0.11687900871038437,2e-05,,,,,,,,,,,
5055,9.174,0.0122,0.08402934670448303,2e-05,,,,,,,,,,,
5060,9.183,0.012,0.1149434819817543,2e-05,,,,,,,,,,,
5065,9.192,0.0111,0.107444629073143,2e-05,,,,,,,,,,,
5070,9.201,0.0131,0.10154478996992111,2e-05,,,,,,,,,,,
5075,9.211,0.0119,0.09027661383152008,2e-05,,,,,,,,,,,
5080,9.22,0.012,0.09430781751871109,2e-05,,,,,,,,,,,
5085,9.229,0.0108,0.08723670989274979,2e-05,,,,,,,,,,,
5090,9.238,0.0128,0.09364908188581467,2e-05,,,,,,,,,,,
5095,9.247,0.0126,0.07853776961565018,2e-05,,,,,,,,,,,
5100,9.256,0.013,0.08852893114089966,2e-05,,,,,,,,,,,
5105,9.265,0.0117,0.10452137887477875,2e-05,,,,,,,,,,,
5110,9.274,0.0124,0.08289159089326859,2e-05,,,,,,,,,,,
5115,9.283,0.0128,0.08289936184883118,2e-05,,,,,,,,,,,
5120,9.292,0.0123,0.08565636724233627,2e-05,,,,,,,,,,,
5125,9.301,0.0133,0.08065173774957657,2e-05,,,,,,,,,,,
5130,9.31,0.0112,0.08316453546285629,2e-05,,,,,,,,,,,
5135,9.319,0.0123,0.13529501855373383,2e-05,,,,,,,,,,,
5140,9.328,0.0118,0.12265599519014359,2e-05,,,,,,,,,,,
5145,9.338,0.0129,0.0860002189874649,2e-05,,,,,,,,,,,
5150,9.347,0.0109,0.07476180046796799,2e-05,,,,,,,,,,,
5155,9.356,0.0129,0.08260900527238846,2e-05,,,,,,,,,,,
5160,9.365,0.0121,0.08552427589893341,2e-05,,,,,,,,,,,
5165,9.374,0.0114,0.08954275399446487,2e-05,,,,,,,,,,,
5170,9.383,0.0114,0.10783954709768295,2e-05,,,,,,,,,,,
5175,9.392,0.0126,0.09062327444553375,2e-05,,,,,,,,,,,
5180,9.401,0.011,0.07220306247472763,2e-05,,,,,,,,,,,
5185,9.41,0.0111,0.08668717741966248,2e-05,,,,,,,,,,,
5190,9.419,0.0126,0.11147746443748474,2e-05,,,,,,,,,,,
5195,9.428,0.0112,0.08743916451931,2e-05,,,,,,,,,,,
5200,9.437,0.0125,0.08490341156721115,2e-05,,,,,,,,,,,
5205,9.446,0.013,0.08165175467729568,2e-05,,,,,,,,,,,
5210,9.456,0.0105,0.06877363473176956,2e-05,,,,,,,,,,,
5215,9.465,0.0132,0.1291324645280838,2e-05,,,,,,,,,,,
5220,9.474,0.0106,0.07324599474668503,2e-05,,,,,,,,,,,
5225,9.483,0.0119,0.08346659690141678,2e-05,,,,,,,,,,,
5230,9.492,0.0118,0.07549862563610077,2e-05,,,,,,,,,,,
5234,9.499,,,,0.8095238094734241,0.8095238094734241,6.7988,138.995,0.735,,,,,,
5235,9.501,0.012,0.0729527696967125,2e-05,,,,,,,,,,,
5240,9.51,0.0115,0.07462567836046219,2e-05,,,,,,,,,,,
5245,9.519,0.0114,0.0990966334939003,2e-05,,,,,,,,,,,
5250,9.528,0.0119,0.08285462856292725,2e-05,,,,,,,,,,,
5255,9.537,0.0119,0.06747008115053177,2e-05,,,,,,,,,,,
5260,9.546,0.0128,0.12415256351232529,2e-05,,,,,,,,,,,
5265,9.555,0.0126,0.10757920145988464,2e-05,,,,,,,,,,,
5270,9.564,0.0139,0.10155634582042694,2e-05,,,,,,,,,,,
5275,9.574,0.0118,0.08291957527399063,2e-05,,,,,,,,,,,
5280,9.583,0.0106,0.08638010919094086,2e-05,,,,,,,,,,,
5285,9.592,0.0124,0.16160592436790466,2e-05,,,,,,,,,,,
5290,9.601,0.0123,0.14662297070026398,2e-05,,,,,,,,,,,
5295,9.61,0.0111,0.11150369048118591,2e-05,,,,,,,,,,,
5300,9.619,0.0106,0.0633087009191513,2e-05,,,,,,,,,,,
5305,9.628,0.0112,0.09803450107574463,2e-05,,,,,,,,,,,
5310,9.637,0.0115,0.06903053820133209,2e-05,,,,,,,,,,,
5315,9.646,0.0123,0.12232787162065506,2e-05,,,,,,,,,,,
5320,9.655,0.0109,0.07506454735994339,2e-05,,,,,,,,,,,
5325,9.664,0.012,0.06707590818405151,2e-05,,,,,,,,,,,
5330,9.673,0.0109,0.14789357781410217,2e-05,,,,,,,,,,,
5335,9.682,0.012,0.08160427212715149,2e-05,,,,,,,,,,,
5340,9.691,0.0114,0.08402536809444427,2e-05,,,,,,,,,,,
5345,9.701,0.0095,0.06158887594938278,2e-05,,,,,,,,,,,
5350,9.71,0.0119,0.08056162297725677,2e-05,,,,,,,,,,,
5355,9.719,0.0107,0.0876026600599289,2e-05,,,,,,,,,,,
5360,9.728,0.0105,0.10979917645454407,2e-05,,,,,,,,,,,
5365,9.737,0.0112,0.07542132586240768,2e-05,,,,,,,,,,,
5370,9.746,0.0115,0.1029001846909523,2e-05,,,,,,,,,,,
5375,9.755,0.0103,0.1054009273648262,2e-05,,,,,,,,,,,
5380,9.764,0.0135,0.10159217566251755,2e-05,,,,,,,,,,,
5385,9.773,0.0103,0.14206117391586304,2e-05,,,,,,,,,,,
5390,9.782,0.012,0.10145417600870132,2e-05,,,,,,,,,,,
5395,9.791,0.0121,0.0815805047750473,2e-05,,,,,,,,,,,
5400,9.8,0.011,0.07014171034097672,2e-05,,,,,,,,,,,
5405,9.809,0.0108,0.07823630422353745,2e-05,,,,,,,,,,,
5410,9.819,0.0092,0.06068814545869827,2e-05,,,,,,,,,,,
5415,9.828,0.0103,0.08163584768772125,2e-05,,,,,,,,,,,
5420,9.837,0.011,0.12947073578834534,2e-05,,,,,,,,,,,
5425,9.846,0.011,0.15100523829460144,2e-05,,,,,,,,,,,
5430,9.855,0.0118,0.09826753288507462,2e-05,,,,,,,,,,,
5435,9.864,0.011,0.09540055692195892,2e-05,,,,,,,,,,,
5440,9.873,0.0119,0.07860687375068665,2e-05,,,,,,,,,,,
5445,9.882,0.0103,0.07580201327800751,2e-05,,,,,,,,,,,
5450,9.891,0.0115,0.12111761420965195,2e-05,,,,,,,,,,,
5455,9.9,0.0106,0.10467321425676346,2e-05,,,,,,,,,,,
5460,9.909,0.0124,0.07673846185207367,2e-05,,,,,,,,,,,
5465,9.918,0.0121,0.08703186362981796,2e-05,,,,,,,,,,,
5470,9.927,0.0113,0.09459616988897324,2e-05,,,,,,,,,,,
5475,9.936,0.0108,0.08053460717201233,2e-05,,,,,,,,,,,
5480,9.946,0.0114,0.08530121296644211,2e-05,,,,,,,,,,,
5485,9.955,0.0109,0.09700529277324677,2e-05,,,,,,,,,,,
5490,9.964,0.0098,0.0935601070523262,2e-05,,,,,,,,,,,
5495,9.973,0.0116,0.10154464095830917,2e-05,,,,,,,,,,,
5500,9.982,0.0103,0.11455462872982025,2e-05,,,,,,,,,,,
5505,9.991,0.013,0.0829273983836174,2e-05,,,,,,,,,,,
5510,10.0,0.01,0.07080355286598206,2e-05,,,,,,,,,,,
5510,10.0,,,,0.7877358490062368,0.7877358490062368,6.8229,138.503,0.733,,,,,,
5515,10.009,0.0115,0.07954105734825134,2e-05,,,,,,,,,,,
5520,10.018,0.0095,0.059289999306201935,2e-05,,,,,,,,,,,
5525,10.027,0.0102,0.07124104350805283,2e-05,,,,,,,,,,,
5530,10.036,0.0107,0.07705226540565491,2e-05,,,,,,,,,,,
5535,10.045,0.0105,0.1619192659854889,2e-05,,,,,,,,,,,
5540,10.054,0.0101,0.10175664722919464,2e-05,,,,,,,,,,,
5545,10.064,0.0093,0.09633459150791168,2e-05,,,,,,,,,,,
5550,10.073,0.0107,0.09768039733171463,2e-05,,,,,,,,,,,
5555,10.082,0.011,0.17737948894500732,2e-05,,,,,,,,,,,
5560,10.091,0.0102,0.09745503216981888,2e-05,,,,,,,,,,,
5565,10.1,0.0106,0.07429834455251694,2e-05,,,,,,,,,,,
5570,10.109,0.0109,0.09945937246084213,2e-05,,,,,,,,,,,
5575,10.118,0.0111,0.08107097446918488,2e-05,,,,,,,,,,,
5580,10.127,0.0113,0.10450172424316406,2e-05,,,,,,,,,,,
5585,10.136,0.0121,0.10069331526756287,2e-05,,,,,,,,,,,
5590,10.145,0.0108,0.11296095699071884,2e-05,,,,,,,,,,,
5595,10.154,0.0113,0.14093559980392456,2e-05,,,,,,,,,,,
5600,10.163,0.011,0.08612102270126343,2e-05,,,,,,,,,,,
5605,10.172,0.0107,0.08346910774707794,2e-05,,,,,,,,,,,
5610,10.181,0.0098,0.07440072298049927,2e-05,,,,,,,,,,,
5615,10.191,0.0105,0.08318696916103363,2e-05,,,,,,,,,,,
5620,10.2,0.0122,0.15771225094795227,2e-05,,,,,,,,,,,
5625,10.209,0.0103,0.08397012203931808,2e-05,,,,,,,,,,,
5630,10.218,0.0121,0.08722516894340515,2e-05,,,,,,,,,,,
5635,10.227,0.0106,0.07711530476808548,2e-05,,,,,,,,,,,
5640,10.236,0.0113,0.07074189186096191,2e-05,,,,,,,,,,,
5645,10.245,0.0111,0.08423369377851486,2e-05,,,,,,,,,,,
5650,10.254,0.0113,0.10488143563270569,2e-05,,,,,,,,,,,
5655,10.263,0.0093,0.08811209350824356,2e-05,,,,,,,,,,,
5660,10.272,0.0115,0.09792272746562958,2e-05,,,,,,,,,,,
5665,10.281,0.0103,0.06923472136259079,2e-05,,,,,,,,,,,
5670,10.29,0.0119,0.10108724981546402,2e-05,,,,,,,,,,,
5675,10.299,0.01,0.08046726882457733,2e-05,,,,,,,,,,,
5680,10.309,0.0107,0.08716942369937897,2e-05,,,,,,,,,,,
5685,10.318,0.0108,0.09027035534381866,2e-05,,,,,,,,,,,
5690,10.327,0.0109,0.08818508684635162,2e-05,,,,,,,,,,,
5695,10.336,0.0105,0.08340756595134735,2e-05,,,,,,,,,,,
5700,10.345,0.0109,0.07760166376829147,2e-05,,,,,,,,,,,
5705,10.354,0.0105,0.1016659066081047,2e-05,,,,,,,,,,,
5710,10.363,0.0107,0.09231247007846832,2e-05,,,,,,,,,,,
5715,10.372,0.0121,0.11928144097328186,2e-05,,,,,,,,,,,
5720,10.381,0.0096,0.08383532613515854,2e-05,,,,,,,,,,,
5725,10.39,0.0104,0.08106399327516556,2e-05,,,,,,,,,,,
5730,10.399,0.0098,0.06219461187720299,2e-05,,,,,,,,,,,
5735,10.408,0.0099,0.07860612869262695,2e-05,,,,,,,,,,,
5740,10.417,0.0108,0.09051989763975143,2e-05,,,,,,,,,,,
5745,10.426,0.0109,0.14214271306991577,2e-05,,,,,,,,,,,
5750,10.436,0.0105,0.09975253790616989,2e-05,,,,,,,,,,,
5755,10.445,0.0102,0.07743493467569351,2e-05,,,,,,,,,,,
5760,10.454,0.0111,0.17638838291168213,2e-05,,,,,,,,,,,
5765,10.463,0.0091,0.07455134391784668,2e-05,,,,,,,,,,,
5770,10.472,0.0102,0.10004879534244537,2e-05,,,,,,,,,,,
5775,10.481,0.0111,0.10415630787611008,2e-05,,,,,,,,,,,
5780,10.49,0.0093,0.07696739584207535,2e-05,,,,,,,,,,,
5785,10.499,0.0105,0.08532808721065521,2e-05,,,,,,,,,,,
5786,10.501,,,,0.7933491685957041,0.7933491685957041,6.6589,141.915,0.751,,,,,,
5790,10.508,0.0096,0.07206720113754272,2e-05,,,,,,,,,,,
5795,10.517,0.0108,0.09240806102752686,2e-05,,,,,,,,,,,
5800,10.526,0.0105,0.10665716975927353,2e-05,,,,,,,,,,,
5805,10.535,0.0099,0.07865740358829498,2e-05,,,,,,,,,,,
5810,10.544,0.0106,0.09838176518678665,2e-05,,,,,,,,,,,
5815,10.554,0.0107,0.06942678987979889,2e-05,,,,,,,,,,,
5820,10.563,0.0091,0.08826042711734772,2e-05,,,,,,,,,,,
5825,10.572,0.0094,0.09123019874095917,2e-05,,,,,,,,,,,
5830,10.581,0.0101,0.07818698137998581,2e-05,,,,,,,,,,,
5835,10.59,0.009,0.11061973124742508,2e-05,,,,,,,,,,,
5840,10.599,0.0095,0.1171690970659256,2e-05,,,,,,,,,,,
5845,10.608,0.0103,0.08678563684225082,2e-05,,,,,,,,,,,
5850,10.617,0.0099,0.08188597112894058,2e-05,,,,,,,,,,,
5855,10.626,0.0108,0.07987789809703827,2e-05,,,,,,,,,,,
5860,10.635,0.0096,0.07737705856561661,2e-05,,,,,,,,,,,
5865,10.644,0.0097,0.07239609211683273,2e-05,,,,,,,,,,,
5870,10.653,0.0121,0.11560893058776855,2e-05,,,,,,,,,,,
5875,10.662,0.0101,0.10200519859790802,2e-05,,,,,,,,,,,
5880,10.672,0.0117,0.11391192674636841,2e-05,,,,,,,,,,,
5885,10.681,0.0095,0.109309621155262,2e-05,,,,,,,,,,,
5890,10.69,0.0113,0.07048704475164413,2e-05,,,,,,,,,,,
5895,10.699,0.0095,0.06635963916778564,2e-05,,,,,,,,,,,
5900,10.708,0.0097,0.07153201848268509,2e-05,,,,,,,,,,,
5905,10.717,0.01,0.06879935413599014,2e-05,,,,,,,,,,,
5910,10.726,0.0102,0.11789487302303314,2e-05,,,,,,,,,,,
5915,10.735,0.0111,0.1166083961725235,2e-05,,,,,,,,,,,
5920,10.744,0.0098,0.09579010307788849,2e-05,,,,,,,,,,,
5925,10.753,0.009,0.06515684723854065,2e-05,,,,,,,,,,,
5930,10.762,0.0103,0.09696362167596817,2e-05,,,,,,,,,,,
5935,10.771,0.0111,0.089156873524189,2e-05,,,,,,,,,,,
5940,10.78,0.011,0.08565641939640045,2e-05,,,,,,,,,,,
5945,10.789,0.0083,0.07532285153865814,2e-05,,,,,,,,,,,
5950,10.799,0.0106,0.09656026214361191,2e-05,,,,,,,,,,,
5955,10.808,0.0094,0.08413684368133545,2e-05,,,,,,,,,,,
5960,10.817,0.0097,0.06589806079864502,2e-05,,,,,,,,,,,
5965,10.826,0.0099,0.06103472039103508,2e-05,,,,,,,,,,,
5970,10.835,0.0097,0.07435577362775803,2e-05,,,,,,,,,,,
5975,10.844,0.0092,0.07184722274541855,2e-05,,,,,,,,,,,
5980,10.853,0.0095,0.07910744100809097,2e-05,,,,,,,,,,,
5985,10.862,0.0098,0.11313218623399734,2e-05,,,,,,,,,,,
5990,10.871,0.0094,0.07124567776918411,2e-05,,,,,,,,,,,
5995,10.88,0.0097,0.10264642536640167,2e-05,,,,,,,,,,,
6000,10.889,0.0094,0.1037098839879036,2e-05,,,,,,,,,,,
6005,10.898,0.0104,0.2140735238790512,2e-05,,,,,,,,,,,
6010,10.907,0.0099,0.1311153918504715,2e-05,,,,,,,,,,,
6015,10.917,0.0095,0.08911912888288498,2e-05,,,,,,,,,,,
6020,10.926,0.0107,0.08201532065868378,2e-05,,,,,,,,,,,
6025,10.935,0.0105,0.08801417052745819,2e-05,,,,,,,,,,,
6030,10.944,0.008,0.05696685239672661,2e-05,,,,,,,,,,,
6035,10.953,0.0094,0.07416146248579025,2e-05,,,,,,,,,,,
6040,10.962,0.0105,0.08282244205474854,2e-05,,,,,,,,,,,
6045,10.971,0.0101,0.0963233932852745,2e-05,,,,,,,,,,,
6050,10.98,0.0088,0.11331772059202194,2e-05,,,,,,,,,,,
6055,10.989,0.0092,0.09237702935934067,2e-05,,,,,,,,,,,
6060,10.998,0.0081,0.07031369209289551,2e-05,,,,,,,,,,,
6061,11.0,,,,0.7848699763089694,0.7848699763089694,6.9251,136.46,0.722,,,,,,
6065,11.007,0.0102,0.07382332533597946,2e-05,,,,,,,,,,,
6070,11.016,0.0107,0.0815969780087471,2e-05,,,,,,,,,,,
6075,11.025,0.0094,0.07126445323228836,2e-05,,,,,,,,,,,
6080,11.034,0.0099,0.07684384286403656,2e-05,,,,,,,,,,,
6085,11.044,0.0094,0.0816183015704155,2e-05,,,,,,,,,,,
6090,11.053,0.0102,0.1042553260922432,2e-05,,,,,,,,,,,
6095,11.062,0.0094,0.1386592984199524,2e-05,,,,,,,,,,,
6100,11.071,0.0095,0.1402377188205719,2e-05,,,,,,,,,,,
6105,11.08,0.0083,0.07034827023744583,2e-05,,,,,,,,,,,
6110,11.089,0.0089,0.06995187699794769,2e-05,,,,,,,,,,,
6115,11.098,0.0084,0.0723191574215889,2e-05,,,,,,,,,,,
6120,11.107,0.0076,0.11927668005228043,2e-05,,,,,,,,,,,
6125,11.116,0.0091,0.09093373268842697,2e-05,,,,,,,,,,,
6130,11.125,0.0091,0.11147068440914154,2e-05,,,,,,,,,,,
6135,11.134,0.0089,0.06708920747041702,2e-05,,,,,,,,,,,
6140,11.143,0.0086,0.09017665684223175,2e-05,,,,,,,,,,,
6145,11.152,0.009,0.10706265270709991,2e-05,,,,,,,,,,,
6150,11.162,0.0087,0.07552770525217056,2e-05,,,,,,,,,,,
6155,11.171,0.0092,0.06868280470371246,2e-05,,,,,,,,,,,
6160,11.18,0.0092,0.05962321534752846,2e-05,,,,,,,,,,,
6165,11.189,0.0091,0.09223451465368271,2e-05,,,,,,,,,,,
6170,11.198,0.0078,0.22859343886375427,2e-05,,,,,,,,,,,
6175,11.207,0.0103,0.0698542520403862,2e-05,,,,,,,,,,,
6180,11.216,0.0109,0.09544432163238525,2e-05,,,,,,,,,,,
6185,11.225,0.0089,0.07718872278928757,2e-05,,,,,,,,,,,
6190,11.234,0.009,0.07327911257743835,2e-05,,,,,,,,,,,
6195,11.243,0.0088,0.08841893821954727,2e-05,,,,,,,,,,,
6200,11.252,0.0097,0.058623600751161575,2e-05,,,,,,,,,,,
6205,11.261,0.0089,0.09821256250143051,2e-05,,,,,,,,,,,
6210,11.27,0.0084,0.08203337341547012,2e-05,,,,,,,,,,,
6215,11.279,0.01,0.14084260165691376,2e-05,,,,,,,,,,,
6220,11.289,0.0099,0.08299171924591064,2e-05,,,,,,,,,,,
6225,11.298,0.0075,0.06027711555361748,2e-05,,,,,,,,,,,
6230,11.307,0.0091,0.07526908069849014,2e-05,,,,,,,,,,,
6235,11.316,0.0097,0.06156903877854347,2e-05,,,,,,,,,,,
6240,11.325,0.0098,0.1113966852426529,2e-05,,,,,,,,,,,
6245,11.334,0.0096,0.1448754072189331,2e-05,,,,,,,,,,,
6250,11.343,0.0096,0.06961198151111603,2e-05,,,,,,,,,,,
6255,11.352,0.009,0.07330071926116943,2e-05,,,,,,,,,,,
6260,11.361,0.0094,0.1080097109079361,2e-05,,,,,,,,,,,
6265,11.37,0.009,0.08811340481042862,2e-05,,,,,,,,,,,
6270,11.379,0.0101,0.08015979081392288,2e-05,,,,,,,,,,,
6275,11.388,0.0092,0.09848863631486893,2e-05,,,,,,,,,,,
6280,11.397,0.0089,0.06366688013076782,2e-05,,,,,,,,,,,
6285,11.407,0.0099,0.12478562444448471,2e-05,,,,,,,,,,,
6290,11.416,0.0096,0.06898090243339539,2e-05,,,,,,,,,,,
6295,11.425,0.0081,0.13015606999397278,2e-05,,,,,,,,,,,
6300,11.434,0.008,0.0842161551117897,2e-05,,,,,,,,,,,
6305,11.443,0.0093,0.0896034836769104,2e-05,,,,,,,,,,,
6310,11.452,0.0096,0.1592048853635788,2e-05,,,,,,,,,,,
6315,11.461,0.0104,0.09590787440538406,2e-05,,,,,,,,,,,
6320,11.47,0.0089,0.08607000857591629,2e-05,,,,,,,,,,,
6325,11.479,0.0077,0.0803411602973938,2e-05,,,,,,,,,,,
6330,11.488,0.0092,0.09606335312128067,2e-05,,,,,,,,,,,
6335,11.497,0.0086,0.07922103255987167,2e-05,,,,,,,,,,,
6336,11.499,,,,0.8056872037410885,0.8056872037410885,6.8966,137.025,0.725,,,,,,
6340,11.506,0.0079,0.06928084790706635,2e-05,,,,,,,,,,,
6345,11.515,0.0094,0.10899822413921356,2e-05,,,,,,,,,,,
6350,11.525,0.0093,0.08063897490501404,2e-05,,,,,,,,,,,
6355,11.534,0.0089,0.16261126101016998,2e-05,,,,,,,,,,,
6360,11.543,0.0088,0.08317378908395767,2e-05,,,,,,,,,,,
6365,11.552,0.01,0.09864059090614319,2e-05,,,,,,,,,,,
6370,11.561,0.0089,0.10034365952014923,2e-05,,,,,,,,,,,
6375,11.57,0.0086,0.12120155990123749,2e-05,,,,,,,,,,,
6380,11.579,0.0103,0.09302251040935516,2e-05,,,,,,,,,,,
6385,11.588,0.0094,0.09098074585199356,2e-05,,,,,,,,,,,
6390,11.597,0.0088,0.1029876172542572,2e-05,,,,,,,,,,,
6395,11.606,0.009,0.06574193388223648,2e-05,,,,,,,,,,,
6400,11.615,0.0084,0.06587884575128555,2e-05,,,,,,,,,,,
6405,11.624,0.0087,0.07244322448968887,2e-05,,,,,,,,,,,
6410,11.633,0.0088,0.13521942496299744,2e-05,,,,,,,,,,,
6415,11.642,0.0085,0.08986355364322662,2e-05,,,,,,,,,,,
6420,11.652,0.009,0.09131534397602081,2e-05,,,,,,,,,,,
6425,11.661,0.0086,0.08870302885770798,2e-05,,,,,,,,,,,
6430,11.67,0.0081,0.11229939758777618,2e-05,,,,,,,,,,,
6435,11.679,0.0084,0.07827690988779068,2e-05,,,,,,,,,,,
6440,11.688,0.0088,0.08467213809490204,2e-05,,,,,,,,,,,
6445,11.697,0.0087,0.12678970396518707,2e-05,,,,,,,,,,,
6450,11.706,0.0099,0.10677376389503479,2e-05,,,,,,,,,,,
6455,11.715,0.0091,0.08367092907428741,2e-05,,,,,,,,,,,
6460,11.724,0.0084,0.09894698858261108,2e-05,,,,,,,,,,,
6465,11.733,0.0077,0.0823877826333046,2e-05,,,,,,,,,,,
6470,11.742,0.0094,0.0865829661488533,2e-05,,,,,,,,,,,
6475,11.751,0.0089,0.14971990883350372,2e-05,,,,,,,,,,,
6480,11.76,0.0089,0.09214191138744354,2e-05,,,,,,,,,,,
6485,11.77,0.0086,0.07366878539323807,2e-05,,,,,,,,,,,
6490,11.779,0.0074,0.06596855819225311,2e-05,,,,,,,,,,,
6495,11.788,0.0101,0.12485919892787933,2e-05,,,,,,,,,,,
6500,11.797,0.0097,0.09436975419521332,2e-05,,,,,,,,,,,
6505,11.806,0.0086,0.13822105526924133,2e-05,,,,,,,,,,,
6510,11.815,0.0084,0.0720473974943161,2e-05,,,,,,,,,,,
6515,11.824,0.009,0.07079572975635529,2e-05,,,,,,,,,,,
6520,11.833,0.0086,0.07585566490888596,2e-05,,,,,,,,,,,
6525,11.842,0.01,0.08177993446588516,2e-05,,,,,,,,,,,
6530,11.851,0.0084,0.0789153054356575,2e-05,,,,,,,,,,,
6535,11.86,0.0083,0.08731699734926224,2e-05,,,,,,,,,,,
6540,11.869,0.0086,0.07602913677692413,2e-05,,,,,,,,,,,
6545,11.878,0.0082,0.08422793447971344,2e-05,,,,,,,,,,,
6550,11.887,0.0063,0.06709013879299164,2e-05,,,,,,,,,,,
6555,11.897,0.0092,0.1684522032737732,2e-05,,,,,,,,,,,
6560,11.906,0.0086,0.08447045087814331,2e-05,,,,,,,,,,,
6565,11.915,0.0074,0.08234365284442902,2e-05,,,,,,,,,,,
6570,11.924,0.0101,0.07023337483406067,2e-05,,,,,,,,,,,
6575,11.933,0.0081,0.11055430769920349,2e-05,,,,,,,,,,,
6580,11.942,0.0089,0.10991460829973221,2e-05,,,,,,,,,,,
6585,11.951,0.0081,0.08660546690225601,2e-05,,,,,,,,,,,
6590,11.96,0.0088,0.08517953753471375,2e-05,,,,,,,,,,,
6595,11.969,0.008,0.08555398881435394,2e-05,,,,,,,,,,,
6600,11.978,0.0094,0.08797001838684082,2e-05,,,,,,,,,,,
6605,11.987,0.009,0.113392174243927,2e-05,,,,,,,,,,,
6610,11.996,0.0081,0.07347383350133896,2e-05,,,,,,,,,,,
6612,12.0,,,,0.79245283013831,0.79245283013831,6.7984,139.004,0.735,,,,,,
6612,12.0,,,,,,,,,4608.8864,183.624,1.435,1.9714951627984077e+17,197.14951627984078,0.03715247288120925
