acc,epoch,loss,step,test_acc,test_loss,val_acc,val_loss
0.49000000953674316,0.0013,0.6934900283813477,1,,,,
0.5099999904632568,0.0027,0.6926611065864563,2,,,,
0.5,0.004,0.7375354170799255,3,,,,
0.5249999761581421,0.0053,0.6811364889144897,4,,,,
0.6850000619888306,0.0067,0.6458960175514221,5,,,,
0.7549999952316284,0.008,0.6080310344696045,6,,,,
0.7350000143051147,0.0093,0.5469121932983398,7,,,,
0.7300000190734863,0.0107,0.5400775074958801,8,,,,
0.7649999856948853,0.012,0.5233505368232727,9,,,,
0.7999999523162842,0.0133,0.4675094485282898,10,,,,
0.7749999761581421,0.0147,0.4997207820415497,11,,,,
0.8049999475479126,0.016,0.44993436336517334,12,,,,
0.8049999475479126,0.0173,0.45886170864105225,13,,,,
0.7749999761581421,0.0187,0.4668867588043213,14,,,,
0.7849999666213989,0.02,0.4451906681060791,15,,,,
0.8400000333786011,0.0213,0.3882274031639099,16,,,,
0.7699999809265137,0.0227,0.44602400064468384,17,,,,
0.75,0.024,0.4853985607624054,18,,,,
0.8500000238418579,0.0253,0.4128873944282532,19,,,,
0.8100000023841858,0.0267,0.4597572386264801,20,,,,
0.8400000333786011,0.028,0.39173179864883423,21,,,,
0.809999942779541,0.0293,0.4241650402545929,22,,,,
0.8450000286102295,0.0307,0.39146149158477783,23,,,,
0.8300000429153442,0.032,0.37199532985687256,24,,,,
0.8300000429153442,0.0333,0.397560179233551,25,,,,
0.8500000238418579,0.0347,0.3465358018875122,26,,,,
0.8350000381469727,0.036,0.390904039144516,27,,,,
0.8550000190734863,0.0373,0.3408268094062805,28,,,,
0.824999988079071,0.0387,0.4022979140281677,29,,,,
0.8999999761581421,0.04,0.28123408555984497,30,,,,
0.8700000047683716,0.0413,0.3139282464981079,31,,,,
0.8400000333786011,0.0427,0.3893868625164032,32,,,,
0.8500000238418579,0.044,0.37628719210624695,33,,,,
0.824999988079071,0.0453,0.31376370787620544,34,,,,
0.875,0.0467,0.30006706714630127,35,,,,
0.8450000286102295,0.048,0.363900363445282,36,,,,
0.8600000143051147,0.0493,0.3248656392097473,37,,,,
0.8199999928474426,0.0507,0.40445613861083984,38,,,,
0.8350000381469727,0.052,0.366536408662796,39,,,,
0.875,0.0533,0.31067728996276855,40,,,,
0.824999988079071,0.0547,0.42197975516319275,41,,,,
0.8849999904632568,0.056,0.30621010065078735,42,,,,
0.8449999690055847,0.0573,0.34377121925354004,43,,,,
0.8650000095367432,0.0587,0.338442325592041,44,,,,
0.809999942779541,0.06,0.42399704456329346,45,,,,
0.8500000238418579,0.0613,0.32276350259780884,46,,,,
0.875,0.0627,0.3295021951198578,47,,,,
0.8799999952316284,0.064,0.2868630290031433,48,,,,
0.8899999856948853,0.0653,0.2852051258087158,49,,,,
0.8049999475479126,0.0667,0.44026607275009155,50,,,,
0.8500000238418579,0.068,0.3561967611312866,51,,,,
0.8100000023841858,0.0693,0.3574577867984772,52,,,,
0.8149999976158142,0.0707,0.466195672750473,53,,,,
0.8049999475479126,0.072,0.38201504945755005,54,,,,
0.8600000143051147,0.0733,0.33825773000717163,55,,,,
0.8299999833106995,0.0747,0.36225175857543945,56,,,,
0.824999988079071,0.076,0.3859125077724457,57,,,,
0.8899999856948853,0.0773,0.29251664876937866,58,,,,
0.8650000095367432,0.0787,0.31280049681663513,59,,,,
0.8299999833106995,0.08,0.3706812262535095,60,,,,
0.8700000047683716,0.0813,0.3312525749206543,61,,,,
0.7949999570846558,0.0827,0.4280462861061096,62,,,,
0.8999999761581421,0.084,0.29742884635925293,63,,,,
0.8100000023841858,0.0853,0.3828078508377075,64,,,,
0.8300000429153442,0.0867,0.40630364418029785,65,,,,
0.7899999618530273,0.088,0.431984007358551,66,,,,
0.8650000095367432,0.0893,0.311309814453125,67,,,,
0.824999988079071,0.0907,0.3495326042175293,68,,,,
0.8350000381469727,0.092,0.34199732542037964,69,,,,
0.8700000047683716,0.0933,0.34512579441070557,70,,,,
0.8600000143051147,0.0947,0.3148217797279358,71,,,,
0.8949999809265137,0.096,0.29425889253616333,72,,,,
0.8549999594688416,0.0973,0.3329651951789856,73,,,,
0.8500000238418579,0.0987,0.28652405738830566,74,,,,
0.8149999976158142,0.1,0.3625875413417816,75,,,,
,0.1,,75,,,0.8712599873542786,0.3018367290496826
0.8949999809265137,0.1013,0.26917845010757446,76,,,,
0.8700000047683716,0.1027,0.30468130111694336,77,,,,
0.8199999928474426,0.104,0.40162402391433716,78,,,,
0.8350000381469727,0.1053,0.3782930374145508,79,,,,
0.8799999952316284,0.1067,0.31671392917633057,80,,,,
0.8050000071525574,0.108,0.43429145216941833,81,,,,
0.8849999904632568,0.1093,0.2991429567337036,82,,,,
0.9049999713897705,0.1107,0.23436087369918823,83,,,,
0.8500000238418579,0.112,0.34416502714157104,84,,,,
0.8149999380111694,0.1133,0.3875451683998108,85,,,,
0.8700000047683716,0.1147,0.2808029055595398,86,,,,
0.8049999475479126,0.116,0.38411468267440796,87,,,,
0.8199999928474426,0.1173,0.3731772005558014,88,,,,
0.8650000095367432,0.1187,0.2928387522697449,89,,,,
0.8550000190734863,0.12,0.30777087807655334,90,,,,
0.8350000381469727,0.1213,0.35500624775886536,91,,,,
0.8600000143051147,0.1227,0.32371997833251953,92,,,,
0.824999988079071,0.124,0.3632723093032837,93,,,,
0.8650000095367432,0.1253,0.3476932644844055,94,,,,
0.9149999618530273,0.1267,0.24895921349525452,95,,,,
0.8400000333786011,0.128,0.3414331078529358,96,,,,
0.8899999856948853,0.1293,0.2827690839767456,97,,,,
0.8700000047683716,0.1307,0.3088042140007019,98,,,,
0.8600000143051147,0.132,0.3427278399467468,99,,,,
0.9249999523162842,0.1333,0.23561957478523254,100,,,,
0.8999999761581421,0.1347,0.2674882113933563,101,,,,
0.9049999713897705,0.136,0.2586258053779602,102,,,,
0.8849999904632568,0.1373,0.2962542176246643,103,,,,
0.8899999856948853,0.1387,0.2755478620529175,104,,,,
0.8600000143051147,0.14,0.34862378239631653,105,,,,
0.875,0.1413,0.32934918999671936,106,,,,
0.8650000095367432,0.1427,0.3244078457355499,107,,,,
0.8650000095367432,0.144,0.27614128589630127,108,,,,
0.8450000286102295,0.1453,0.35303449630737305,109,,,,
0.8650000095367432,0.1467,0.28379496932029724,110,,,,
0.809999942779541,0.148,0.36109721660614014,111,,,,
0.8999999761581421,0.1493,0.23110654950141907,112,,,,
0.8550000190734863,0.1507,0.30729174613952637,113,,,,
0.8349999785423279,0.152,0.34256380796432495,114,,,,
0.8500000238418579,0.1533,0.3176136016845703,115,,,,
0.875,0.1547,0.2560298442840576,116,,,,
0.8949999809265137,0.156,0.27867642045021057,117,,,,
0.824999988079071,0.1573,0.3416851758956909,118,,,,
0.8700000047683716,0.1587,0.3092691898345947,119,,,,
0.8600000143051147,0.16,0.3366091847419739,120,,,,
0.8799999952316284,0.1613,0.2771880030632019,121,,,,
0.8949999809265137,0.1627,0.26823973655700684,122,,,,
0.8700000047683716,0.164,0.34894558787345886,123,,,,
0.9049999713897705,0.1653,0.2709360122680664,124,,,,
0.8799999952316284,0.1667,0.2860924005508423,125,,,,
0.9049999713897705,0.168,0.2251143753528595,126,,,,
0.8550000190734863,0.1693,0.32817476987838745,127,,,,
0.875,0.1707,0.27203452587127686,128,,,,
0.8899999856948853,0.172,0.2790129780769348,129,,,,
0.9149999618530273,0.1733,0.27287647128105164,130,,,,
0.8349999785423279,0.1747,0.3514070510864258,131,,,,
0.9049999713897705,0.176,0.27381831407546997,132,,,,
0.875,0.1773,0.23462572693824768,133,,,,
0.8650000095367432,0.1787,0.32431560754776,134,,,,
0.8550000190734863,0.18,0.32884716987609863,135,,,,
0.8650000095367432,0.1813,0.3205876350402832,136,,,,
0.8550000190734863,0.1827,0.3157169818878174,137,,,,
0.8899999856948853,0.184,0.23805169761180878,138,,,,
0.8400000333786011,0.1853,0.2779587507247925,139,,,,
0.8999999761581421,0.1867,0.20448392629623413,140,,,,
0.9149999618530273,0.188,0.2130695879459381,141,,,,
0.875,0.1893,0.29486069083213806,142,,,,
0.8700000047683716,0.1907,0.29334700107574463,143,,,,
0.8999999761581421,0.192,0.28451651334762573,144,,,,
0.8849999904632568,0.1933,0.29473039507865906,145,,,,
0.8650000095367432,0.1947,0.32509270310401917,146,,,,
0.8700000047683716,0.196,0.28862327337265015,147,,,,
0.8299999833106995,0.1973,0.4111226797103882,148,,,,
0.8899999856948853,0.1987,0.30754077434539795,149,,,,
0.8849999904632568,0.2,0.2819901704788208,150,,,,
,0.2,,150,,,0.8822399973869324,0.2773290276527405
0.9049999713897705,0.2013,0.2751367688179016,151,,,,
0.9099999666213989,0.2027,0.21202445030212402,152,,,,
0.8999999761581421,0.204,0.2667682468891144,153,,,,
0.8949999809265137,0.2053,0.2617148756980896,154,,,,
0.8899999856948853,0.2067,0.26202404499053955,155,,,,
0.8849999904632568,0.208,0.29450687766075134,156,,,,
0.8849999904632568,0.2093,0.3079027235507965,157,,,,
0.8550000190734863,0.2107,0.35723286867141724,158,,,,
0.8700000047683716,0.212,0.257066547870636,159,,,,
0.8650000095367432,0.2133,0.32133594155311584,160,,,,
0.8299999833106995,0.2147,0.3881879448890686,161,,,,
0.8600000143051147,0.216,0.2965746223926544,162,,,,
0.8400000333786011,0.2173,0.37720736861228943,163,,,,
0.8600000143051147,0.2187,0.2918143570423126,164,,,,
0.8700000047683716,0.22,0.2988792359828949,165,,,,
0.875,0.2213,0.3133804202079773,166,,,,
0.8849999904632568,0.2227,0.3010452389717102,167,,,,
0.8199999928474426,0.224,0.33306819200515747,168,,,,
0.8600000143051147,0.2253,0.31996893882751465,169,,,,
0.8400000333786011,0.2267,0.3514147400856018,170,,,,
0.9149999618530273,0.228,0.2961597442626953,171,,,,
0.8700000047683716,0.2293,0.28188565373420715,172,,,,
0.9049999713897705,0.2307,0.25417500734329224,173,,,,
0.9249999523162842,0.232,0.1973298043012619,174,,,,
0.8600000143051147,0.2333,0.29954594373703003,175,,,,
0.8600000143051147,0.2347,0.30195868015289307,176,,,,
0.8449999690055847,0.236,0.30955952405929565,177,,,,
0.8899999856948853,0.2373,0.23269300162792206,178,,,,
0.8400000333786011,0.2387,0.3143327832221985,179,,,,
0.9049999713897705,0.24,0.2635141611099243,180,,,,
0.9099999666213989,0.2413,0.22013011574745178,181,,,,
0.8700000047683716,0.2427,0.2807806134223938,182,,,,
0.8899999856948853,0.244,0.3096364140510559,183,,,,
0.8949999809265137,0.2453,0.2838369905948639,184,,,,
0.9300000071525574,0.2467,0.2027105838060379,185,,,,
0.8700000047683716,0.248,0.2780151963233948,186,,,,
0.8949999809265137,0.2493,0.2518469989299774,187,,,,
0.8899999856948853,0.2507,0.2967475652694702,188,,,,
0.8550000190734863,0.252,0.3089895248413086,189,,,,
0.8350000381469727,0.2533,0.31100207567214966,190,,,,
0.9149999618530273,0.2547,0.2479718178510666,191,,,,
0.8700000047683716,0.256,0.27370530366897583,192,,,,
0.9049999713897705,0.2573,0.2414163500070572,193,,,,
0.875,0.2587,0.2802852988243103,194,,,,
0.8550000190734863,0.26,0.3106461763381958,195,,,,
0.8899999856948853,0.2613,0.2782505750656128,196,,,,
0.8650000095367432,0.2627,0.30306166410446167,197,,,,
0.9099999666213989,0.264,0.2233980894088745,198,,,,
0.9149999618530273,0.2653,0.22421294450759888,199,,,,
0.8550000190734863,0.2667,0.4037831425666809,200,,,,
0.8849999904632568,0.268,0.2591797113418579,201,,,,
0.8799999952316284,0.2693,0.27554720640182495,202,,,,
0.8500000238418579,0.2707,0.330272376537323,203,,,,
0.8949999809265137,0.272,0.27639609575271606,204,,,,
0.8899999856948853,0.2733,0.2730054259300232,205,,,,
0.8949999809265137,0.2747,0.27392202615737915,206,,,,
0.9049999713897705,0.276,0.22541432082653046,207,,,,
0.8999999761581421,0.2773,0.23738045990467072,208,,,,
0.8999999761581421,0.2787,0.27078694105148315,209,,,,
0.8849999904632568,0.28,0.27700138092041016,210,,,,
0.8949999809265137,0.2813,0.2563870847225189,211,,,,
0.8799999952316284,0.2827,0.27106350660324097,212,,,,
0.8999999761581421,0.284,0.2605626583099365,213,,,,
0.8949999809265137,0.2853,0.24921327829360962,214,,,,
0.875,0.2867,0.28218457102775574,215,,,,
0.8999999761581421,0.288,0.2624600827693939,216,,,,
0.8849999904632568,0.2893,0.25210338830947876,217,,,,
0.9100000262260437,0.2907,0.25714367628097534,218,,,,
0.9099999666213989,0.292,0.24375373125076294,219,,,,
0.8550000190734863,0.2933,0.35374921560287476,220,,,,
0.8999999761581421,0.2947,0.242977574467659,221,,,,
0.8799999952316284,0.296,0.2744956314563751,222,,,,
0.9199999570846558,0.2973,0.25219178199768066,223,,,,
0.8949999809265137,0.2987,0.24162715673446655,224,,,,
0.9199999570846558,0.3,0.23103252053260803,225,,,,
,0.3,,225,,,0.8913800120353699,0.26221969723701477
0.8899999856948853,0.3013,0.2128119170665741,226,,,,
0.8500000238418579,0.3027,0.30702561140060425,227,,,,
0.8600000143051147,0.304,0.24945399165153503,228,,,,
0.9099999666213989,0.3053,0.21839188039302826,229,,,,
0.8799999952316284,0.3067,0.26488393545150757,230,,,,
0.8899999856948853,0.308,0.25575804710388184,231,,,,
0.8450000286102295,0.3093,0.40035849809646606,232,,,,
0.8999999761581421,0.3107,0.21420349180698395,233,,,,
0.8700000047683716,0.312,0.2464926540851593,234,,,,
0.9149999618530273,0.3133,0.22507765889167786,235,,,,
0.8250000476837158,0.3147,0.35373592376708984,236,,,,
0.8849999904632568,0.316,0.24079209566116333,237,,,,
0.8849999904632568,0.3173,0.2510712146759033,238,,,,
0.8799999952316284,0.3187,0.34204769134521484,239,,,,
0.8450000286102295,0.32,0.337141215801239,240,,,,
0.9149999618530273,0.3213,0.1972288191318512,241,,,,
0.9199999570846558,0.3227,0.2023659646511078,242,,,,
0.8999999761581421,0.324,0.24109633266925812,243,,,,
0.8849999904632568,0.3253,0.2421807050704956,244,,,,
0.875,0.3267,0.3733735978603363,245,,,,
0.8899999856948853,0.328,0.2690586447715759,246,,,,
0.8700000047683716,0.3293,0.3009883463382721,247,,,,
0.8799999952316284,0.3307,0.29053038358688354,248,,,,
0.8650000095367432,0.332,0.32839250564575195,249,,,,
0.8899999856948853,0.3333,0.24999071657657623,250,,,,
0.8899999856948853,0.3347,0.2831195890903473,251,,,,
0.9049999713897705,0.336,0.2589104175567627,252,,,,
0.8799999952316284,0.3373,0.307485967874527,253,,,,
0.8999999761581421,0.3387,0.23141126334667206,254,,,,
0.8700000047683716,0.34,0.3122977018356323,255,,,,
0.8849999904632568,0.3413,0.28161513805389404,256,,,,
0.8650000095367432,0.3427,0.3156256079673767,257,,,,
0.9099999666213989,0.344,0.2222554087638855,258,,,,
0.8999999761581421,0.3453,0.2577713131904602,259,,,,
0.8899999856948853,0.3467,0.26557809114456177,260,,,,
0.9049999713897705,0.348,0.2229033261537552,261,,,,
0.8899999856948853,0.3493,0.29528868198394775,262,,,,
0.875,0.3507,0.31963807344436646,263,,,,
0.8450000286102295,0.352,0.3249901533126831,264,,,,
0.9200000166893005,0.3533,0.2003851681947708,265,,,,
0.8849999904632568,0.3547,0.2495087832212448,266,,,,
0.8399999737739563,0.356,0.3098812699317932,267,,,,
0.8700000047683716,0.3573,0.2751583456993103,268,,,,
0.9099999666213989,0.3587,0.2524802088737488,269,,,,
0.9099999666213989,0.36,0.2633759677410126,270,,,,
0.8949999809265137,0.3613,0.25170260667800903,271,,,,
0.8999999761581421,0.3627,0.2255762219429016,272,,,,
0.9199999570846558,0.364,0.19472889602184296,273,,,,
0.9199999570846558,0.3653,0.20802699029445648,274,,,,
0.9350000023841858,0.3667,0.19346046447753906,275,,,,
0.8899999856948853,0.368,0.298554003238678,276,,,,
0.8849999904632568,0.3693,0.28998273611068726,277,,,,
0.8999999761581421,0.3707,0.2508593797683716,278,,,,
0.9099999666213989,0.372,0.18926633894443512,279,,,,
0.8999999761581421,0.3733,0.26333552598953247,280,,,,
0.8700000047683716,0.3747,0.3006055951118469,281,,,,
0.8600000143051147,0.376,0.3257589340209961,282,,,,
0.8949999809265137,0.3773,0.2642313539981842,283,,,,
0.8999999761581421,0.3787,0.23668286204338074,284,,,,
0.8799999952316284,0.38,0.23835234344005585,285,,,,
0.875,0.3813,0.31313157081604004,286,,,,
0.9149999618530273,0.3827,0.23749980330467224,287,,,,
0.9049999713897705,0.384,0.24636134505271912,288,,,,
0.9049999713897705,0.3853,0.2578321099281311,289,,,,
0.9049999713897705,0.3867,0.26507896184921265,290,,,,
0.9049999713897705,0.388,0.21000507473945618,291,,,,
0.8999999761581421,0.3893,0.25568240880966187,292,,,,
0.8849999904632568,0.3907,0.35443443059921265,293,,,,
0.8600000143051147,0.392,0.37561118602752686,294,,,,
0.9249999523162842,0.3933,0.20441359281539917,295,,,,
0.9049999713897705,0.3947,0.22891278564929962,296,,,,
0.9049999713897705,0.396,0.23616915941238403,297,,,,
0.8899999856948853,0.3973,0.28229793906211853,298,,,,
0.9049999713897705,0.3987,0.2273191660642624,299,,,,
0.8799999952316284,0.4,0.29781097173690796,300,,,,
,0.4,,300,,,0.8881999850273132,0.26968666911125183
0.875,0.4013,0.31571516394615173,301,,,,
0.8799999952316284,0.4027,0.24107669293880463,302,,,,
0.9049999713897705,0.404,0.2349032759666443,303,,,,
0.9049999713897705,0.4053,0.29928189516067505,304,,,,
0.9350000023841858,0.4067,0.18711501359939575,305,,,,
0.875,0.408,0.2913368046283722,306,,,,
0.8799999952316284,0.4093,0.26856356859207153,307,,,,
0.9049999713897705,0.4107,0.2327166497707367,308,,,,
0.9249999523162842,0.412,0.22339361906051636,309,,,,
0.8799999952316284,0.4133,0.26193058490753174,310,,,,
0.9149999618530273,0.4147,0.24959899485111237,311,,,,
0.9149999618530273,0.416,0.276253879070282,312,,,,
0.8899999856948853,0.4173,0.30014365911483765,313,,,,
0.8600000143051147,0.4187,0.28586792945861816,314,,,,
0.8849999904632568,0.42,0.26014360785484314,315,,,,
0.9049999713897705,0.4213,0.26220399141311646,316,,,,
0.8899999856948853,0.4227,0.25275784730911255,317,,,,
0.9049999713897705,0.424,0.24795955419540405,318,,,,
0.8899999856948853,0.4253,0.2532193958759308,319,,,,
0.8949999809265137,0.4267,0.2399456948041916,320,,,,
0.8899999856948853,0.428,0.2543995976448059,321,,,,
0.9199999570846558,0.4293,0.2124757021665573,322,,,,
0.9149999618530273,0.4307,0.22873783111572266,323,,,,
0.925000011920929,0.432,0.21741518378257751,324,,,,
0.9249999523162842,0.4333,0.1900753527879715,325,,,,
0.8799999952316284,0.4347,0.31409767270088196,326,,,,
0.8999999761581421,0.436,0.2447444051504135,327,,,,
0.8999999761581421,0.4373,0.25386831164360046,328,,,,
0.8700000047683716,0.4387,0.3281301259994507,329,,,,
0.8600000143051147,0.44,0.35641372203826904,330,,,,
0.8550000190734863,0.4413,0.34367263317108154,331,,,,
0.8899999856948853,0.4427,0.2626146674156189,332,,,,
0.8550000190734863,0.444,0.3214024305343628,333,,,,
0.8949999809265137,0.4453,0.242690771818161,334,,,,
0.8999999761581421,0.4467,0.27038055658340454,335,,,,
0.8999999761581421,0.448,0.24034413695335388,336,,,,
0.8849999904632568,0.4493,0.257851779460907,337,,,,
0.8550000190734863,0.4507,0.29740414023399353,338,,,,
0.8999999761581421,0.452,0.2703278362751007,339,,,,
0.9300000071525574,0.4533,0.1988752782344818,340,,,,
0.9049999713897705,0.4547,0.2576860189437866,341,,,,
0.8999999761581421,0.456,0.27918851375579834,342,,,,
0.8799999952316284,0.4573,0.3173023462295532,343,,,,
0.9049999713897705,0.4587,0.24671399593353271,344,,,,
0.8999999761581421,0.46,0.26690542697906494,345,,,,
0.9049999713897705,0.4613,0.23418185114860535,346,,,,
0.875,0.4627,0.26368147134780884,347,,,,
0.8849999904632568,0.464,0.26830583810806274,348,,,,
0.8899999856948853,0.4653,0.27452465891838074,349,,,,
0.8949999809265137,0.4667,0.24412131309509277,350,,,,
0.9149999618530273,0.468,0.2833121418952942,351,,,,
0.9149999618530273,0.4693,0.2201698124408722,352,,,,
0.8600000143051147,0.4707,0.2683924436569214,353,,,,
0.9249999523162842,0.472,0.230852872133255,354,,,,
0.9099999666213989,0.4733,0.2442893087863922,355,,,,
0.9049999713897705,0.4747,0.21231111884117126,356,,,,
0.8650000095367432,0.476,0.3444937467575073,357,,,,
0.8650000095367432,0.4773,0.2956743836402893,358,,,,
0.8849999904632568,0.4787,0.24793675541877747,359,,,,
0.8849999904632568,0.48,0.2224712073802948,360,,,,
0.925000011920929,0.4813,0.23915953934192657,361,,,,
0.8949999809265137,0.4827,0.2715613842010498,362,,,,
0.8899999856948853,0.484,0.2515163719654083,363,,,,
0.9099999666213989,0.4853,0.26389968395233154,364,,,,
0.8849999904632568,0.4867,0.25803810358047485,365,,,,
0.8849999904632568,0.488,0.28454697132110596,366,,,,
0.9049999713897705,0.4893,0.2206326425075531,367,,,,
0.8849999904632568,0.4907,0.23319748044013977,368,,,,
0.9049999713897705,0.492,0.2322801798582077,369,,,,
0.8650000095367432,0.4933,0.2655535936355591,370,,,,
0.9099999666213989,0.4947,0.2563551962375641,371,,,,
0.8899999856948853,0.496,0.26013827323913574,372,,,,
0.8700000047683716,0.4973,0.330715537071228,373,,,,
0.8849999904632568,0.4987,0.28815075755119324,374,,,,
0.8899999856948853,0.5,0.2757061719894409,375,,,,
,0.5,,375,,,0.8974999785423279,0.2497139722108841
0.9049999713897705,0.5013,0.23080486059188843,376,,,,
0.8650000095367432,0.5027,0.2820884883403778,377,,,,
0.8999999761581421,0.504,0.228321373462677,378,,,,
0.8949999809265137,0.5053,0.2401045560836792,379,,,,
0.8799999952316284,0.5067,0.2625008225440979,380,,,,
0.9099999666213989,0.508,0.22108188271522522,381,,,,
0.8949999809265137,0.5093,0.2681349813938141,382,,,,
0.8849999904632568,0.5107,0.2908058166503906,383,,,,
0.8500000238418579,0.512,0.35786041617393494,384,,,,
0.8650000095367432,0.5133,0.2900089621543884,385,,,,
0.9049999713897705,0.5147,0.21701949834823608,386,,,,
0.8899999856948853,0.516,0.26976603269577026,387,,,,
0.8949999809265137,0.5173,0.25179004669189453,388,,,,
0.9300000071525574,0.5187,0.2076616883277893,389,,,,
0.8999999761581421,0.52,0.2602241635322571,390,,,,
0.8550000190734863,0.5213,0.33170098066329956,391,,,,
0.8899999856948853,0.5227,0.28384941816329956,392,,,,
0.8500000238418579,0.524,0.34561631083488464,393,,,,
0.8500000238418579,0.5253,0.27488112449645996,394,,,,
0.8349999785423279,0.5267,0.3140380382537842,395,,,,
0.8299999833106995,0.528,0.3692788779735565,396,,,,
0.8949999809265137,0.5293,0.26118260622024536,397,,,,
0.9299999475479126,0.5307,0.1897478699684143,398,,,,
0.9099999666213989,0.532,0.23683206737041473,399,,,,
0.875,0.5333,0.31559520959854126,400,,,,
0.8849999904632568,0.5347,0.27990829944610596,401,,,,
0.8600000143051147,0.536,0.31448858976364136,402,,,,
0.8550000190734863,0.5373,0.34166616201400757,403,,,,
0.8650000095367432,0.5387,0.2816234529018402,404,,,,
0.8899999856948853,0.54,0.2741931080818176,405,,,,
0.8650000095367432,0.5413,0.30001509189605713,406,,,,
0.9049999713897705,0.5427,0.26694056391716003,407,,,,
0.8949999809265137,0.544,0.23430991172790527,408,,,,
0.8899999856948853,0.5453,0.2652024030685425,409,,,,
0.8799999952316284,0.5467,0.29653817415237427,410,,,,
0.9049999713897705,0.548,0.22378428280353546,411,,,,
0.8650000095367432,0.5493,0.2933306097984314,412,,,,
0.9099999666213989,0.5507,0.22566023468971252,413,,,,
0.9299999475479126,0.552,0.1713230311870575,414,,,,
0.9149999618530273,0.5533,0.2280426323413849,415,,,,
0.8799999952316284,0.5547,0.2662908732891083,416,,,,
0.8799999952316284,0.556,0.29946285486221313,417,,,,
0.8500000238418579,0.5573,0.32020002603530884,418,,,,
0.8849999904632568,0.5587,0.24545687437057495,419,,,,
0.9049999713897705,0.56,0.2048608660697937,420,,,,
0.934999942779541,0.5613,0.1875549554824829,421,,,,
0.9149999618530273,0.5627,0.24305999279022217,422,,,,
0.8949999809265137,0.564,0.27687913179397583,423,,,,
0.9149999618530273,0.5653,0.251972496509552,424,,,,
0.9099999666213989,0.5667,0.21459224820137024,425,,,,
0.9249999523162842,0.568,0.2037973701953888,426,,,,
0.9199999570846558,0.5693,0.19652059674263,427,,,,
0.8949999809265137,0.5707,0.19899047911167145,428,,,,
0.9099999666213989,0.572,0.21234989166259766,429,,,,
0.875,0.5733,0.3412643373012543,430,,,,
0.9199999570846558,0.5747,0.20355573296546936,431,,,,
0.8999999761581421,0.576,0.2290019989013672,432,,,,
0.8949999809265137,0.5773,0.22746247053146362,433,,,,
0.875,0.5787,0.26389360427856445,434,,,,
0.8700000047683716,0.58,0.2982235252857208,435,,,,
0.8949999809265137,0.5813,0.24549013376235962,436,,,,
0.875,0.5827,0.24460923671722412,437,,,,
0.8949999809265137,0.584,0.23749953508377075,438,,,,
0.8949999809265137,0.5853,0.2583158612251282,439,,,,
0.9199999570846558,0.5867,0.2347978800535202,440,,,,
0.875,0.588,0.2991620898246765,441,,,,
0.8650000095367432,0.5893,0.288436621427536,442,,,,
0.8799999952316284,0.5907,0.24756911396980286,443,,,,
0.875,0.592,0.29284214973449707,444,,,,
0.8999999761581421,0.5933,0.260213702917099,445,,,,
0.8700000047683716,0.5947,0.25902920961380005,446,,,,
0.9099999666213989,0.596,0.22209328413009644,447,,,,
0.8550000190734863,0.5973,0.2795180678367615,448,,,,
0.9099999666213989,0.5987,0.18484017252922058,449,,,,
0.8650000095367432,0.6,0.30844974517822266,450,,,,
,0.6,,450,,,0.8963000178337097,0.2579857409000397
0.8849999904632568,0.6013,0.2733868360519409,451,,,,
0.9149999618530273,0.6027,0.24083736538887024,452,,,,
0.9199999570846558,0.604,0.21911299228668213,453,,,,
0.8600000143051147,0.6053,0.3117982745170593,454,,,,
0.8899999856948853,0.6067,0.2878415286540985,455,,,,
0.8500000238418579,0.608,0.36615294218063354,456,,,,
0.8849999904632568,0.6093,0.2958528697490692,457,,,,
0.9049999713897705,0.6107,0.21445225179195404,458,,,,
0.9099999666213989,0.612,0.19448453187942505,459,,,,
0.9099999666213989,0.6133,0.23166689276695251,460,,,,
0.8899999856948853,0.6147,0.2792368233203888,461,,,,
0.8999999761581421,0.616,0.22150187194347382,462,,,,
0.8899999856948853,0.6173,0.3031020760536194,463,,,,
0.8550000190734863,0.6187,0.2952726483345032,464,,,,
0.9149999618530273,0.62,0.2524230182170868,465,,,,
0.8700000047683716,0.6213,0.29355794191360474,466,,,,
0.9149999618530273,0.6227,0.23063278198242188,467,,,,
0.8949999809265137,0.624,0.2728970944881439,468,,,,
0.8849999904632568,0.6253,0.2717130780220032,469,,,,
0.8849999904632568,0.6267,0.2547529339790344,470,,,,
0.9049999713897705,0.628,0.22514085471630096,471,,,,
0.8799999952316284,0.6293,0.2509917616844177,472,,,,
0.8349999785423279,0.6307,0.3179677128791809,473,,,,
0.9099999666213989,0.632,0.2111254781484604,474,,,,
0.875,0.6333,0.28589481115341187,475,,,,
0.8849999904632568,0.6347,0.2960624396800995,476,,,,
0.8999999761581421,0.636,0.20979659259319305,477,,,,
0.9300000071525574,0.6373,0.2265244722366333,478,,,,
0.8899999856948853,0.6387,0.2983384132385254,479,,,,
0.8899999856948853,0.64,0.2783814072608948,480,,,,
0.9249999523162842,0.6413,0.2129027247428894,481,,,,
0.925000011920929,0.6427,0.1990809142589569,482,,,,
0.9149999618530273,0.644,0.22442138195037842,483,,,,
0.8799999952316284,0.6453,0.27830344438552856,484,,,,
0.8999999761581421,0.6467,0.26801854372024536,485,,,,
0.8999999761581421,0.648,0.2273852378129959,486,,,,
0.8949999809265137,0.6493,0.24801543354988098,487,,,,
0.8650000095367432,0.6507,0.33409059047698975,488,,,,
0.8799999952316284,0.652,0.23885822296142578,489,,,,
0.8650000095367432,0.6533,0.32747936248779297,490,,,,
0.9049999713897705,0.6547,0.2155037820339203,491,,,,
0.9049999713897705,0.656,0.24659214913845062,492,,,,
0.9199999570846558,0.6573,0.20412826538085938,493,,,,
0.9099999666213989,0.6587,0.23785623908042908,494,,,,
0.8949999809265137,0.66,0.25948500633239746,495,,,,
0.8899999856948853,0.6613,0.29103732109069824,496,,,,
0.8849999904632568,0.6627,0.2876564562320709,497,,,,
0.934999942779541,0.664,0.18294650316238403,498,,,,
0.8949999809265137,0.6653,0.23857513070106506,499,,,,
0.8899999856948853,0.6667,0.24857661128044128,500,,,,
0.9500000476837158,0.668,0.1580142378807068,501,,,,
0.8899999856948853,0.6693,0.2656714916229248,502,,,,
0.8999999761581421,0.6707,0.25829625129699707,503,,,,
0.9049999713897705,0.672,0.22144463658332825,504,,,,
0.8799999952316284,0.6733,0.2738199532032013,505,,,,
0.8849999904632568,0.6747,0.25782567262649536,506,,,,
0.8799999952316284,0.676,0.29250404238700867,507,,,,
0.9049999713897705,0.6773,0.2019805908203125,508,,,,
0.8799999952316284,0.6787,0.2919432520866394,509,,,,
0.8949999809265137,0.68,0.31153902411460876,510,,,,
0.8999999761581421,0.6813,0.27599191665649414,511,,,,
0.8949999809265137,0.6827,0.2564915418624878,512,,,,
0.9099999666213989,0.684,0.22655066847801208,513,,,,
0.8949999809265137,0.6853,0.24917776882648468,514,,,,
0.8550000190734863,0.6867,0.3006255030632019,515,,,,
0.8899999856948853,0.688,0.2570793032646179,516,,,,
0.925000011920929,0.6893,0.22625719010829926,517,,,,
0.8849999904632568,0.6907,0.24602127075195312,518,,,,
0.8600000143051147,0.692,0.354061096906662,519,,,,
0.8899999856948853,0.6933,0.24590986967086792,520,,,,
0.8949999809265137,0.6947,0.280429482460022,521,,,,
0.8849999904632568,0.696,0.26508206129074097,522,,,,
0.8799999952316284,0.6973,0.26384681463241577,523,,,,
0.8799999952316284,0.6987,0.24463844299316406,524,,,,
0.9049999713897705,0.7,0.2746659517288208,525,,,,
,0.7,,525,,,0.8982800245285034,0.25261178612709045
0.8899999856948853,0.7013,0.2529977560043335,526,,,,
0.9099999666213989,0.7027,0.22490569949150085,527,,,,
0.8550000190734863,0.704,0.34996461868286133,528,,,,
0.9350000023841858,0.7053,0.19683235883712769,529,,,,
0.9049999713897705,0.7067,0.24154657125473022,530,,,,
0.8600000143051147,0.708,0.31117284297943115,531,,,,
0.8799999952316284,0.7093,0.27667415142059326,532,,,,
0.8799999952316284,0.7107,0.3047283887863159,533,,,,
0.9149999618530273,0.712,0.2072448879480362,534,,,,
0.8899999856948853,0.7133,0.24023884534835815,535,,,,
0.8949999809265137,0.7147,0.2571409344673157,536,,,,
0.8949999809265137,0.716,0.2778475284576416,537,,,,
0.9099999666213989,0.7173,0.22039754688739777,538,,,,
0.9099999666213989,0.7187,0.21823127567768097,539,,,,
0.9049999713897705,0.72,0.286441445350647,540,,,,
0.8899999856948853,0.7213,0.2609935402870178,541,,,,
0.9149999618530273,0.7227,0.23862330615520477,542,,,,
0.8349999785423279,0.724,0.39059436321258545,543,,,,
0.875,0.7253,0.23278594017028809,544,,,,
0.9249999523162842,0.7267,0.19484958052635193,545,,,,
0.8849999904632568,0.728,0.3040834069252014,546,,,,
0.9199999570846558,0.7293,0.19548943638801575,547,,,,
0.9099999666213989,0.7307,0.24400116503238678,548,,,,
0.9049999713897705,0.732,0.221492201089859,549,,,,
0.9149999618530273,0.7333,0.19832977652549744,550,,,,
0.8700000047683716,0.7347,0.2967858612537384,551,,,,
0.9049999713897705,0.736,0.24562573432922363,552,,,,
0.8450000286102295,0.7373,0.33101409673690796,553,,,,
0.8999999761581421,0.7387,0.2210235297679901,554,,,,
0.9249999523162842,0.74,0.20269735157489777,555,,,,
0.8949999809265137,0.7413,0.25929898023605347,556,,,,
0.8849999904632568,0.7427,0.29877805709838867,557,,,,
0.8999999761581421,0.744,0.26654335856437683,558,,,,
0.9099999666213989,0.7453,0.2286524474620819,559,,,,
0.8949999809265137,0.7467,0.25293686985969543,560,,,,
0.8849999904632568,0.748,0.329576313495636,561,,,,
0.8999999761581421,0.7493,0.2728399634361267,562,,,,
0.9099999666213989,0.7507,0.17794442176818848,563,,,,
0.9149999618530273,0.752,0.22649812698364258,564,,,,
0.8999999761581421,0.7533,0.24199748039245605,565,,,,
0.8949999809265137,0.7547,0.241372212767601,566,,,,
0.8700000047683716,0.756,0.26906704902648926,567,,,,
0.9149999618530273,0.7573,0.2120029479265213,568,,,,
0.8700000047683716,0.7587,0.2647772431373596,569,,,,
0.9299999475479126,0.76,0.16050535440444946,570,,,,
0.9350000023841858,0.7613,0.18380935490131378,571,,,,
0.9099999666213989,0.7627,0.20304162800312042,572,,,,
0.9149999618530273,0.764,0.21522483229637146,573,,,,
0.9199999570846558,0.7653,0.20064285397529602,574,,,,
0.8849999904632568,0.7667,0.26312512159347534,575,,,,
0.8550000190734863,0.768,0.305851012468338,576,,,,
0.8799999952316284,0.7693,0.28619933128356934,577,,,,
0.8849999904632568,0.7707,0.2576902210712433,578,,,,
0.8799999952316284,0.772,0.28027230501174927,579,,,,
0.9299999475479126,0.7733,0.20653848350048065,580,,,,
0.8949999809265137,0.7747,0.21908195316791534,581,,,,
0.8899999856948853,0.776,0.25166600942611694,582,,,,
0.8999999761581421,0.7773,0.21507224440574646,583,,,,
0.8849999904632568,0.7787,0.2947944104671478,584,,,,
0.9199999570846558,0.78,0.18510599434375763,585,,,,
0.8899999856948853,0.7813,0.26617297530174255,586,,,,
0.8949999809265137,0.7827,0.2535209357738495,587,,,,
0.8899999856948853,0.784,0.22693005204200745,588,,,,
0.9149999618530273,0.7853,0.24960753321647644,589,,,,
0.9199999570846558,0.7867,0.22103790938854218,590,,,,
0.9049999713897705,0.788,0.2346268892288208,591,,,,
0.9350000023841858,0.7893,0.20424722135066986,592,,,,
0.875,0.7907,0.29487282037734985,593,,,,
0.875,0.792,0.2428550273180008,594,,,,
0.8999999761581421,0.7933,0.23682329058647156,595,,,,
0.8600000143051147,0.7947,0.31726059317588806,596,,,,
0.9149999618530273,0.796,0.21454250812530518,597,,,,
0.8899999856948853,0.7973,0.25496649742126465,598,,,,
0.8899999856948853,0.7987,0.2534782886505127,599,,,,
0.9149999618530273,0.8,0.22305497527122498,600,,,,
,0.8,,600,,,0.9046199917793274,0.23719216883182526
0.9049999713897705,0.8013,0.252297043800354,601,,,,
0.925000011920929,0.8027,0.19130991399288177,602,,,,
0.9049999713897705,0.804,0.19149649143218994,603,,,,
0.9049999713897705,0.8053,0.21096259355545044,604,,,,
0.9150000214576721,0.8067,0.22272451221942902,605,,,,
0.8999999761581421,0.808,0.2101101577281952,606,,,,
0.8949999809265137,0.8093,0.26250502467155457,607,,,,
0.8849999904632568,0.8107,0.24911242723464966,608,,,,
0.875,0.812,0.27821871638298035,609,,,,
0.8700000047683716,0.8133,0.2861380875110626,610,,,,
0.8300000429153442,0.8147,0.356225848197937,611,,,,
0.9099999666213989,0.816,0.2333662062883377,612,,,,
0.9049999713897705,0.8173,0.22021636366844177,613,,,,
0.9049999713897705,0.8187,0.21379023790359497,614,,,,
0.8949999809265137,0.82,0.2768546938896179,615,,,,
0.8949999809265137,0.8213,0.23759135603904724,616,,,,
0.8799999952316284,0.8227,0.28986066579818726,617,,,,
0.9099999666213989,0.824,0.21800024807453156,618,,,,
0.9099999666213989,0.8253,0.24622389674186707,619,,,,
0.8999999761581421,0.8267,0.23276302218437195,620,,,,
0.8799999952316284,0.828,0.27392977476119995,621,,,,
0.8450000286102295,0.8293,0.3353259563446045,622,,,,
0.9200000166893005,0.8307,0.2308940291404724,623,,,,
0.8650000095367432,0.832,0.3044058084487915,624,,,,
0.85999995470047,0.8333,0.337558388710022,625,,,,
0.8849999904632568,0.8347,0.2910481095314026,626,,,,
0.8799999952316284,0.836,0.3075576424598694,627,,,,
0.8999999761581421,0.8373,0.26440757513046265,628,,,,
0.8899999856948853,0.8387,0.27917996048927307,629,,,,
0.9049999713897705,0.84,0.2464822232723236,630,,,,
0.9149999618530273,0.8413,0.2639765739440918,631,,,,
0.8849999904632568,0.8427,0.25334736704826355,632,,,,
0.8650000095367432,0.844,0.2821063995361328,633,,,,
0.9149999618530273,0.8453,0.21512854099273682,634,,,,
0.8899999856948853,0.8467,0.2501744031906128,635,,,,
0.8849999904632568,0.848,0.2602370083332062,636,,,,
0.9099999666213989,0.8493,0.20010995864868164,637,,,,
0.9650000333786011,0.8507,0.15959659218788147,638,,,,
0.8999999761581421,0.852,0.2285621017217636,639,,,,
0.8949999809265137,0.8533,0.275076687335968,640,,,,
0.8949999809265137,0.8547,0.22486512362957,641,,,,
0.9199999570846558,0.856,0.20600850880146027,642,,,,
0.8700000047683716,0.8573,0.3018221855163574,643,,,,
0.9149999618530273,0.8587,0.25611597299575806,644,,,,
0.875,0.86,0.2969393730163574,645,,,,
0.8700000047683716,0.8613,0.27878284454345703,646,,,,
0.9049999713897705,0.8627,0.2034401297569275,647,,,,
0.875,0.864,0.276878297328949,648,,,,
0.9049999713897705,0.8653,0.27744269371032715,649,,,,
0.9049999713897705,0.8667,0.24141977727413177,650,,,,
0.875,0.868,0.2596049904823303,651,,,,
0.8999999761581421,0.8693,0.27626094222068787,652,,,,
0.8650000095367432,0.8707,0.26664191484451294,653,,,,
0.875,0.872,0.3091665208339691,654,,,,
0.8849999904632568,0.8733,0.20308047533035278,655,,,,
0.8949999809265137,0.8747,0.21997493505477905,656,,,,
0.9199999570846558,0.876,0.2039082646369934,657,,,,
0.9149999618530273,0.8773,0.22786903381347656,658,,,,
0.8799999952316284,0.8787,0.25808149576187134,659,,,,
0.9099999666213989,0.88,0.2425382435321808,660,,,,
0.9049999713897705,0.8813,0.2176598608493805,661,,,,
0.8849999904632568,0.8827,0.2076808214187622,662,,,,
0.8949999809265137,0.884,0.32978931069374084,663,,,,
0.875,0.8853,0.3129632771015167,664,,,,
0.8949999809265137,0.8867,0.26187482476234436,665,,,,
0.8899999856948853,0.888,0.21990402042865753,666,,,,
0.9050000309944153,0.8893,0.21116602420806885,667,,,,
0.9049999713897705,0.8907,0.2572954595088959,668,,,,
0.8999999761581421,0.892,0.3031158447265625,669,,,,
0.9199999570846558,0.8933,0.23223741352558136,670,,,,
0.8799999952316284,0.8947,0.2885898947715759,671,,,,
0.8600000143051147,0.896,0.3239938020706177,672,,,,
0.9299999475479126,0.8973,0.22386962175369263,673,,,,
0.9149999618530273,0.8987,0.22072061896324158,674,,,,
0.9199999570846558,0.9,0.24161255359649658,675,,,,
,0.9,,675,,,0.9034799933433533,0.23410551249980927
0.8949999809265137,0.9013,0.29478079080581665,676,,,,
0.8999999761581421,0.9027,0.23920641839504242,677,,,,
0.9299999475479126,0.904,0.19877606630325317,678,,,,
0.8999999761581421,0.9053,0.19707414507865906,679,,,,
0.9300000071525574,0.9067,0.1788433939218521,680,,,,
0.9350000023841858,0.908,0.1865173578262329,681,,,,
0.8949999809265137,0.9093,0.2485690712928772,682,,,,
0.9249999523162842,0.9107,0.1832573413848877,683,,,,
0.9049999713897705,0.912,0.22960370779037476,684,,,,
0.8700000047683716,0.9133,0.2799093425273895,685,,,,
0.8949999809265137,0.9147,0.24397173523902893,686,,,,
0.925000011920929,0.916,0.18840213119983673,687,,,,
0.8949999809265137,0.9173,0.21205532550811768,688,,,,
0.8700000047683716,0.9187,0.31506240367889404,689,,,,
0.8650000095367432,0.92,0.28854691982269287,690,,,,
0.9049999713897705,0.9213,0.1918638050556183,691,,,,
0.8999999761581421,0.9227,0.24913734197616577,692,,,,
0.9099999666213989,0.924,0.24792322516441345,693,,,,
0.8999999761581421,0.9253,0.2490289807319641,694,,,,
0.8899999856948853,0.9267,0.24311527609825134,695,,,,
0.8949999809265137,0.928,0.2478710263967514,696,,,,
0.8849999904632568,0.9293,0.23465950787067413,697,,,,
0.8849999904632568,0.9307,0.27087733149528503,698,,,,
0.9249999523162842,0.932,0.2506580650806427,699,,,,
0.9099999666213989,0.9333,0.2416071891784668,700,,,,
0.9449999928474426,0.9347,0.20879584550857544,701,,,,
0.8700000047683716,0.936,0.2531582713127136,702,,,,
0.9149999618530273,0.9373,0.2053622007369995,703,,,,
0.9099999666213989,0.9387,0.23903816938400269,704,,,,
0.8650000095367432,0.94,0.33443331718444824,705,,,,
0.875,0.9413,0.290580689907074,706,,,,
0.8849999904632568,0.9427,0.3174436688423157,707,,,,
0.8999999761581421,0.944,0.2964898347854614,708,,,,
0.8899999856948853,0.9453,0.23713725805282593,709,,,,
0.9299999475479126,0.9467,0.20913471281528473,710,,,,
0.9049999713897705,0.948,0.21079683303833008,711,,,,
0.8949999809265137,0.9493,0.22979983687400818,712,,,,
0.8949999809265137,0.9507,0.2396158128976822,713,,,,
0.8799999952316284,0.952,0.3103584349155426,714,,,,
0.9199999570846558,0.9533,0.23226508498191833,715,,,,
0.9199999570846558,0.9547,0.2243729531764984,716,,,,
0.8849999904632568,0.956,0.2653166353702545,717,,,,
0.9149999618530273,0.9573,0.20595689117908478,718,,,,
0.9199999570846558,0.9587,0.23749589920043945,719,,,,
0.9099999666213989,0.96,0.21279150247573853,720,,,,
0.9399999380111694,0.9613,0.1822466254234314,721,,,,
0.8799999952316284,0.9627,0.2642495632171631,722,,,,
0.8899999856948853,0.964,0.2899923622608185,723,,,,
0.9049999713897705,0.9653,0.22289352118968964,724,,,,
0.9249999523162842,0.9667,0.17689315974712372,725,,,,
0.9150000214576721,0.968,0.22035375237464905,726,,,,
0.9049999713897705,0.9693,0.2466811090707779,727,,,,
0.9149999618530273,0.9707,0.19909612834453583,728,,,,
0.8849999904632568,0.972,0.2574905753135681,729,,,,
0.8849999904632568,0.9733,0.26610052585601807,730,,,,
0.8999999761581421,0.9747,0.2297324389219284,731,,,,
0.9049999713897705,0.976,0.23540666699409485,732,,,,
0.8949999809265137,0.9773,0.2490406334400177,733,,,,
0.8799999952316284,0.9787,0.27409669756889343,734,,,,
0.8949999809265137,0.98,0.267985999584198,735,,,,
0.8849999904632568,0.9813,0.30068641901016235,736,,,,
0.9149999618530273,0.9827,0.2697535753250122,737,,,,
0.8399999737739563,0.984,0.310844361782074,738,,,,
0.8600000143051147,0.9853,0.34119075536727905,739,,,,
0.9049999713897705,0.9867,0.25230613350868225,740,,,,
0.9149999618530273,0.988,0.2182319462299347,741,,,,
0.9149999618530273,0.9893,0.23190143704414368,742,,,,
0.9049999713897705,0.9907,0.26441317796707153,743,,,,
0.9149999618530273,0.992,0.2638613283634186,744,,,,
0.9249999523162842,0.9933,0.2027582824230194,745,,,,
0.9099999666213989,0.9947,0.22898150980472565,746,,,,
0.9149999618530273,0.996,0.2161886990070343,747,,,,
0.8849999904632568,0.9973,0.26906073093414307,748,,,,
0.8799999952316284,0.9987,0.2747355103492737,749,,,,
0.9399999976158142,1.0,0.19187593460083008,750,,,,
,1.0,,750,,,0.9046599864959717,0.24057061970233917
0.9149999618530273,1.0013,0.20747365057468414,751,,,,
0.9099999666213989,1.0027,0.21058323979377747,752,,,,
0.9249999523162842,1.004,0.1872391551733017,753,,,,
0.8799999952316284,1.0053,0.2716306447982788,754,,,,
0.9399999976158142,1.0067,0.15805591642856598,755,,,,
0.940000057220459,1.008,0.16164737939834595,756,,,,
0.9249999523162842,1.0093,0.21493177115917206,757,,,,
0.9550000429153442,1.0107,0.13892722129821777,758,,,,
0.8999999761581421,1.012,0.22582177817821503,759,,,,
0.9350000023841858,1.0133,0.14664554595947266,760,,,,
0.934999942779541,1.0147,0.1506340652704239,761,,,,
0.9049999713897705,1.016,0.2450513243675232,762,,,,
0.9149999618530273,1.0173,0.1772099882364273,763,,,,
0.9450000524520874,1.0187,0.14615052938461304,764,,,,
0.9149999618530273,1.02,0.19244980812072754,765,,,,
0.9600000381469727,1.0213,0.13105744123458862,766,,,,
0.9049999713897705,1.0227,0.229529470205307,767,,,,
0.9199999570846558,1.024,0.2208368480205536,768,,,,
0.9700000286102295,1.0253,0.10321566462516785,769,,,,
0.9550000429153442,1.0267,0.16219893097877502,770,,,,
0.8849999904632568,1.028,0.3286762237548828,771,,,,
0.9199999570846558,1.0293,0.17486310005187988,772,,,,
0.934999942779541,1.0307,0.16787339746952057,773,,,,
0.9299999475479126,1.032,0.1612206995487213,774,,,,
0.9049999713897705,1.0333,0.19735842943191528,775,,,,
0.9249999523162842,1.0347,0.18097104132175446,776,,,,
0.9149999618530273,1.036,0.21087828278541565,777,,,,
0.9300000071525574,1.0373,0.20155516266822815,778,,,,
0.9299999475479126,1.0387,0.19238004088401794,779,,,,
0.9399999976158142,1.04,0.18342898786067963,780,,,,
0.9299999475479126,1.0413,0.18304969370365143,781,,,,
0.9300000071525574,1.0427,0.2244347333908081,782,,,,
0.9149999618530273,1.044,0.23506247997283936,783,,,,
0.9299999475479126,1.0453,0.21316155791282654,784,,,,
0.9149999618530273,1.0467,0.20706379413604736,785,,,,
0.9600000381469727,1.048,0.15444324910640717,786,,,,
0.9350000023841858,1.0493,0.1497795283794403,787,,,,
0.9449999928474426,1.0507,0.14904092252254486,788,,,,
0.9350000023841858,1.052,0.16297100484371185,789,,,,
0.9150000214576721,1.0533,0.23238316178321838,790,,,,
0.9099999666213989,1.0547,0.22740790247917175,791,,,,
0.949999988079071,1.056,0.10989886522293091,792,,,,
0.9399999976158142,1.0573,0.13140058517456055,793,,,,
0.9399999380111694,1.0587,0.12420198321342468,794,,,,
0.9350000023841858,1.06,0.18651095032691956,795,,,,
0.9550000429153442,1.0613,0.1298600733280182,796,,,,
0.9399999976158142,1.0627,0.14983120560646057,797,,,,
0.925000011920929,1.064,0.24283966422080994,798,,,,
0.9550000429153442,1.0653,0.16282100975513458,799,,,,
0.8999999761581421,1.0667,0.23819483816623688,800,,,,
0.9099999666213989,1.068,0.23242533206939697,801,,,,
0.8949999809265137,1.0693,0.2724519371986389,802,,,,
0.8799999952316284,1.0707,0.2631455659866333,803,,,,
0.9049999713897705,1.072,0.259851336479187,804,,,,
0.9049999713897705,1.0733,0.23953257501125336,805,,,,
0.9299999475479126,1.0747,0.1621045470237732,806,,,,
0.8400000333786011,1.076,0.3390614986419678,807,,,,
0.9049999713897705,1.0773,0.2567647397518158,808,,,,
0.9099999666213989,1.0787,0.21888722479343414,809,,,,
0.9199999570846558,1.08,0.18824666738510132,810,,,,
0.9099999666213989,1.0813,0.22394604980945587,811,,,,
0.9149999618530273,1.0827,0.2279951274394989,812,,,,
0.9450000524520874,1.084,0.18921145796775818,813,,,,
0.9049999713897705,1.0853,0.22846189141273499,814,,,,
0.9099999666213989,1.0867,0.18797191977500916,815,,,,
0.934999942779541,1.088,0.16431425511837006,816,,,,
0.8849999904632568,1.0893,0.2718084454536438,817,,,,
0.9249999523162842,1.0907,0.1782703995704651,818,,,,
0.8849999904632568,1.092,0.2844144105911255,819,,,,
0.9449999928474426,1.0933,0.1620379537343979,820,,,,
0.934999942779541,1.0947,0.1400352120399475,821,,,,
0.9049999713897705,1.096,0.22193187475204468,822,,,,
0.9099999666213989,1.0973,0.19798240065574646,823,,,,
0.8899999856948853,1.0987,0.252677857875824,824,,,,
0.8949999809265137,1.1,0.24032437801361084,825,,,,
,1.1,,825,,,0.9055799841880798,0.2362421751022339
0.9149999618530273,1.1013,0.22414815425872803,826,,,,
0.9449999928474426,1.1027,0.16622787714004517,827,,,,
0.8899999856948853,1.104,0.21427446603775024,828,,,,
0.9199999570846558,1.1053,0.18710049986839294,829,,,,
0.9350000023841858,1.1067,0.19225084781646729,830,,,,
0.8949999809265137,1.108,0.252064049243927,831,,,,
0.8949999809265137,1.1093,0.23559623956680298,832,,,,
0.9199999570846558,1.1107,0.20322811603546143,833,,,,
0.9449999928474426,1.112,0.16825395822525024,834,,,,
0.9049999713897705,1.1133,0.21811458468437195,835,,,,
0.8899999856948853,1.1147,0.2866527736186981,836,,,,
0.9049999713897705,1.116,0.2313450127840042,837,,,,
0.9149999618530273,1.1173,0.17518824338912964,838,,,,
0.9550000429153442,1.1187,0.12038557976484299,839,,,,
0.9149999618530273,1.12,0.16834215819835663,840,,,,
0.8600000143051147,1.1213,0.34710073471069336,841,,,,
0.9450000524520874,1.1227,0.10990184545516968,842,,,,
0.8849999904632568,1.124,0.296649307012558,843,,,,
0.9049999713897705,1.1253,0.20512419939041138,844,,,,
0.934999942779541,1.1267,0.1797524392604828,845,,,,
0.9300000071525574,1.128,0.21341651678085327,846,,,,
0.925000011920929,1.1293,0.17724201083183289,847,,,,
0.9299999475479126,1.1307,0.18295401334762573,848,,,,
0.9099999666213989,1.132,0.23537053167819977,849,,,,
0.9249999523162842,1.1333,0.16881300508975983,850,,,,
0.9299999475479126,1.1347,0.18198378384113312,851,,,,
0.9149999618530273,1.136,0.22167566418647766,852,,,,
0.9049999713897705,1.1373,0.20679499208927155,853,,,,
0.9149999618530273,1.1387,0.21914897859096527,854,,,,
0.9399999976158142,1.14,0.16166067123413086,855,,,,
0.875,1.1413,0.3056817054748535,856,,,,
0.8899999856948853,1.1427,0.26543092727661133,857,,,,
0.9199999570846558,1.144,0.19407308101654053,858,,,,
0.9099999666213989,1.1453,0.23831439018249512,859,,,,
0.9399999976158142,1.1467,0.17571209371089935,860,,,,
0.9550000429153442,1.148,0.14618855714797974,861,,,,
0.9200000166893005,1.1493,0.19527429342269897,862,,,,
0.8899999856948853,1.1507,0.21934884786605835,863,,,,
0.8899999856948853,1.152,0.2625482380390167,864,,,,
0.8999999761581421,1.1533,0.23826807737350464,865,,,,
0.9199999570846558,1.1547,0.1764889359474182,866,,,,
0.8799999952316284,1.156,0.3028278350830078,867,,,,
0.9199999570846558,1.1573,0.21211116015911102,868,,,,
0.949999988079071,1.1587,0.14101466536521912,869,,,,
0.925000011920929,1.16,0.18248775601387024,870,,,,
0.9449999928474426,1.1613,0.14843541383743286,871,,,,
0.9399999976158142,1.1627,0.12808433175086975,872,,,,
0.9249999523162842,1.164,0.20300905406475067,873,,,,
0.9199999570846558,1.1653,0.24091950058937073,874,,,,
0.9149999618530273,1.1667,0.2227592021226883,875,,,,
0.8799999952316284,1.168,0.31530800461769104,876,,,,
0.9199999570846558,1.1693,0.2382843792438507,877,,,,
0.9099999666213989,1.1707,0.22420644760131836,878,,,,
0.9399999380111694,1.172,0.13711021840572357,879,,,,
0.934999942779541,1.1733,0.18453609943389893,880,,,,
0.9149999618530273,1.1747,0.20690375566482544,881,,,,
0.925000011920929,1.176,0.17341989278793335,882,,,,
0.9199999570846558,1.1773,0.17492875456809998,883,,,,
0.9249999523162842,1.1787,0.2054007649421692,884,,,,
0.9500000476837158,1.18,0.1299877166748047,885,,,,
0.9199999570846558,1.1813,0.21918120980262756,886,,,,
0.9249999523162842,1.1827,0.1725333034992218,887,,,,
0.9350000023841858,1.184,0.15951409935951233,888,,,,
0.9550000429153442,1.1853,0.12531493604183197,889,,,,
0.9149999618530273,1.1867,0.23157697916030884,890,,,,
0.9249999523162842,1.188,0.15871000289916992,891,,,,
0.9099999666213989,1.1893,0.2356872409582138,892,,,,
0.9099999666213989,1.1907,0.21363508701324463,893,,,,
0.9149999618530273,1.192,0.1969750076532364,894,,,,
0.9199999570846558,1.1933,0.18543151021003723,895,,,,
0.9249999523162842,1.1947,0.1745833456516266,896,,,,
0.9399999380111694,1.196,0.21778720617294312,897,,,,
0.9449999928474426,1.1973,0.16145139932632446,898,,,,
0.9450000524520874,1.1987,0.1609497219324112,899,,,,
0.9249999523162842,1.2,0.1881760060787201,900,,,,
,1.2,,900,,,0.9007999897003174,0.25059354305267334
0.9249999523162842,1.2013,0.19591672718524933,901,,,,
0.934999942779541,1.2027,0.17103026807308197,902,,,,
0.9299999475479126,1.204,0.15484373271465302,903,,,,
0.9249999523162842,1.2053,0.22799482941627502,904,,,,
0.934999942779541,1.2067,0.17785990238189697,905,,,,
0.925000011920929,1.208,0.19920291006565094,906,,,,
0.9300000071525574,1.2093,0.16441255807876587,907,,,,
0.9149999618530273,1.2107,0.19954417645931244,908,,,,
0.9099999666213989,1.212,0.23417624831199646,909,,,,
0.9399999976158142,1.2133,0.16366511583328247,910,,,,
0.9449999928474426,1.2147,0.1501006782054901,911,,,,
0.9049999713897705,1.216,0.22825148701667786,912,,,,
0.9099999666213989,1.2173,0.2416364997625351,913,,,,
0.9350000619888306,1.2187,0.16458167135715485,914,,,,
0.8949999809265137,1.22,0.25160038471221924,915,,,,
0.9099999666213989,1.2213,0.2154688835144043,916,,,,
0.9399999976158142,1.2227,0.13392247259616852,917,,,,
0.9300000071525574,1.224,0.188344806432724,918,,,,
0.8949999809265137,1.2253,0.22495517134666443,919,,,,
0.9099999666213989,1.2267,0.2413761019706726,920,,,,
0.925000011920929,1.228,0.17842209339141846,921,,,,
0.9300000071525574,1.2293,0.1723201721906662,922,,,,
0.934999942779541,1.2307,0.1696949601173401,923,,,,
0.934999942779541,1.232,0.17210522294044495,924,,,,
0.9199999570846558,1.2333,0.17721888422966003,925,,,,
0.9350000023841858,1.2347,0.1684226393699646,926,,,,
0.9149999618530273,1.236,0.2243066132068634,927,,,,
0.9249999523162842,1.2373,0.13112959265708923,928,,,,
0.9049999713897705,1.2387,0.17752033472061157,929,,,,
0.9249999523162842,1.24,0.22280095517635345,930,,,,
0.9300000071525574,1.2413,0.21463671326637268,931,,,,
0.9650000333786011,1.2427,0.11417362093925476,932,,,,
0.8550000190734863,1.244,0.3111978769302368,933,,,,
0.8949999809265137,1.2453,0.20744217932224274,934,,,,
0.9200000166893005,1.2467,0.21350744366645813,935,,,,
0.9249999523162842,1.248,0.1944618821144104,936,,,,
0.8999999761581421,1.2493,0.2255617380142212,937,,,,
0.9299999475479126,1.2507,0.19830523431301117,938,,,,
0.8799999952316284,1.252,0.24968412518501282,939,,,,
0.8500000238418579,1.2533,0.2757115066051483,940,,,,
0.9149999618530273,1.2547,0.17740805447101593,941,,,,
0.8949999809265137,1.256,0.23407340049743652,942,,,,
0.9049999713897705,1.2573,0.2120787650346756,943,,,,
0.9350000023841858,1.2587,0.1688317507505417,944,,,,
0.9049999713897705,1.26,0.2267250418663025,945,,,,
0.9099999666213989,1.2613,0.20206205546855927,946,,,,
0.9550000429153442,1.2627,0.1687055230140686,947,,,,
0.9199999570846558,1.264,0.2098924219608307,948,,,,
0.8849999904632568,1.2653,0.26252058148384094,949,,,,
0.9550000429153442,1.2667,0.14680927991867065,950,,,,
0.9149999618530273,1.268,0.22324514389038086,951,,,,
0.9300000071525574,1.2693,0.1854356825351715,952,,,,
0.9300000071525574,1.2707,0.17361971735954285,953,,,,
0.9199999570846558,1.272,0.19189216196537018,954,,,,
0.8999999761581421,1.2733,0.3174428641796112,955,,,,
0.9149999618530273,1.2747,0.1858227699995041,956,,,,
0.9399999976158142,1.276,0.19019733369350433,957,,,,
0.9049999713897705,1.2773,0.21779289841651917,958,,,,
0.875,1.2787,0.26592543721199036,959,,,,
0.9500000476837158,1.28,0.16888105869293213,960,,,,
0.9099999666213989,1.2813,0.235446035861969,961,,,,
0.9399999976158142,1.2827,0.17000804841518402,962,,,,
0.8949999809265137,1.284,0.2306925654411316,963,,,,
0.9350000023841858,1.2853,0.17751944065093994,964,,,,
0.8999999761581421,1.2867,0.22385410964488983,965,,,,
0.9199999570846558,1.288,0.1896953284740448,966,,,,
0.9199999570846558,1.2893,0.18389306962490082,967,,,,
0.8999999761581421,1.2907,0.20335400104522705,968,,,,
0.9350000023841858,1.292,0.17741185426712036,969,,,,
0.8899999856948853,1.2933,0.1982293277978897,970,,,,
0.9199999570846558,1.2947,0.1732216775417328,971,,,,
0.9099999666213989,1.296,0.23908616602420807,972,,,,
0.9249999523162842,1.2973,0.17454220354557037,973,,,,
0.9500000476837158,1.2987,0.13422681391239166,974,,,,
0.9099999666213989,1.3,0.26522111892700195,975,,,,
,1.3,,975,,,0.905019998550415,0.24679797887802124
0.9350000023841858,1.3013,0.16551458835601807,976,,,,
0.9049999713897705,1.3027,0.2305818796157837,977,,,,
0.9149999618530273,1.304,0.1993299126625061,978,,,,
0.8899999856948853,1.3053,0.22545179724693298,979,,,,
0.9099999666213989,1.3067,0.2435695081949234,980,,,,
0.9149999618530273,1.308,0.18761074542999268,981,,,,
0.9299999475479126,1.3093,0.21551448106765747,982,,,,
0.9300000071525574,1.3107,0.21827366948127747,983,,,,
0.9300000071525574,1.312,0.18782150745391846,984,,,,
0.9199999570846558,1.3133,0.25581949949264526,985,,,,
0.9199999570846558,1.3147,0.1898525357246399,986,,,,
0.9249999523162842,1.316,0.1874685287475586,987,,,,
0.9149999618530273,1.3173,0.21550312638282776,988,,,,
0.8999999761581421,1.3187,0.21936984360218048,989,,,,
0.8899999856948853,1.32,0.2464311420917511,990,,,,
0.9350000023841858,1.3213,0.18320342898368835,991,,,,
0.9149999618530273,1.3227,0.1923483908176422,992,,,,
0.9199999570846558,1.324,0.18867656588554382,993,,,,
0.9149999618530273,1.3253,0.19865228235721588,994,,,,
0.8949999809265137,1.3267,0.28120964765548706,995,,,,
0.9350000023841858,1.328,0.18130022287368774,996,,,,
0.9249999523162842,1.3293,0.1699242889881134,997,,,,
0.9099999666213989,1.3307,0.20388782024383545,998,,,,
0.9049999713897705,1.332,0.22209516167640686,999,,,,
0.9199999570846558,1.3333,0.18818630278110504,1000,,,,
0.9199999570846558,1.3347,0.18819692730903625,1001,,,,
0.9199999570846558,1.336,0.17262691259384155,1002,,,,
0.9199999570846558,1.3373,0.21092814207077026,1003,,,,
0.9549999833106995,1.3387,0.11801355332136154,1004,,,,
0.9150000214576721,1.34,0.17064009606838226,1005,,,,
0.9149999618530273,1.3413,0.20335137844085693,1006,,,,
0.9049999713897705,1.3427,0.2570168972015381,1007,,,,
0.9049999713897705,1.344,0.18961983919143677,1008,,,,
0.8999999761581421,1.3453,0.22370877861976624,1009,,,,
0.8999999761581421,1.3467,0.2079414576292038,1010,,,,
0.9300000071525574,1.348,0.16775459051132202,1011,,,,
0.9049999713897705,1.3493,0.21821612119674683,1012,,,,
0.9199999570846558,1.3507,0.1753399670124054,1013,,,,
0.9099999666213989,1.352,0.2732478976249695,1014,,,,
0.9299999475479126,1.3533,0.19825151562690735,1015,,,,
0.9300000071525574,1.3547,0.17698436975479126,1016,,,,
0.9099999666213989,1.356,0.240955650806427,1017,,,,
0.8899999856948853,1.3573,0.2667441666126251,1018,,,,
0.925000011920929,1.3587,0.2108452022075653,1019,,,,
0.9500000476837158,1.36,0.1633247584104538,1020,,,,
0.8999999761581421,1.3613,0.23381492495536804,1021,,,,
0.9099999666213989,1.3627,0.1872486174106598,1022,,,,
0.9149999618530273,1.364,0.2115166038274765,1023,,,,
0.9049999713897705,1.3653,0.24240991473197937,1024,,,,
0.9299999475479126,1.3667,0.1858888417482376,1025,,,,
0.9049999713897705,1.368,0.25454652309417725,1026,,,,
0.9249999523162842,1.3693,0.2026030421257019,1027,,,,
0.9149999618530273,1.3707,0.2401275485754013,1028,,,,
0.9049999713897705,1.372,0.20937573909759521,1029,,,,
0.9149999618530273,1.3733,0.2309492528438568,1030,,,,
0.9199999570846558,1.3747,0.21000216901302338,1031,,,,
0.9299999475479126,1.376,0.16138790547847748,1032,,,,
0.9350000023841858,1.3773,0.19234293699264526,1033,,,,
0.9149999618530273,1.3787,0.18826663494110107,1034,,,,
0.9049999713897705,1.38,0.24889038503170013,1035,,,,
0.9099999666213989,1.3813,0.1780949980020523,1036,,,,
0.8899999856948853,1.3827,0.2084411382675171,1037,,,,
0.9099999666213989,1.384,0.20363758504390717,1038,,,,
0.8999999761581421,1.3853,0.22481276094913483,1039,,,,
0.8999999761581421,1.3867,0.26124417781829834,1040,,,,
0.875,1.388,0.27460241317749023,1041,,,,
0.9299999475479126,1.3893,0.1968497931957245,1042,,,,
0.9299999475479126,1.3907,0.20397815108299255,1043,,,,
0.9099999666213989,1.392,0.18933412432670593,1044,,,,
0.9399999976158142,1.3933,0.17563974857330322,1045,,,,
0.9700000286102295,1.3947,0.1143093854188919,1046,,,,
0.8949999809265137,1.396,0.22009208798408508,1047,,,,
0.934999942779541,1.3973,0.16411924362182617,1048,,,,
0.9249999523162842,1.3987,0.15951600670814514,1049,,,,
0.925000011920929,1.4,0.1981002688407898,1050,,,,
,1.4,,1050,,,0.9059200286865234,0.2470405101776123
0.9099999666213989,1.4013,0.1761322319507599,1051,,,,
0.9399999976158142,1.4027,0.1972832977771759,1052,,,,
0.9449999928474426,1.404,0.1555016040802002,1053,,,,
0.934999942779541,1.4053,0.15648460388183594,1054,,,,
0.8999999761581421,1.4067,0.24794334173202515,1055,,,,
0.949999988079071,1.408,0.1457086205482483,1056,,,,
0.9249999523162842,1.4093,0.18312612175941467,1057,,,,
0.9350000023841858,1.4107,0.17324763536453247,1058,,,,
0.9149999618530273,1.412,0.2209339588880539,1059,,,,
0.9399999976158142,1.4133,0.1491418480873108,1060,,,,
0.9350000023841858,1.4147,0.12158544361591339,1061,,,,
0.9099999666213989,1.416,0.2367718368768692,1062,,,,
0.934999942779541,1.4173,0.1552719920873642,1063,,,,
0.934999942779541,1.4187,0.16753238439559937,1064,,,,
0.9350000023841858,1.42,0.20708411931991577,1065,,,,
0.8849999904632568,1.4213,0.25236332416534424,1066,,,,
0.9299999475479126,1.4227,0.200008824467659,1067,,,,
0.9450000524520874,1.424,0.1734646111726761,1068,,,,
0.8799999952316284,1.4253,0.2287772297859192,1069,,,,
0.9099999666213989,1.4267,0.2079654335975647,1070,,,,
0.9199999570846558,1.428,0.20768684148788452,1071,,,,
0.8650000095367432,1.4293,0.29927048087120056,1072,,,,
0.9550000429153442,1.4307,0.15396595001220703,1073,,,,
0.8999999761581421,1.432,0.24694685637950897,1074,,,,
0.8999999761581421,1.4333,0.22664424777030945,1075,,,,
0.934999942779541,1.4347,0.18525859713554382,1076,,,,
0.9049999713897705,1.436,0.24636022746562958,1077,,,,
0.9149999618530273,1.4373,0.16955778002738953,1078,,,,
0.9099999666213989,1.4387,0.20662617683410645,1079,,,,
0.9300000071525574,1.44,0.17596280574798584,1080,,,,
0.934999942779541,1.4413,0.19757825136184692,1081,,,,
0.9049999713897705,1.4427,0.2512524724006653,1082,,,,
0.9199999570846558,1.444,0.1885296106338501,1083,,,,
0.9399999976158142,1.4453,0.184214249253273,1084,,,,
0.9099999666213989,1.4467,0.2106349766254425,1085,,,,
0.9550000429153442,1.448,0.15888412296772003,1086,,,,
0.9199999570846558,1.4493,0.2191968858242035,1087,,,,
0.940000057220459,1.4507,0.1710837036371231,1088,,,,
0.9449999928474426,1.452,0.1548847109079361,1089,,,,
0.9350000023841858,1.4533,0.1829737424850464,1090,,,,
0.9149999618530273,1.4547,0.20549820363521576,1091,,,,
0.9099999666213989,1.456,0.20785894989967346,1092,,,,
0.9249999523162842,1.4573,0.1656246781349182,1093,,,,
0.9300000071525574,1.4587,0.18970273435115814,1094,,,,
0.9199999570846558,1.46,0.2028549611568451,1095,,,,
0.8999999761581421,1.4613,0.19406408071517944,1096,,,,
0.9299999475479126,1.4627,0.16378727555274963,1097,,,,
0.9199999570846558,1.464,0.18885168433189392,1098,,,,
0.9149999618530273,1.4653,0.213769793510437,1099,,,,
0.9049999713897705,1.4667,0.2131085991859436,1100,,,,
0.8949999809265137,1.468,0.22035221755504608,1101,,,,
0.9049999713897705,1.4693,0.2105635553598404,1102,,,,
0.9550000429153442,1.4707,0.15370160341262817,1103,,,,
0.934999942779541,1.472,0.19182495772838593,1104,,,,
0.9200000166893005,1.4733,0.19058482348918915,1105,,,,
0.9199999570846558,1.4747,0.19841736555099487,1106,,,,
0.9099999666213989,1.476,0.20630396902561188,1107,,,,
0.9249999523162842,1.4773,0.15370193123817444,1108,,,,
0.9249999523162842,1.4787,0.2085840404033661,1109,,,,
0.9350000023841858,1.48,0.1875927895307541,1110,,,,
0.9300000071525574,1.4813,0.18062752485275269,1111,,,,
0.9399999380111694,1.4827,0.2189440280199051,1112,,,,
0.9049999713897705,1.484,0.21678535640239716,1113,,,,
0.9149999618530273,1.4853,0.19751164317131042,1114,,,,
0.9099999666213989,1.4867,0.23901638388633728,1115,,,,
0.9199999570846558,1.488,0.20500659942626953,1116,,,,
0.940000057220459,1.4893,0.15137171745300293,1117,,,,
0.9399999976158142,1.4907,0.1511951982975006,1118,,,,
0.934999942779541,1.492,0.16336748003959656,1119,,,,
0.9199999570846558,1.4933,0.2156241089105606,1120,,,,
0.9299999475479126,1.4947,0.1492961347103119,1121,,,,
0.9300000071525574,1.496,0.20232811570167542,1122,,,,
0.9399999976158142,1.4973,0.1849697083234787,1123,,,,
0.9399999380111694,1.4987,0.15173155069351196,1124,,,,
0.9300000071525574,1.5,0.16965337097644806,1125,,,,
,1.5,,1125,,,0.9088000059127808,0.23825541138648987
0.934999942779541,1.5013,0.19721366465091705,1126,,,,
0.9199999570846558,1.5027,0.21907281875610352,1127,,,,
0.9449999928474426,1.504,0.13709989190101624,1128,,,,
0.8899999856948853,1.5053,0.2696740925312042,1129,,,,
0.9100000262260437,1.5067,0.2165256291627884,1130,,,,
0.9399999976158142,1.508,0.22396613657474518,1131,,,,
0.9449999928474426,1.5093,0.1656479835510254,1132,,,,
0.9049999713897705,1.5107,0.2073461264371872,1133,,,,
0.8799999952316284,1.512,0.3028675317764282,1134,,,,
0.9199999570846558,1.5133,0.15369552373886108,1135,,,,
0.8999999761581421,1.5147,0.21970857679843903,1136,,,,
0.9049999713897705,1.516,0.2304866909980774,1137,,,,
0.9399999976158142,1.5173,0.20382443070411682,1138,,,,
0.9149999618530273,1.5187,0.22811102867126465,1139,,,,
0.9449999928474426,1.52,0.15375512838363647,1140,,,,
0.9199999570846558,1.5213,0.1883876621723175,1141,,,,
0.9450000524520874,1.5227,0.14974477887153625,1142,,,,
0.8849999904632568,1.524,0.28577977418899536,1143,,,,
0.8949999809265137,1.5253,0.2314438819885254,1144,,,,
0.9149999618530273,1.5267,0.22653062641620636,1145,,,,
0.9249999523162842,1.528,0.21925586462020874,1146,,,,
0.8999999761581421,1.5293,0.2565503716468811,1147,,,,
0.8999999761581421,1.5307,0.202964186668396,1148,,,,
0.9449999928474426,1.532,0.1795324981212616,1149,,,,
0.9249999523162842,1.5333,0.18152585625648499,1150,,,,
0.9350000023841858,1.5347,0.20684078335762024,1151,,,,
0.9399999976158142,1.536,0.154727041721344,1152,,,,
0.9500000476837158,1.5373,0.16436263918876648,1153,,,,
0.8949999809265137,1.5387,0.23469063639640808,1154,,,,
0.9099999666213989,1.54,0.19375497102737427,1155,,,,
0.9300000071525574,1.5413,0.18286985158920288,1156,,,,
0.9299999475479126,1.5427,0.17552955448627472,1157,,,,
0.9199999570846558,1.544,0.20077739655971527,1158,,,,
0.9199999570846558,1.5453,0.23131833970546722,1159,,,,
0.8700000047683716,1.5467,0.2882159948348999,1160,,,,
0.9299999475479126,1.548,0.20472362637519836,1161,,,,
0.9199999570846558,1.5493,0.1972450613975525,1162,,,,
0.9299999475479126,1.5507,0.152503103017807,1163,,,,
0.9449999928474426,1.552,0.17002582550048828,1164,,,,
0.9149999618530273,1.5533,0.20267534255981445,1165,,,,
0.9099999666213989,1.5547,0.19550976157188416,1166,,,,
0.9099999666213989,1.556,0.2206711620092392,1167,,,,
0.9049999713897705,1.5573,0.2267485111951828,1168,,,,
0.9449999928474426,1.5587,0.17849966883659363,1169,,,,
0.9350000023841858,1.56,0.21057218313217163,1170,,,,
0.8849999904632568,1.5613,0.2654550075531006,1171,,,,
0.9099999666213989,1.5627,0.24163669347763062,1172,,,,
0.9449999928474426,1.564,0.1633681356906891,1173,,,,
0.925000011920929,1.5653,0.19317269325256348,1174,,,,
0.9249999523162842,1.5667,0.1796865165233612,1175,,,,
0.8949999809265137,1.568,0.25430482625961304,1176,,,,
0.949999988079071,1.5693,0.15240631997585297,1177,,,,
0.9300000071525574,1.5707,0.17410513758659363,1178,,,,
0.8849999904632568,1.572,0.277482271194458,1179,,,,
0.9149999618530273,1.5733,0.24131488800048828,1180,,,,
0.9350000023841858,1.5747,0.19302745163440704,1181,,,,
0.9149999618530273,1.576,0.19494138658046722,1182,,,,
0.8949999809265137,1.5773,0.20970962941646576,1183,,,,
0.9350000023841858,1.5787,0.2154090404510498,1184,,,,
0.9300000071525574,1.58,0.18192237615585327,1185,,,,
0.9500000476837158,1.5813,0.1331893503665924,1186,,,,
0.925000011920929,1.5827,0.2373165488243103,1187,,,,
0.8799999952316284,1.584,0.23193803429603577,1188,,,,
0.8849999904632568,1.5853,0.30019861459732056,1189,,,,
0.9049999713897705,1.5867,0.22737854719161987,1190,,,,
0.8999999761581421,1.588,0.22872984409332275,1191,,,,
0.9200000166893005,1.5893,0.20125515758991241,1192,,,,
0.9149999618530273,1.5907,0.22033224999904633,1193,,,,
0.9049999713897705,1.592,0.2393275946378708,1194,,,,
0.9099999666213989,1.5933,0.23591293394565582,1195,,,,
0.9350000023841858,1.5947,0.1905175745487213,1196,,,,
0.9450000524520874,1.596,0.18635816872119904,1197,,,,
0.9149999618530273,1.5973,0.21381151676177979,1198,,,,
0.9299999475479126,1.5987,0.17969100177288055,1199,,,,
0.9249999523162842,1.6,0.19576522707939148,1200,,,,
,1.6,,1200,,,0.9071599841117859,0.23390157520771027
0.9399999976158142,1.6013,0.17574821412563324,1201,,,,
0.9099999666213989,1.6027,0.19206024706363678,1202,,,,
0.9050000309944153,1.604,0.23658838868141174,1203,,,,
0.925000011920929,1.6053,0.22222597897052765,1204,,,,
0.8899999856948853,1.6067,0.2521834671497345,1205,,,,
0.9399999976158142,1.608,0.16225552558898926,1206,,,,
0.9149999618530273,1.6093,0.21132725477218628,1207,,,,
0.9099999666213989,1.6107,0.22921082377433777,1208,,,,
0.9650000333786011,1.612,0.11876516789197922,1209,,,,
0.9199999570846558,1.6133,0.18631574511528015,1210,,,,
0.9500000476837158,1.6147,0.15674811601638794,1211,,,,
0.8799999952316284,1.616,0.2600383162498474,1212,,,,
0.9399999976158142,1.6173,0.16924285888671875,1213,,,,
0.8949999809265137,1.6187,0.279875785112381,1214,,,,
0.925000011920929,1.62,0.21030326187610626,1215,,,,
0.9249999523162842,1.6213,0.18162545561790466,1216,,,,
0.9350000023841858,1.6227,0.15677660703659058,1217,,,,
0.925000011920929,1.624,0.2123928666114807,1218,,,,
0.9199999570846558,1.6253,0.2759818434715271,1219,,,,
0.9199999570846558,1.6267,0.21888959407806396,1220,,,,
0.8949999809265137,1.628,0.24036899209022522,1221,,,,
0.9099999666213989,1.6293,0.16851164400577545,1222,,,,
0.9099999666213989,1.6307,0.2150602638721466,1223,,,,
0.9199999570846558,1.632,0.2006683647632599,1224,,,,
0.9249999523162842,1.6333,0.2057117223739624,1225,,,,
0.9149999618530273,1.6347,0.22733467817306519,1226,,,,
0.8999999761581421,1.636,0.22972817718982697,1227,,,,
0.9099999666213989,1.6373,0.2049909085035324,1228,,,,
0.9350000023841858,1.6387,0.15769454836845398,1229,,,,
0.8899999856948853,1.64,0.24315635859966278,1230,,,,
0.9199999570846558,1.6413,0.21270446479320526,1231,,,,
0.9299999475479126,1.6427,0.1467745006084442,1232,,,,
0.9099999666213989,1.644,0.22057224810123444,1233,,,,
0.9099999666213989,1.6453,0.18543633818626404,1234,,,,
0.9399999380111694,1.6467,0.16889576613903046,1235,,,,
0.9150000214576721,1.648,0.20730158686637878,1236,,,,
0.9199999570846558,1.6493,0.16435402631759644,1237,,,,
0.9199999570846558,1.6507,0.18515440821647644,1238,,,,
0.9350000023841858,1.652,0.145432710647583,1239,,,,
0.9249999523162842,1.6533,0.1849360466003418,1240,,,,
0.9099999666213989,1.6547,0.213672935962677,1241,,,,
0.9249999523162842,1.656,0.1782371997833252,1242,,,,
0.9350000023841858,1.6573,0.1598694920539856,1243,,,,
0.9249999523162842,1.6587,0.23444747924804688,1244,,,,
0.9500000476837158,1.66,0.15056204795837402,1245,,,,
0.9300000071525574,1.6613,0.18957088887691498,1246,,,,
0.9450000524520874,1.6627,0.16528856754302979,1247,,,,
0.8999999761581421,1.664,0.2574145495891571,1248,,,,
0.9399999976158142,1.6653,0.16469690203666687,1249,,,,
0.9500000476837158,1.6667,0.15940751135349274,1250,,,,
0.9700000286102295,1.668,0.09561958909034729,1251,,,,
0.9199999570846558,1.6693,0.1909685730934143,1252,,,,
0.9149999618530273,1.6707,0.21064642071723938,1253,,,,
0.8999999761581421,1.672,0.21236710250377655,1254,,,,
0.934999942779541,1.6733,0.15290234982967377,1255,,,,
0.9149999618530273,1.6747,0.20211553573608398,1256,,,,
0.925000011920929,1.676,0.15987899899482727,1257,,,,
0.9299999475479126,1.6773,0.18189296126365662,1258,,,,
0.9449999928474426,1.6787,0.15226595103740692,1259,,,,
0.8700000047683716,1.68,0.29173725843429565,1260,,,,
0.9300000071525574,1.6813,0.17267557978630066,1261,,,,
0.8999999761581421,1.6827,0.22340354323387146,1262,,,,
0.9750000238418579,1.684,0.10592268407344818,1263,,,,
0.9149999618530273,1.6853,0.22191986441612244,1264,,,,
0.9249999523162842,1.6867,0.16920922696590424,1265,,,,
0.9199999570846558,1.688,0.1872999668121338,1266,,,,
0.9099999666213989,1.6893,0.1734417974948883,1267,,,,
0.9099999666213989,1.6907,0.21103501319885254,1268,,,,
0.8849999904632568,1.692,0.31931865215301514,1269,,,,
0.9099999666213989,1.6933,0.20091953873634338,1270,,,,
0.8999999761581421,1.6947,0.24610956013202667,1271,,,,
0.9149999618530273,1.696,0.18010883033275604,1272,,,,
0.8999999761581421,1.6973,0.24450628459453583,1273,,,,
0.9350000023841858,1.6987,0.16165420413017273,1274,,,,
0.9450000524520874,1.7,0.1860859990119934,1275,,,,
,1.7,,1275,,,0.909280002117157,0.22800996899604797
0.9049999713897705,1.7013,0.23671764135360718,1276,,,,
0.8949999809265137,1.7027,0.2087542712688446,1277,,,,
0.9149999618530273,1.704,0.2462400496006012,1278,,,,
0.934999942779541,1.7053,0.1797170341014862,1279,,,,
0.8849999904632568,1.7067,0.24771203100681305,1280,,,,
0.9300000071525574,1.708,0.1679874062538147,1281,,,,
0.9300000071525574,1.7093,0.2249956578016281,1282,,,,
0.9100000262260437,1.7107,0.20197856426239014,1283,,,,
0.9299999475479126,1.712,0.15292483568191528,1284,,,,
0.9600000381469727,1.7133,0.18956618010997772,1285,,,,
0.9249999523162842,1.7147,0.19133850932121277,1286,,,,
0.9199999570846558,1.716,0.15591025352478027,1287,,,,
0.9149999618530273,1.7173,0.192804753780365,1288,,,,
0.925000011920929,1.7187,0.18453802168369293,1289,,,,
0.9149999618530273,1.72,0.22046039998531342,1290,,,,
0.8949999809265137,1.7213,0.23947769403457642,1291,,,,
0.9350000023841858,1.7227,0.16107118129730225,1292,,,,
0.9299999475479126,1.724,0.15284955501556396,1293,,,,
0.9200000166893005,1.7253,0.1966107338666916,1294,,,,
0.8799999952316284,1.7267,0.296363890171051,1295,,,,
0.9399999380111694,1.728,0.1705743670463562,1296,,,,
0.9300000071525574,1.7293,0.1492835283279419,1297,,,,
0.934999942779541,1.7307,0.15743377804756165,1298,,,,
0.9099999666213989,1.732,0.24532462656497955,1299,,,,
0.9249999523162842,1.7333,0.23807597160339355,1300,,,,
0.8849999904632568,1.7347,0.2579824924468994,1301,,,,
0.9200000166893005,1.736,0.19844356179237366,1302,,,,
0.9350000023841858,1.7373,0.1842411458492279,1303,,,,
0.9249999523162842,1.7387,0.18611091375350952,1304,,,,
0.9399999380111694,1.74,0.1906253695487976,1305,,,,
0.9099999666213989,1.7413,0.26181232929229736,1306,,,,
0.9600000381469727,1.7427,0.14733600616455078,1307,,,,
0.9249999523162842,1.744,0.19996270537376404,1308,,,,
0.9149999618530273,1.7453,0.2099512815475464,1309,,,,
0.9249999523162842,1.7467,0.23949027061462402,1310,,,,
0.9399999976158142,1.748,0.14707787334918976,1311,,,,
0.9300000071525574,1.7493,0.16236737370491028,1312,,,,
0.9449999928474426,1.7507,0.1457194834947586,1313,,,,
0.9399999976158142,1.752,0.16613847017288208,1314,,,,
0.9399999976158142,1.7533,0.15526214241981506,1315,,,,
0.9099999666213989,1.7547,0.18990826606750488,1316,,,,
0.9300000071525574,1.756,0.1436316967010498,1317,,,,
0.9199999570846558,1.7573,0.19575166702270508,1318,,,,
0.9399999976158142,1.7587,0.2247423529624939,1319,,,,
0.9049999713897705,1.76,0.21993166208267212,1320,,,,
0.934999942779541,1.7613,0.1592453122138977,1321,,,,
0.9299999475479126,1.7627,0.21482102572917938,1322,,,,
0.9350000023841858,1.764,0.2164883017539978,1323,,,,
0.9500000476837158,1.7653,0.13277274370193481,1324,,,,
0.8949999809265137,1.7667,0.26128143072128296,1325,,,,
0.9249999523162842,1.768,0.2237602174282074,1326,,,,
0.934999942779541,1.7693,0.16890470683574677,1327,,,,
0.9049999713897705,1.7707,0.18306419253349304,1328,,,,
0.9099999666213989,1.772,0.19779430329799652,1329,,,,
0.9099999666213989,1.7733,0.23972781002521515,1330,,,,
0.9500000476837158,1.7747,0.11294973641633987,1331,,,,
0.9149999618530273,1.776,0.21218916773796082,1332,,,,
0.9550000429153442,1.7773,0.13143597543239594,1333,,,,
0.9599999785423279,1.7787,0.12402600795030594,1334,,,,
0.9199999570846558,1.78,0.18888065218925476,1335,,,,
0.9249999523162842,1.7813,0.2158660888671875,1336,,,,
0.9449999928474426,1.7827,0.16281238198280334,1337,,,,
0.9300000071525574,1.784,0.20638158917427063,1338,,,,
0.8949999809265137,1.7853,0.2640138268470764,1339,,,,
0.9449999928474426,1.7867,0.1382559835910797,1340,,,,
0.9350000023841858,1.788,0.18884536623954773,1341,,,,
0.9249999523162842,1.7893,0.18682780861854553,1342,,,,
0.8899999856948853,1.7907,0.25254660844802856,1343,,,,
0.875,1.792,0.27213624119758606,1344,,,,
0.9299999475479126,1.7933,0.1852484941482544,1345,,,,
0.9199999570846558,1.7947,0.21873486042022705,1346,,,,
0.8550000190734863,1.796,0.30398643016815186,1347,,,,
0.9350000023841858,1.7973,0.172012060880661,1348,,,,
0.9249999523162842,1.7987,0.18123218417167664,1349,,,,
0.9249999523162842,1.8,0.21189503371715546,1350,,,,
,1.8,,1350,,,0.9074400067329407,0.23000536859035492
0.8899999856948853,1.8013,0.22823724150657654,1351,,,,
0.9300000071525574,1.8027,0.18602719902992249,1352,,,,
0.925000011920929,1.804,0.20684008300304413,1353,,,,
0.9199999570846558,1.8053,0.21795013546943665,1354,,,,
0.949999988079071,1.8067,0.12838304042816162,1355,,,,
0.934999942779541,1.808,0.1821107268333435,1356,,,,
0.9350000023841858,1.8093,0.16860219836235046,1357,,,,
0.9550000429153442,1.8107,0.1632000058889389,1358,,,,
0.9099999666213989,1.812,0.16233304142951965,1359,,,,
0.9399999976158142,1.8133,0.21795952320098877,1360,,,,
0.9299999475479126,1.8147,0.17303898930549622,1361,,,,
0.934999942779541,1.816,0.21279993653297424,1362,,,,
0.9099999666213989,1.8173,0.23914828896522522,1363,,,,
0.8799999952316284,1.8187,0.31973984837532043,1364,,,,
0.9300000071525574,1.82,0.16582739353179932,1365,,,,
0.8849999904632568,1.8213,0.24699558317661285,1366,,,,
0.9199999570846558,1.8227,0.1420394331216812,1367,,,,
0.9449999928474426,1.824,0.14444215595722198,1368,,,,
0.9199999570846558,1.8253,0.22709795832633972,1369,,,,
0.925000011920929,1.8267,0.1931014508008957,1370,,,,
0.8899999856948853,1.828,0.24189674854278564,1371,,,,
0.9249999523162842,1.8293,0.1750323623418808,1372,,,,
0.9049999713897705,1.8307,0.20616044104099274,1373,,,,
0.8999999761581421,1.832,0.26183441281318665,1374,,,,
0.8949999809265137,1.8333,0.19168084859848022,1375,,,,
0.8949999809265137,1.8347,0.20522135496139526,1376,,,,
0.9049999713897705,1.836,0.2212265431880951,1377,,,,
0.9350000023841858,1.8373,0.18464204668998718,1378,,,,
0.9399999976158142,1.8387,0.15755543112754822,1379,,,,
0.9300000071525574,1.84,0.18470712006092072,1380,,,,
0.9350000023841858,1.8413,0.17881281673908234,1381,,,,
0.9149999618530273,1.8427,0.217898428440094,1382,,,,
0.9099999666213989,1.844,0.2536042332649231,1383,,,,
0.9099999666213989,1.8453,0.2149580717086792,1384,,,,
0.9199999570846558,1.8467,0.19488286972045898,1385,,,,
0.9449999928474426,1.848,0.14890755712985992,1386,,,,
0.9449999928474426,1.8493,0.16766105592250824,1387,,,,
0.9199999570846558,1.8507,0.18960455060005188,1388,,,,
0.9350000023841858,1.852,0.12702906131744385,1389,,,,
0.9399999976158142,1.8533,0.15801601111888885,1390,,,,
0.9399999976158142,1.8547,0.16674646735191345,1391,,,,
0.9199999570846558,1.856,0.17873439192771912,1392,,,,
0.9200000166893005,1.8573,0.20787262916564941,1393,,,,
0.8700000047683716,1.8587,0.2600018382072449,1394,,,,
0.8999999761581421,1.86,0.22485871613025665,1395,,,,
0.9049999713897705,1.8613,0.20510432124137878,1396,,,,
0.9199999570846558,1.8627,0.22889354825019836,1397,,,,
0.9099999666213989,1.864,0.2630465626716614,1398,,,,
0.8949999809265137,1.8653,0.315192848443985,1399,,,,
0.9399999976158142,1.8667,0.14471568167209625,1400,,,,
0.9149999618530273,1.868,0.19361062347888947,1401,,,,
0.875,1.8693,0.2562480568885803,1402,,,,
0.8999999761581421,1.8707,0.21747305989265442,1403,,,,
0.9249999523162842,1.872,0.21830511093139648,1404,,,,
0.8700000047683716,1.8733,0.28914308547973633,1405,,,,
0.8949999809265137,1.8747,0.2544093132019043,1406,,,,
0.9049999713897705,1.876,0.21527153253555298,1407,,,,
0.9149999618530273,1.8773,0.23908324539661407,1408,,,,
0.9300000071525574,1.8787,0.1745479255914688,1409,,,,
0.9299999475479126,1.88,0.18454769253730774,1410,,,,
0.9249999523162842,1.8813,0.19196894764900208,1411,,,,
0.8999999761581421,1.8827,0.2521969676017761,1412,,,,
0.9149999618530273,1.884,0.23226812481880188,1413,,,,
0.9299999475479126,1.8853,0.15609195828437805,1414,,,,
0.9200000166893005,1.8867,0.1830805093050003,1415,,,,
0.9199999570846558,1.888,0.20606616139411926,1416,,,,
0.9049999713897705,1.8893,0.2817078232765198,1417,,,,
0.8849999904632568,1.8907,0.23743513226509094,1418,,,,
0.9200000166893005,1.892,0.24129371345043182,1419,,,,
0.9399999976158142,1.8933,0.21288850903511047,1420,,,,
0.9550000429153442,1.8947,0.14989374577999115,1421,,,,
0.9249999523162842,1.896,0.18924662470817566,1422,,,,
0.9049999713897705,1.8973,0.23805369436740875,1423,,,,
0.875,1.8987,0.25128790736198425,1424,,,,
0.9249999523162842,1.9,0.1790633499622345,1425,,,,
,1.9,,1425,,,0.9091399908065796,0.22607974708080292
0.934999942779541,1.9013,0.1593446135520935,1426,,,,
0.8949999809265137,1.9027,0.23350434005260468,1427,,,,
0.9049999713897705,1.904,0.23278594017028809,1428,,,,
0.8999999761581421,1.9053,0.25663524866104126,1429,,,,
0.9149999618530273,1.9067,0.22876864671707153,1430,,,,
0.8899999856948853,1.908,0.2752375602722168,1431,,,,
0.9300000071525574,1.9093,0.1776113063097,1432,,,,
0.9249999523162842,1.9107,0.18323534727096558,1433,,,,
0.9399999976158142,1.912,0.15526822209358215,1434,,,,
0.9149999618530273,1.9133,0.21547731757164001,1435,,,,
0.9549999833106995,1.9147,0.1341303586959839,1436,,,,
0.9049999713897705,1.916,0.21374285221099854,1437,,,,
0.949999988079071,1.9173,0.15545405447483063,1438,,,,
0.934999942779541,1.9187,0.1522836536169052,1439,,,,
0.9249999523162842,1.92,0.18557432293891907,1440,,,,
0.9399999976158142,1.9213,0.1773681342601776,1441,,,,
0.9449999928474426,1.9227,0.1654672920703888,1442,,,,
0.9350000023841858,1.924,0.15789538621902466,1443,,,,
0.949999988079071,1.9253,0.14388613402843475,1444,,,,
0.9350000023841858,1.9267,0.17889747023582458,1445,,,,
0.9300000071525574,1.928,0.21709153056144714,1446,,,,
0.8650000095367432,1.9293,0.2756650447845459,1447,,,,
0.9149999618530273,1.9307,0.20965534448623657,1448,,,,
0.8949999809265137,1.932,0.2137736678123474,1449,,,,
0.9399999976158142,1.9333,0.18730448186397552,1450,,,,
0.925000011920929,1.9347,0.20269480347633362,1451,,,,
0.9449999928474426,1.936,0.19438506662845612,1452,,,,
0.9149999618530273,1.9373,0.2001432627439499,1453,,,,
0.9049999713897705,1.9387,0.251534104347229,1454,,,,
0.8899999856948853,1.94,0.2515486776828766,1455,,,,
0.9249999523162842,1.9413,0.1813986599445343,1456,,,,
0.9650000333786011,1.9427,0.1381656974554062,1457,,,,
0.9399999380111694,1.944,0.19133253395557404,1458,,,,
0.8999999761581421,1.9453,0.21064412593841553,1459,,,,
0.9099999666213989,1.9467,0.1946406215429306,1460,,,,
0.9299999475479126,1.948,0.14847534894943237,1461,,,,
0.9199999570846558,1.9493,0.1915053427219391,1462,,,,
0.934999942779541,1.9507,0.129860058426857,1463,,,,
0.9300000071525574,1.952,0.17226731777191162,1464,,,,
0.9399999976158142,1.9533,0.19308781623840332,1465,,,,
0.9249999523162842,1.9547,0.17436464130878448,1466,,,,
0.8899999856948853,1.956,0.2566899061203003,1467,,,,
0.9300000071525574,1.9573,0.2053464949131012,1468,,,,
0.8999999761581421,1.9587,0.23172645270824432,1469,,,,
0.9199999570846558,1.96,0.21284601092338562,1470,,,,
0.8799999952316284,1.9613,0.29460057616233826,1471,,,,
0.9300000071525574,1.9627,0.18692797422409058,1472,,,,
0.8849999904632568,1.964,0.24617114663124084,1473,,,,
0.949999988079071,1.9653,0.16578072309494019,1474,,,,
0.9399999976158142,1.9667,0.18870851397514343,1475,,,,
0.8899999856948853,1.968,0.212217777967453,1476,,,,
0.8899999856948853,1.9693,0.27641183137893677,1477,,,,
0.9150000214576721,1.9707,0.21613840758800507,1478,,,,
0.8949999809265137,1.972,0.23130273818969727,1479,,,,
0.8700000047683716,1.9733,0.3272813558578491,1480,,,,
0.8999999761581421,1.9747,0.2884998917579651,1481,,,,
0.9350000023841858,1.976,0.20707790553569794,1482,,,,
0.9299999475479126,1.9773,0.17754694819450378,1483,,,,
0.8899999856948853,1.9787,0.26292258501052856,1484,,,,
0.9249999523162842,1.98,0.16801249980926514,1485,,,,
0.925000011920929,1.9813,0.18288573622703552,1486,,,,
0.9149999618530273,1.9827,0.2048601508140564,1487,,,,
0.8849999904632568,1.984,0.25488048791885376,1488,,,,
0.9249999523162842,1.9853,0.16721004247665405,1489,,,,
0.9449999928474426,1.9867,0.14008626341819763,1490,,,,
0.9149999618530273,1.988,0.23557358980178833,1491,,,,
0.9399999976158142,1.9893,0.16911333799362183,1492,,,,
0.8949999809265137,1.9907,0.2568402886390686,1493,,,,
0.8999999761581421,1.992,0.2049902230501175,1494,,,,
0.8899999856948853,1.9933,0.23546303808689117,1495,,,,
0.9099999666213989,1.9947,0.2665543556213379,1496,,,,
0.9300000071525574,1.996,0.16137364506721497,1497,,,,
0.8949999809265137,1.9973,0.20211030542850494,1498,,,,
0.9399999976158142,1.9987,0.15898051857948303,1499,,,,
0.8650000095367432,2.0,0.2830859422683716,1500,,,,
,2.0,,1500,,,0.907480001449585,0.22784101963043213
,1.7,,1275,0.909280002117157,0.22800996899604797,,
