acc,epoch,loss,step,test_F1c,test_F1e,test_acc,test_loss,val_F1c,val_F1e,val_acc,val_loss
0.06572769582271576,0.0024,3.1574437618255615,1,,,,,,,,
0.0517241396009922,0.0048,3.0919485092163086,2,,,,,,,,
0.07667731493711472,0.0071,3.091435194015503,3,,,,,,,,
0.055793993175029755,0.0095,3.0972330570220947,4,,,,,,,,
0.08189655095338821,0.0119,3.1181247234344482,5,,,,,,,,
0.020270269364118576,0.0143,1.4474984407424927,6,,,,,,,,
0.0,0.0167,0.6132209300994873,7,,,,,,,,
0.0,0.019,0.4242790639400482,8,,,,,,,,
0.0,0.0214,0.473353773355484,9,,,,,,,,
0.0,0.0238,0.6196244955062866,10,,,,,,,,
0.0,0.0262,0.45719897747039795,11,,,,,,,,
0.0,0.0286,0.4992343485355377,12,,,,,,,,
0.0,0.031,0.5032692551612854,13,,,,,,,,
0.0,0.0333,0.4335256516933441,14,,,,,,,,
0.0,0.0357,0.46492108702659607,15,,,,,,,,
0.0,0.0381,0.39167335629463196,16,,,,,,,,
0.0,0.0405,0.3734298050403595,17,,,,,,,,
0.0,0.0429,0.3853054344654083,18,,,,,,,,
0.0,0.0452,0.27815958857536316,19,,,,,,,,
0.0,0.0476,0.40147721767425537,20,,,,,,,,
0.0,0.05,0.3830220699310303,21,,,,,,,,
0.0,0.0524,0.35393089056015015,22,,,,,,,,
0.0,0.0548,0.3414984941482544,23,,,,,,,,
0.0,0.0571,0.27769458293914795,24,,,,,,,,
0.0,0.0595,0.2961733937263489,25,,,,,,,,
0.0,0.0619,0.3091633915901184,26,,,,,,,,
0.004347825888544321,0.0643,0.2764706313610077,27,,,,,,,,
0.0045045046135783195,0.0667,0.24860763549804688,28,,,,,,,,
0.0276497695595026,0.069,0.21365463733673096,29,,,,,,,,
0.023364486172795296,0.0714,0.21758933365345,30,,,,,,,,
0.02358490601181984,0.0738,0.23218922317028046,31,,,,,,,,
0.02857142873108387,0.0762,0.20523123443126678,32,,,,,,,,
0.08016877621412277,0.0786,0.22402450442314148,33,,,,,,,,
0.13596491515636444,0.081,0.20406362414360046,34,,,,,,,,
0.17283950746059418,0.0833,0.19734539091587067,35,,,,,,,,
0.2521008551120758,0.0857,0.20104867219924927,36,,,,,,,,
0.2613065242767334,0.0881,0.15287843346595764,37,,,,,,,,
0.3027888536453247,0.0905,0.19780057668685913,38,,,,,,,,
0.3288288414478302,0.0929,0.17724978923797607,39,,,,,,,,
0.375,0.0952,0.16154193878173828,40,,,,,,,,
0.552742600440979,0.0976,0.14089176058769226,41,,,,,,,,
0.3758865296840668,0.1,0.19693094491958618,42,,,,,,,,
,0.1,,42,,,,,47.9262268837837,30.93025233321453,0.5911623239517212,0.1809571087360382
0.545064389705658,0.1024,0.15406116843223572,43,,,,,,,,
0.5848214030265808,0.1048,0.1290055811405182,44,,,,,,,,
0.6182432174682617,0.1071,0.1768629401922226,45,,,,,,,,
0.6681222915649414,0.1095,0.1193629801273346,46,,,,,,,,
0.5601374506950378,0.1119,0.16513849794864655,47,,,,,,,,
0.6208053827285767,0.1143,0.179932102560997,48,,,,,,,,
0.6577777862548828,0.1167,0.11222603917121887,49,,,,,,,,
0.6858108043670654,0.119,0.13523346185684204,50,,,,,,,,
0.7354260087013245,0.1214,0.0950605496764183,51,,,,,,,,
0.6782007217407227,0.1238,0.14527884125709534,52,,,,,,,,
0.7279999852180481,0.1262,0.10537523031234741,53,,,,,,,,
0.807272732257843,0.1286,0.10802460461854935,54,,,,,,,,
0.7680000066757202,0.131,0.11137443780899048,55,,,,,,,,
0.7409326434135437,0.1333,0.0769077017903328,56,,,,,,,,
0.7049180269241333,0.1357,0.10566865652799606,57,,,,,,,,
0.7481203079223633,0.1381,0.08897629380226135,58,,,,,,,,
0.675000011920929,0.1405,0.12387143075466156,59,,,,,,,,
0.6829268336296082,0.1429,0.0962289497256279,60,,,,,,,,
0.8023256063461304,0.1452,0.10533605515956879,61,,,,,,,,
0.7827715277671814,0.1476,0.09408590942621231,62,,,,,,,,
0.78125,0.15,0.08201860636472702,63,,,,,,,,
0.8405796885490417,0.1524,0.07156629860401154,64,,,,,,,,
0.7729083895683289,0.1548,0.10300064086914062,65,,,,,,,,
0.7513227462768555,0.1571,0.07792962342500687,66,,,,,,,,
0.7299270033836365,0.1595,0.09628064930438995,67,,,,,,,,
0.8325358629226685,0.1619,0.06687656790018082,68,,,,,,,,
0.8014981150627136,0.1643,0.0892532542347908,69,,,,,,,,
0.8584905862808228,0.1667,0.04861610382795334,70,,,,,,,,
0.7869415879249573,0.169,0.08720681071281433,71,,,,,,,,
0.8477365970611572,0.1714,0.06262209266424179,72,,,,,,,,
0.8514492511749268,0.1738,0.07564081251621246,73,,,,,,,,
0.8855932354927063,0.1762,0.05377892032265663,74,,,,,,,,
0.920187771320343,0.1786,0.03812399506568909,75,,,,,,,,
0.9288389682769775,0.181,0.05205328017473221,76,,,,,,,,
0.8760330677032471,0.1833,0.04742993041872978,77,,,,,,,,
0.8348624110221863,0.1857,0.058794379234313965,78,,,,,,,,
0.8693877458572388,0.1881,0.05102580040693283,79,,,,,,,,
0.8023256063461304,0.1905,0.07490641623735428,80,,,,,,,,
0.8416289687156677,0.1929,0.05468299239873886,81,,,,,,,,
0.8226600885391235,0.1952,0.05201030895113945,82,,,,,,,,
0.9075630307197571,0.1976,0.042187709361314774,83,,,,,,,,
0.8427947759628296,0.2,0.05096865072846413,84,,,,,,,,
,0.2,,84,,,,,87.0674967713266,75.59441985983713,0.8968206644058228,0.059187889099121094
0.9275362491607666,0.2024,0.047944143414497375,85,,,,,,,,
0.9484536051750183,0.2048,0.03492806851863861,86,,,,,,,,
0.8597285151481628,0.2071,0.04746050760149956,87,,,,,,,,
0.8403756022453308,0.2095,0.04713352024555206,88,,,,,,,,
0.8465346693992615,0.2119,0.04735744372010231,89,,,,,,,,
0.8687258958816528,0.2143,0.04555368423461914,90,,,,,,,,
0.847161591053009,0.2167,0.05875589698553085,91,,,,,,,,
0.8821428418159485,0.219,0.05395971238613129,92,,,,,,,,
0.910179615020752,0.2214,0.06954047083854675,93,,,,,,,,
0.890070915222168,0.2238,0.056488703936338425,94,,,,,,,,
0.8530611991882324,0.2262,0.04838573560118675,95,,,,,,,,
0.9392712712287903,0.2286,0.047781359404325485,96,,,,,,,,
0.9017857313156128,0.231,0.04242715984582901,97,,,,,,,,
0.8464285731315613,0.2333,0.06675378978252411,98,,,,,,,,
0.9061224460601807,0.2357,0.04931781440973282,99,,,,,,,,
0.8698884844779968,0.2381,0.046220749616622925,100,,,,,,,,
0.8610038757324219,0.2405,0.058643925935029984,101,,,,,,,,
0.9124578833580017,0.2429,0.040561970323324203,102,,,,,,,,
0.9367088675498962,0.2452,0.03301229327917099,103,,,,,,,,
0.938697338104248,0.2476,0.03452492505311966,104,,,,,,,,
0.8682170510292053,0.25,0.04762765392661095,105,,,,,,,,
0.8669354915618896,0.2524,0.04249197617173195,106,,,,,,,,
0.8932806253433228,0.2548,0.04681854322552681,107,,,,,,,,
0.8257575631141663,0.2571,0.06916192173957825,108,,,,,,,,
0.9425287246704102,0.2595,0.039794307202100754,109,,,,,,,,
0.847161591053009,0.2619,0.04500653222203255,110,,,,,,,,
0.9227941036224365,0.2643,0.04026986286044121,111,,,,,,,,
0.9124423861503601,0.2667,0.04341816529631615,112,,,,,,,,
0.9017093777656555,0.269,0.03248465433716774,113,,,,,,,,
0.9025423526763916,0.2714,0.0445394404232502,114,,,,,,,,
0.8262548446655273,0.2738,0.0626964420080185,115,,,,,,,,
0.8474576473236084,0.2762,0.050416503101587296,116,,,,,,,,
0.9320388436317444,0.2786,0.027957210317254066,117,,,,,,,,
0.8565737009048462,0.281,0.05184878408908844,118,,,,,,,,
0.8481012582778931,0.2833,0.05884666368365288,119,,,,,,,,
0.8934426307678223,0.2857,0.04325300082564354,120,,,,,,,,
0.8466898798942566,0.2881,0.059822674840688705,121,,,,,,,,
0.8795180916786194,0.2905,0.04993486404418945,122,,,,,,,,
0.8923766613006592,0.2929,0.03772694244980812,123,,,,,,,,
0.9072580933570862,0.2952,0.040764257311820984,124,,,,,,,,
0.9014084339141846,0.2976,0.04772482067346573,125,,,,,,,,
0.9070796370506287,0.3,0.04961807280778885,126,,,,,,,,
,0.3,,126,,,,,91.2724825166844,82.7519735264165,0.9202180504798889,0.04737229272723198
0.8706467747688293,0.3024,0.031424280256032944,127,,,,,,,,
0.8909952640533447,0.3048,0.029804252088069916,128,,,,,,,,
0.9116466045379639,0.3071,0.03174600750207901,129,,,,,,,,
0.7868852615356445,0.3095,0.06266239285469055,130,,,,,,,,
0.8283582329750061,0.3119,0.0654519572854042,131,,,,,,,,
0.9086538553237915,0.3143,0.03739651292562485,132,,,,,,,,
0.9007633328437805,0.3167,0.04001593962311745,133,,,,,,,,
0.9166666865348816,0.319,0.045098576694726944,134,,,,,,,,
0.8949771523475647,0.3214,0.03258094936609268,135,,,,,,,,
0.8734177350997925,0.3238,0.03793422132730484,136,,,,,,,,
0.9605262875556946,0.3262,0.047568440437316895,137,,,,,,,,
0.8629032373428345,0.3286,0.04927772656083107,138,,,,,,,,
0.8730964660644531,0.331,0.036629077047109604,139,,,,,,,,
0.8960573673248291,0.3333,0.05472064018249512,140,,,,,,,,
0.8659003973007202,0.3357,0.04457364231348038,141,,,,,,,,
0.8057851195335388,0.3381,0.07312901318073273,142,,,,,,,,
0.8799999952316284,0.3405,0.043463777750730515,143,,,,,,,,
0.9103139042854309,0.3429,0.03651287406682968,144,,,,,,,,
0.8645418286323547,0.3452,0.0482461079955101,145,,,,,,,,
0.9319148659706116,0.3476,0.035799380391836166,146,,,,,,,,
0.9033613204956055,0.35,0.05834296718239784,147,,,,,,,,
0.8863636255264282,0.3524,0.04206819832324982,148,,,,,,,,
0.8498023748397827,0.3548,0.05326365306973457,149,,,,,,,,
0.8720930218696594,0.3571,0.03505060076713562,150,,,,,,,,
0.8839285969734192,0.3595,0.026351017877459526,151,,,,,,,,
0.9084249138832092,0.3619,0.03252540901303291,152,,,,,,,,
0.8733031749725342,0.3643,0.040631987154483795,153,,,,,,,,
0.8953068852424622,0.3667,0.04900055378675461,154,,,,,,,,
0.8940092325210571,0.369,0.03768257796764374,155,,,,,,,,
0.935251772403717,0.3714,0.031794797629117966,156,,,,,,,,
0.8657243847846985,0.3738,0.05058099702000618,157,,,,,,,,
0.9181034564971924,0.3762,0.038208357989788055,158,,,,,,,,
0.9455252885818481,0.3786,0.022882452234625816,159,,,,,,,,
0.8865979313850403,0.381,0.054614290595054626,160,,,,,,,,
0.9066666960716248,0.3833,0.0409136563539505,161,,,,,,,,
0.8512396812438965,0.3857,0.05229639634490013,162,,,,,,,,
0.8464912176132202,0.3881,0.04954512044787407,163,,,,,,,,
0.936274528503418,0.3905,0.027384359389543533,164,,,,,,,,
0.9086757898330688,0.3929,0.028012432157993317,165,,,,,,,,
0.9156626462936401,0.3952,0.036722611635923386,166,,,,,,,,
0.9075630307197571,0.3976,0.03687276691198349,167,,,,,,,,
0.9124087691307068,0.4,0.03652302175760269,168,,,,,,,,
,0.4,,168,,,,,89.66768496649534,77.77436616957984,0.8956069946289062,0.07052037864923477
0.8955823183059692,0.4024,0.07885744422674179,169,,,,,,,,
0.9049429893493652,0.4048,0.054315242916345596,170,,,,,,,,
0.8079710006713867,0.4071,0.10068099200725555,171,,,,,,,,
0.834080696105957,0.4095,0.08756569772958755,172,,,,,,,,
0.9169811606407166,0.4119,0.06051307171583176,173,,,,,,,,
0.9064748287200928,0.4143,0.05203305184841156,174,,,,,,,,
0.9071729779243469,0.4167,0.03959805890917778,175,,,,,,,,
0.8719007968902588,0.419,0.032460857182741165,176,,,,,,,,
0.9190283417701721,0.4214,0.0300301406532526,177,,,,,,,,
0.8429751992225647,0.4238,0.051704153418540955,178,,,,,,,,
0.8252788186073303,0.4262,0.04879888892173767,179,,,,,,,,
0.9379844665527344,0.4286,0.03954913467168808,180,,,,,,,,
0.9125475287437439,0.431,0.04885014146566391,181,,,,,,,,
0.9483568072319031,0.4333,0.03133291378617287,182,,,,,,,,
0.9300411343574524,0.4357,0.03839906305074692,183,,,,,,,,
0.9054545164108276,0.4381,0.04408510774374008,184,,,,,,,,
0.863070547580719,0.4405,0.037778083235025406,185,,,,,,,,
0.9391635060310364,0.4429,0.03352662920951843,186,,,,,,,,
0.925000011920929,0.4452,0.03374876081943512,187,,,,,,,,
0.90625,0.4476,0.0414346419274807,188,,,,,,,,
0.8816794157028198,0.45,0.043517500162124634,189,,,,,,,,
0.8733031749725342,0.4524,0.049584101885557175,190,,,,,,,,
0.887499988079071,0.4548,0.037870392203330994,191,,,,,,,,
0.9367588758468628,0.4571,0.02842448279261589,192,,,,,,,,
0.9028571248054504,0.4595,0.028914760798215866,193,,,,,,,,
0.9079498052597046,0.4619,0.028038349002599716,194,,,,,,,,
0.8888888955116272,0.4643,0.028817739337682724,195,,,,,,,,
0.8333333134651184,0.4667,0.04898449406027794,196,,,,,,,,
0.8873873949050903,0.469,0.035067085176706314,197,,,,,,,,
0.8814229369163513,0.4714,0.04303441569209099,198,,,,,,,,
0.924369752407074,0.4738,0.023867463693022728,199,,,,,,,,
0.9166666865348816,0.4762,0.04794730246067047,200,,,,,,,,
0.888059675693512,0.4786,0.04394315555691719,201,,,,,,,,
0.951127827167511,0.481,0.033677443861961365,202,,,,,,,,
0.890350878238678,0.4833,0.047734152525663376,203,,,,,,,,
0.9380530714988708,0.4857,0.03353497013449669,204,,,,,,,,
0.9190031290054321,0.4881,0.055541858077049255,205,,,,,,,,
0.8993710875511169,0.4905,0.04687768965959549,206,,,,,,,,
0.9166666865348816,0.4929,0.04838212579488754,207,,,,,,,,
0.9523809552192688,0.4952,0.01919383369386196,208,,,,,,,,
0.8304347991943359,0.4976,0.03813920170068741,209,,,,,,,,
0.8952702879905701,0.5,0.03443608433008194,210,,,,,,,,
,0.5,,210,,,,,91.85000758315505,83.75311424206224,0.9002029299736023,0.04549498111009598
0.8863636255264282,0.5024,0.03865313157439232,211,,,,,,,,
0.904411792755127,0.5048,0.03981313854455948,212,,,,,,,,
0.9115044474601746,0.5071,0.024989450350403786,213,,,,,,,,
0.8832684755325317,0.5095,0.03957405686378479,214,,,,,,,,
0.9280303120613098,0.5119,0.04643494263291359,215,,,,,,,,
0.9177489280700684,0.5143,0.03163217753171921,216,,,,,,,,
0.8936170339584351,0.5167,0.04299335181713104,217,,,,,,,,
0.9467213153839111,0.519,0.036935944110155106,218,,,,,,,,
0.9137254953384399,0.5214,0.04238290339708328,219,,,,,,,,
0.8790322542190552,0.5238,0.0391554981470108,220,,,,,,,,
0.9414414167404175,0.5262,0.02084319293498993,221,,,,,,,,
0.900473952293396,0.5286,0.025072241201996803,222,,,,,,,,
0.914893627166748,0.531,0.026366932317614555,223,,,,,,,,
0.9094650149345398,0.5333,0.04310226812958717,224,,,,,,,,
0.9055793881416321,0.5357,0.037571828812360764,225,,,,,,,,
0.9308755993843079,0.5381,0.021813755854964256,226,,,,,,,,
0.8870967626571655,0.5405,0.04766441881656647,227,,,,,,,,
0.88345867395401,0.5429,0.037074871361255646,228,,,,,,,,
0.9115646481513977,0.5452,0.03779831901192665,229,,,,,,,,
0.9423868060112,0.5476,0.03751611337065697,230,,,,,,,,
0.8958333134651184,0.55,0.026129374280571938,231,,,,,,,,
0.8617363572120667,0.5524,0.06149420142173767,232,,,,,,,,
0.8951311111450195,0.5548,0.03436827287077904,233,,,,,,,,
0.8989899158477783,0.5571,0.044979095458984375,234,,,,,,,,
0.9194139242172241,0.5595,0.037133246660232544,235,,,,,,,,
0.891566276550293,0.5619,0.04116995632648468,236,,,,,,,,
0.9723502397537231,0.5643,0.025606246665120125,237,,,,,,,,
0.847517728805542,0.5667,0.06473317742347717,238,,,,,,,,
0.949999988079071,0.569,0.03381095081567764,239,,,,,,,,
0.90234375,0.5714,0.04334727302193642,240,,,,,,,,
0.903553307056427,0.5738,0.026926295831799507,241,,,,,,,,
0.9434782862663269,0.5762,0.0217931866645813,242,,,,,,,,
0.8634538054466248,0.5786,0.03344349563121796,243,,,,,,,,
0.8938775658607483,0.581,0.029620938003063202,244,,,,,,,,
0.9032257795333862,0.5833,0.03307430446147919,245,,,,,,,,
0.9179810881614685,0.5857,0.035010017454624176,246,,,,,,,,
0.9437229633331299,0.5881,0.029741868376731873,247,,,,,,,,
0.8713235259056091,0.5905,0.042212482541799545,248,,,,,,,,
0.9102563858032227,0.5929,0.038695819675922394,249,,,,,,,,
0.9344262480735779,0.5952,0.029139040037989616,250,,,,,,,,
0.9234042763710022,0.5976,0.03357492387294769,251,,,,,,,,
0.943965494632721,0.6,0.026436032727360725,252,,,,,,,,
,0.6,,252,,,,,92.5483108114629,85.42436216179769,0.9348414540290833,0.04129910469055176
0.9380165338516235,0.6024,0.03014608472585678,253,,,,,,,,
0.9621848464012146,0.6048,0.022908903658390045,254,,,,,,,,
0.9191489219665527,0.6071,0.037368375808000565,255,,,,,,,,
0.8373016119003296,0.6095,0.06639358401298523,256,,,,,,,,
0.9237288236618042,0.6119,0.022784898057579994,257,,,,,,,,
0.9247311949729919,0.6143,0.028016112744808197,258,,,,,,,,
0.9536423683166504,0.6167,0.02433053031563759,259,,,,,,,,
0.9135338068008423,0.619,0.036527860909700394,260,,,,,,,,
0.9255813956260681,0.6214,0.025085246190428734,261,,,,,,,,
0.8812260627746582,0.6238,0.038111019879579544,262,,,,,,,,
0.919847309589386,0.6262,0.03451298177242279,263,,,,,,,,
0.8977272510528564,0.6286,0.024652475491166115,264,,,,,,,,
0.9277108311653137,0.631,0.029559655115008354,265,,,,,,,,
0.908713698387146,0.6333,0.03692879155278206,266,,,,,,,,
0.947826087474823,0.6357,0.027067024260759354,267,,,,,,,,
0.9170507192611694,0.6381,0.03360533341765404,268,,,,,,,,
0.935742974281311,0.6405,0.02776746265590191,269,,,,,,,,
0.8931623697280884,0.6429,0.04908150061964989,270,,,,,,,,
0.9391635060310364,0.6452,0.03562083840370178,271,,,,,,,,
0.8924731016159058,0.6476,0.04645056650042534,272,,,,,,,,
0.8840000033378601,0.65,0.03316674008965492,273,,,,,,,,
0.9428571462631226,0.6524,0.02082422934472561,274,,,,,,,,
0.9353448152542114,0.6548,0.020427590236067772,275,,,,,,,,
0.92277991771698,0.6571,0.0326865054666996,276,,,,,,,,
0.8955696225166321,0.6595,0.05230157449841499,277,,,,,,,,
0.8706896305084229,0.6619,0.034830138087272644,278,,,,,,,,
0.8970099687576294,0.6643,0.04528613016009331,279,,,,,,,,
0.8767123222351074,0.6667,0.03794299438595772,280,,,,,,,,
0.890350878238678,0.669,0.03694859892129898,281,,,,,,,,
0.909547746181488,0.6714,0.028191812336444855,282,,,,,,,,
0.9151515364646912,0.6738,0.022300617769360542,283,,,,,,,,
0.8610038757324219,0.6762,0.04656170308589935,284,,,,,,,,
0.9037656784057617,0.6786,0.03748689591884613,285,,,,,,,,
0.9304347634315491,0.681,0.025854406878352165,286,,,,,,,,
0.8920863270759583,0.6833,0.04863525927066803,287,,,,,,,,
0.8855932354927063,0.6857,0.04250667989253998,288,,,,,,,,
0.9275362491607666,0.6881,0.041924163699150085,289,,,,,,,,
0.8464285731315613,0.6905,0.05154881998896599,290,,,,,,,,
0.9222972989082336,0.6929,0.03195907548069954,291,,,,,,,,
0.8865545988082886,0.6952,0.03755670785903931,292,,,,,,,,
0.9101123809814453,0.6976,0.031626664102077484,293,,,,,,,,
0.9144981503486633,0.7,0.04099619761109352,294,,,,,,,,
,0.7,,294,,,,,92.05569542623331,85.35359739023775,0.9251124262809753,0.04046236351132393
0.8992537260055542,0.7024,0.03470490500330925,295,,,,,,,,
0.9041095972061157,0.7048,0.0379020981490612,296,,,,,,,,
0.8912134170532227,0.7071,0.033938929438591,297,,,,,,,,
0.9213114976882935,0.7095,0.040845662355422974,298,,,,,,,,
0.926086962223053,0.7119,0.022235523909330368,299,,,,,,,,
0.9324324131011963,0.7143,0.027525145560503006,300,,,,,,,,
0.9125000238418579,0.7167,0.029232194647192955,301,,,,,,,,
0.9324324131011963,0.719,0.032912276685237885,302,,,,,,,,
0.8683127760887146,0.7214,0.07751086354255676,303,,,,,,,,
0.9067357778549194,0.7238,0.02060053125023842,304,,,,,,,,
0.9246861934661865,0.7262,0.026946401223540306,305,,,,,,,,
0.8305084705352783,0.7286,0.04672437533736229,306,,,,,,,,
0.9075144529342651,0.731,0.031336888670921326,307,,,,,,,,
0.9180887341499329,0.7333,0.03636534884572029,308,,,,,,,,
0.9233716726303101,0.7357,0.036880090832710266,309,,,,,,,,
0.9473684430122375,0.7381,0.020381677895784378,310,,,,,,,,
0.9221789836883545,0.7405,0.03478628769516945,311,,,,,,,,
0.9339622855186462,0.7429,0.022866828367114067,312,,,,,,,,
0.9431279897689819,0.7452,0.02326440066099167,313,,,,,,,,
0.9009009003639221,0.7476,0.03921862691640854,314,,,,,,,,
0.8644688725471497,0.75,0.0576590932905674,315,,,,,,,,
0.89453125,0.7524,0.031370338052511215,316,,,,,,,,
0.914383590221405,0.7548,0.03824293240904808,317,,,,,,,,
0.9206896424293518,0.7571,0.03983649984002113,318,,,,,,,,
0.9364407062530518,0.7595,0.037114836275577545,319,,,,,,,,
0.914383590221405,0.7619,0.03056417778134346,320,,,,,,,,
0.9047619104385376,0.7643,0.04580647870898247,321,,,,,,,,
0.8983050584793091,0.7667,0.047305911779403687,322,,,,,,,,
0.9137254953384399,0.769,0.034800440073013306,323,,,,,,,,
0.951127827167511,0.7714,0.018586955964565277,324,,,,,,,,
0.907489001750946,0.7738,0.0293868537992239,325,,,,,,,,
0.8884462118148804,0.7762,0.03704885393381119,326,,,,,,,,
0.8325581550598145,0.7786,0.044068001210689545,327,,,,,,,,
0.9603960514068604,0.781,0.02981586754322052,328,,,,,,,,
0.890577495098114,0.7833,0.053056832402944565,329,,,,,,,,
0.9112628102302551,0.7857,0.0378265455365181,330,,,,,,,,
0.9336099624633789,0.7881,0.02783185802400112,331,,,,,,,,
0.8781725764274597,0.7905,0.03808102756738663,332,,,,,,,,
0.9221311211585999,0.7929,0.06013340502977371,333,,,,,,,,
0.9190475940704346,0.7952,0.03601672127842903,334,,,,,,,,
0.8834080696105957,0.7976,0.041320983320474625,335,,,,,,,,
0.8734694123268127,0.8,0.04230942577123642,336,,,,,,,,
,0.8,,336,,,,,92.06133359790199,84.27484950710455,0.9156420230865479,0.03864578530192375
0.934959352016449,0.8024,0.024608807638287544,337,,,,,,,,
0.9045801758766174,0.8048,0.03255874291062355,338,,,,,,,,
0.9368420839309692,0.8071,0.028102371841669083,339,,,,,,,,
0.8933333158493042,0.8095,0.042435914278030396,340,,,,,,,,
0.8893280625343323,0.8119,0.03770175576210022,341,,,,,,,,
0.9567099809646606,0.8143,0.020999301224946976,342,,,,,,,,
0.957198441028595,0.8167,0.015919409692287445,343,,,,,,,,
0.9095022678375244,0.819,0.031532082706689835,344,,,,,,,,
0.8927444815635681,0.8214,0.048647843301296234,345,,,,,,,,
0.8909774422645569,0.8238,0.04439571499824524,346,,,,,,,,
0.9025423526763916,0.8262,0.03555271029472351,347,,,,,,,,
0.8802816867828369,0.8286,0.07183721661567688,348,,,,,,,,
0.9446367025375366,0.831,0.02634604275226593,349,,,,,,,,
0.9255319237709045,0.8333,0.0355551540851593,350,,,,,,,,
0.9465649127960205,0.8357,0.027968471869826317,351,,,,,,,,
0.9317269325256348,0.8381,0.035710658878088,352,,,,,,,,
0.9483394622802734,0.8405,0.028960663825273514,353,,,,,,,,
0.9213483333587646,0.8429,0.03445960208773613,354,,,,,,,,
0.9381818175315857,0.8452,0.028640123084187508,355,,,,,,,,
0.9063670635223389,0.8476,0.027871478348970413,356,,,,,,,,
0.9243243336677551,0.85,0.042777758091688156,357,,,,,,,,
0.8914728760719299,0.8524,0.04583490267395973,358,,,,,,,,
0.9513274431228638,0.8548,0.022467169910669327,359,,,,,,,,
0.9163498282432556,0.8571,0.026153158396482468,360,,,,,,,,
0.9513888955116272,0.8595,0.024433260783553123,361,,,,,,,,
0.9391635060310364,0.8619,0.017983965575695038,362,,,,,,,,
0.9003689885139465,0.8643,0.041398510336875916,363,,,,,,,,
0.9425287246704102,0.8667,0.0327262207865715,364,,,,,,,,
0.9280575513839722,0.869,0.036203961819410324,365,,,,,,,,
0.8980392217636108,0.8714,0.04872678592801094,366,,,,,,,,
0.9033457040786743,0.8738,0.032243743538856506,367,,,,,,,,
0.9365671873092651,0.8762,0.023426881060004234,368,,,,,,,,
0.9502487778663635,0.8786,0.021966587752103806,369,,,,,,,,
0.9126983880996704,0.881,0.026546241715550423,370,,,,,,,,
0.9277978539466858,0.8833,0.03743844851851463,371,,,,,,,,
0.9365853667259216,0.8857,0.02029925398528576,372,,,,,,,,
0.9495798349380493,0.8881,0.02298094518482685,373,,,,,,,,
0.8896797299385071,0.8905,0.04150387644767761,374,,,,,,,,
0.9498069286346436,0.8929,0.018552159890532494,375,,,,,,,,
0.9333333373069763,0.8952,0.033158078789711,376,,,,,,,,
0.8996139168739319,0.8976,0.03778214007616043,377,,,,,,,,
0.9118773937225342,0.9,0.03674281761050224,378,,,,,,,,
,0.9,,378,,,,,92.94979002317602,86.29287291420763,0.9340853691101074,0.03620113804936409
0.9439252614974976,0.9024,0.021988630294799805,379,,,,,,,,
0.9273743033409119,0.9048,0.018867457285523415,380,,,,,,,,
0.9342105388641357,0.9071,0.026465492323040962,381,,,,,,,,
0.8524590134620667,0.9095,0.0442080982029438,382,,,,,,,,
0.9186440706253052,0.9119,0.03771786764264107,383,,,,,,,,
0.9104477763175964,0.9143,0.02321418561041355,384,,,,,,,,
0.9122137427330017,0.9167,0.03775941953063011,385,,,,,,,,
0.954356849193573,0.919,0.028354346752166748,386,,,,,,,,
0.9428571462631226,0.9214,0.02347932569682598,387,,,,,,,,
0.9276018142700195,0.9238,0.02471691183745861,388,,,,,,,,
0.84555983543396,0.9262,0.05979737639427185,389,,,,,,,,
0.9414225816726685,0.9286,0.032626353204250336,390,,,,,,,,
0.8776978254318237,0.931,0.05599568411707878,391,,,,,,,,
0.8842105269432068,0.9333,0.04784990847110748,392,,,,,,,,
0.9147287011146545,0.9357,0.030528519302606583,393,,,,,,,,
0.9118643999099731,0.9381,0.03296419978141785,394,,,,,,,,
0.91629958152771,0.9405,0.0359012633562088,395,,,,,,,,
0.9607142806053162,0.9429,0.026741884648799896,396,,,,,,,,
0.9419087171554565,0.9452,0.029996363446116447,397,,,,,,,,
0.9411764740943909,0.9476,0.023893358185887337,398,,,,,,,,
0.9033613204956055,0.95,0.03167150542140007,399,,,,,,,,
0.9077669978141785,0.9524,0.03177732974290848,400,,,,,,,,
0.911347508430481,0.9548,0.0360003337264061,401,,,,,,,,
0.895470380783081,0.9571,0.055310703814029694,402,,,,,,,,
0.8739495873451233,0.9595,0.03409849479794502,403,,,,,,,,
0.9058296084403992,0.9619,0.03331376239657402,404,,,,,,,,
0.8982300758361816,0.9643,0.03171413019299507,405,,,,,,,,
0.9300000071525574,0.9667,0.03214645758271217,406,,,,,,,,
0.9475982785224915,0.969,0.01874750666320324,407,,,,,,,,
0.857723593711853,0.9714,0.04309665784239769,408,,,,,,,,
0.9230769276618958,0.9738,0.029459740966558456,409,,,,,,,,
0.8936170339584351,0.9762,0.0330943763256073,410,,,,,,,,
0.8981481194496155,0.9786,0.03169404715299606,411,,,,,,,,
0.9346938729286194,0.981,0.023573817685246468,412,,,,,,,,
0.9233871102333069,0.9833,0.03191796690225601,413,,,,,,,,
0.9649805426597595,0.9857,0.0330311544239521,414,,,,,,,,
0.8916256427764893,0.9881,0.029877878725528717,415,,,,,,,,
0.9369369149208069,0.9905,0.023018572479486465,416,,,,,,,,
0.9117646813392639,0.9929,0.03520340099930763,417,,,,,,,,
0.9803921580314636,0.9952,0.012398261576890945,418,,,,,,,,
0.9079365134239197,0.9976,0.0464833527803421,419,,,,,,,,
0.9084249138832092,1.0,0.035614170134067535,420,,,,,,,,
,1.0,,420,,,,,92.7899365015748,86.0094265855062,0.9232223033905029,0.03519416227936745
0.9382715821266174,1.0024,0.0182412788271904,421,,,,,,,,
0.948616623878479,1.0048,0.01674678921699524,422,,,,,,,,
0.9460580945014954,1.0071,0.028883136808872223,423,,,,,,,,
0.9675090312957764,1.0095,0.014234005473554134,424,,,,,,,,
0.92277991771698,1.0119,0.02691354602575302,425,,,,,,,,
0.9358490705490112,1.0143,0.022029060870409012,426,,,,,,,,
0.9093959927558899,1.0167,0.032121337950229645,427,,,,,,,,
0.9454545378684998,1.019,0.02073650434613228,428,,,,,,,,
0.9283018708229065,1.0214,0.030391210690140724,429,,,,,,,,
0.9689922332763672,1.0238,0.02073514461517334,430,,,,,,,,
0.9207921028137207,1.0262,0.037634022533893585,431,,,,,,,,
0.9312977194786072,1.0286,0.03922128677368164,432,,,,,,,,
0.9636963605880737,1.031,0.01870041899383068,433,,,,,,,,
0.9407114386558533,1.0333,0.023513393476605415,434,,,,,,,,
0.9621848464012146,1.0357,0.012507467530667782,435,,,,,,,,
0.9666666388511658,1.0381,0.019079703837633133,436,,,,,,,,
0.9732142686843872,1.0405,0.01582697033882141,437,,,,,,,,
0.9094339609146118,1.0429,0.028605718165636063,438,,,,,,,,
0.9665551781654358,1.0452,0.019132675603032112,439,,,,,,,,
0.9581395387649536,1.0476,0.018954142928123474,440,,,,,,,,
0.943965494632721,1.05,0.019727149978280067,441,,,,,,,,
0.938697338104248,1.0524,0.02849557437002659,442,,,,,,,,
0.8785942196846008,1.0548,0.04221204295754433,443,,,,,,,,
0.9473684430122375,1.0571,0.025412335991859436,444,,,,,,,,
0.9399293065071106,1.0595,0.02587326057255268,445,,,,,,,,
0.9626556038856506,1.0619,0.014368195086717606,446,,,,,,,,
0.9599999785423279,1.0643,0.011863555759191513,447,,,,,,,,
0.9663865566253662,1.0667,0.013062664307653904,448,,,,,,,,
0.9734848737716675,1.069,0.01706746779382229,449,,,,,,,,
0.9599999785423279,1.0714,0.02131522446870804,450,,,,,,,,
0.9160305261611938,1.0738,0.025451498106122017,451,,,,,,,,
0.9688715934753418,1.0762,0.020270507782697678,452,,,,,,,,
0.9323671460151672,1.0786,0.025629859417676926,453,,,,,,,,
0.95652174949646,1.081,0.016803666949272156,454,,,,,,,,
0.9585062265396118,1.0833,0.02075432986021042,455,,,,,,,,
0.939393937587738,1.0857,0.019608216360211372,456,,,,,,,,
0.9166666865348816,1.0881,0.02978713996708393,457,,,,,,,,
0.9545454382896423,1.0905,0.01689358428120613,458,,,,,,,,
0.8864468932151794,1.0929,0.04016701877117157,459,,,,,,,,
0.9369747638702393,1.0952,0.020084764808416367,460,,,,,,,,
0.9680851101875305,1.0976,0.014185276813805103,461,,,,,,,,
0.9420289993286133,1.1,0.014201769605278969,462,,,,,,,,
,1.1,,462,,,,,93.16351744799357,86.99031791507625,0.9360153079032898,0.03655679523944855
0.9379844665527344,1.1024,0.019217224791646004,463,,,,,,,,
0.9223300814628601,1.1048,0.020166268572211266,464,,,,,,,,
0.9060150384902954,1.1071,0.031345855444669724,465,,,,,,,,
0.9241877198219299,1.1095,0.03055180050432682,466,,,,,,,,
0.9437229633331299,1.1119,0.01718117669224739,467,,,,,,,,
0.9663461446762085,1.1143,0.02394608035683632,468,,,,,,,,
0.9111111164093018,1.1167,0.026972748339176178,469,,,,,,,,
0.9428571462631226,1.119,0.020227551460266113,470,,,,,,,,
0.9508928656578064,1.1214,0.019947649911046028,471,,,,,,,,
0.9495798349380493,1.1238,0.022684982046484947,472,,,,,,,,
0.9488372206687927,1.1262,0.014396168291568756,473,,,,,,,,
0.9901960492134094,1.1286,0.017042089253664017,474,,,,,,,,
0.929961085319519,1.131,0.031068842858076096,475,,,,,,,,
0.9457364082336426,1.1333,0.013622659258544445,476,,,,,,,,
0.8914473652839661,1.1357,0.04576288163661957,477,,,,,,,,
0.9033816456794739,1.1381,0.021573618054389954,478,,,,,,,,
0.9194139242172241,1.1405,0.023776516318321228,479,,,,,,,,
0.9136690497398376,1.1429,0.03300587087869644,480,,,,,,,,
0.9358974099159241,1.1452,0.017730608582496643,481,,,,,,,,
0.9566786885261536,1.1476,0.02382063865661621,482,,,,,,,,
0.9227467775344849,1.15,0.027542559430003166,483,,,,,,,,
0.9288026094436646,1.1524,0.03058561310172081,484,,,,,,,,
0.9561753273010254,1.1548,0.023071959614753723,485,,,,,,,,
0.938697338104248,1.1571,0.02212749794125557,486,,,,,,,,
0.8927536010742188,1.1595,0.04811990633606911,487,,,,,,,,
0.9589743614196777,1.1619,0.021433904767036438,488,,,,,,,,
0.9485981464385986,1.1643,0.015408622100949287,489,,,,,,,,
0.9663865566253662,1.1667,0.017339542508125305,490,,,,,,,,
0.9364407062530518,1.169,0.017823368310928345,491,,,,,,,,
0.915032684803009,1.1714,0.03159531578421593,492,,,,,,,,
0.9090909361839294,1.1738,0.03162313997745514,493,,,,,,,,
0.9551020264625549,1.1762,0.0136684225872159,494,,,,,,,,
0.9453125,1.1786,0.020278386771678925,495,,,,,,,,
0.9112903475761414,1.181,0.032770972698926926,496,,,,,,,,
0.9346733689308167,1.1833,0.02224244549870491,497,,,,,,,,
0.9433962106704712,1.1857,0.018261685967445374,498,,,,,,,,
0.9690265655517578,1.1881,0.012500914745032787,499,,,,,,,,
0.9539170265197754,1.1905,0.02171657234430313,500,,,,,,,,
0.8943396210670471,1.1929,0.034441348165273666,501,,,,,,,,
0.9767441749572754,1.1952,0.02093331329524517,502,,,,,,,,
0.9641434550285339,1.1976,0.016517050564289093,503,,,,,,,,
0.9573459625244141,1.2,0.01418333500623703,504,,,,,,,,
,1.2,,504,,,,,92.98071764957723,86.15707708442599,0.9294695854187012,0.0376911424100399
0.9242424368858337,1.2024,0.027733106166124344,505,,,,,,,,
0.8937007784843445,1.2048,0.02965833619236946,506,,,,,,,,
0.9135802388191223,1.2071,0.02519008331000805,507,,,,,,,,
0.9529914259910583,1.2095,0.020720642060041428,508,,,,,,,,
0.9417040348052979,1.2119,0.023931365460157394,509,,,,,,,,
0.8936170339584351,1.2143,0.03731949254870415,510,,,,,,,,
0.9473684430122375,1.2167,0.020784558728337288,511,,,,,,,,
0.9484536051750183,1.219,0.011938106268644333,512,,,,,,,,
0.9364407062530518,1.2214,0.04346342384815216,513,,,,,,,,
0.9568345546722412,1.2238,0.01410085242241621,514,,,,,,,,
0.9411764740943909,1.2262,0.019429150968790054,515,,,,,,,,
0.9157088398933411,1.2286,0.027672292664647102,516,,,,,,,,
0.9230769276618958,1.231,0.025477493181824684,517,,,,,,,,
0.9329268336296082,1.2333,0.014037974178791046,518,,,,,,,,
0.8884615302085876,1.2357,0.04038664326071739,519,,,,,,,,
0.9387755393981934,1.2381,0.018564078956842422,520,,,,,,,,
0.94017094373703,1.2405,0.028636490926146507,521,,,,,,,,
0.9438596367835999,1.2429,0.022499356418848038,522,,,,,,,,
0.957446813583374,1.2452,0.027885189279913902,523,,,,,,,,
0.9755101799964905,1.2476,0.023697629570961,524,,,,,,,,
0.967391312122345,1.25,0.02592170238494873,525,,,,,,,,
0.9402984976768494,1.2524,0.0178057923913002,526,,,,,,,,
0.940092146396637,1.2548,0.03512617200613022,527,,,,,,,,
0.9303278923034668,1.2571,0.029227180406451225,528,,,,,,,,
0.8982300758361816,1.2595,0.040451616048812866,529,,,,,,,,
0.8853046298027039,1.2619,0.037659674882888794,530,,,,,,,,
0.9049429893493652,1.2643,0.024372059851884842,531,,,,,,,,
0.9154411554336548,1.2667,0.03207918256521225,532,,,,,,,,
0.8988326787948608,1.269,0.03745201975107193,533,,,,,,,,
0.944915235042572,1.2714,0.032672204077243805,534,,,,,,,,
0.9753694534301758,1.2738,0.01841171458363533,535,,,,,,,,
0.9288537502288818,1.2762,0.02686503902077675,536,,,,,,,,
0.9459459185600281,1.2786,0.024769160896539688,537,,,,,,,,
0.9190283417701721,1.281,0.02094992622733116,538,,,,,,,,
0.9523809552192688,1.2833,0.028752965852618217,539,,,,,,,,
0.9432623982429504,1.2857,0.030704805627465248,540,,,,,,,,
0.9369085431098938,1.2881,0.02839617431163788,541,,,,,,,,
0.9186046719551086,1.2905,0.03248213976621628,542,,,,,,,,
0.9694656729698181,1.2929,0.01882200501859188,543,,,,,,,,
0.96875,1.2952,0.01621333509683609,544,,,,,,,,
0.9386792182922363,1.2976,0.022045724093914032,545,,,,,,,,
0.9250936508178711,1.3,0.03208743408322334,546,,,,,,,,
,1.3,,546,,,,,92.3177771174449,85.35398366757883,0.9231029152870178,0.04099731519818306
0.9590163826942444,1.3024,0.017380433157086372,547,,,,,,,,
0.8936170339584351,1.3048,0.03960155323147774,548,,,,,,,,
0.914675772190094,1.3071,0.0428086519241333,549,,,,,,,,
0.8816326260566711,1.3095,0.040282294154167175,550,,,,,,,,
0.9446808695793152,1.3119,0.02334275096654892,551,,,,,,,,
0.9196428656578064,1.3143,0.03675409406423569,552,,,,,,,,
0.9508928656578064,1.3167,0.014794910326600075,553,,,,,,,,
0.9430052042007446,1.319,0.017529869452118874,554,,,,,,,,
0.9205607771873474,1.3214,0.01701892539858818,555,,,,,,,,
0.9655172228813171,1.3238,0.02318630926311016,556,,,,,,,,
0.9160839319229126,1.3262,0.03196782246232033,557,,,,,,,,
0.9458333253860474,1.3286,0.02178221009671688,558,,,,,,,,
0.9506173133850098,1.331,0.03228725120425224,559,,,,,,,,
0.9748743772506714,1.3333,0.009250587783753872,560,,,,,,,,
0.9416342377662659,1.3357,0.03536418825387955,561,,,,,,,,
0.9829787015914917,1.3381,0.009735152125358582,562,,,,,,,,
0.9416666626930237,1.3405,0.020191755145788193,563,,,,,,,,
0.9208333492279053,1.3429,0.03174255043268204,564,,,,,,,,
0.9490445852279663,1.3452,0.03884699195623398,565,,,,,,,,
0.935943067073822,1.3476,0.025561712682247162,566,,,,,,,,
0.8762376308441162,1.35,0.036371342837810516,567,,,,,,,,
0.9346938729286194,1.3524,0.02523605339229107,568,,,,,,,,
0.9686520099639893,1.3548,0.022561581805348396,569,,,,,,,,
0.932539701461792,1.3571,0.0229503083974123,570,,,,,,,,
0.9424778819084167,1.3595,0.024027571082115173,571,,,,,,,,
0.943965494632721,1.3619,0.018354518339037895,572,,,,,,,,
0.970588207244873,1.3643,0.017236612737178802,573,,,,,,,,
0.9243028163909912,1.3667,0.025059843435883522,574,,,,,,,,
0.9563491940498352,1.369,0.027110015973448753,575,,,,,,,,
0.927756667137146,1.3714,0.02991032600402832,576,,,,,,,,
0.9432623982429504,1.3738,0.02365509420633316,577,,,,,,,,
0.9333333373069763,1.3762,0.027454247698187828,578,,,,,,,,
0.9427312612533569,1.3786,0.02581634558737278,579,,,,,,,,
0.9453375935554504,1.381,0.024568937718868256,580,,,,,,,,
0.9347826242446899,1.3833,0.023811232298612595,581,,,,,,,,
0.9563318490982056,1.3857,0.02043781988322735,582,,,,,,,,
0.9659574627876282,1.3881,0.02186266891658306,583,,,,,,,,
0.94921875,1.3905,0.026412587612867355,584,,,,,,,,
0.9436089992523193,1.3929,0.028230788186192513,585,,,,,,,,
0.931654691696167,1.3952,0.030321301892399788,586,,,,,,,,
0.9036144614219666,1.3976,0.03471314534544945,587,,,,,,,,
0.9201680421829224,1.4,0.022048063576221466,588,,,,,,,,
,1.4,,588,,,,,92.70631273087011,86.27280046852066,0.9322748780250549,0.03817153722047806
0.9260700345039368,1.4024,0.03330223262310028,589,,,,,,,,
0.9291338324546814,1.4048,0.027389679104089737,590,,,,,,,,
0.9751243591308594,1.4071,0.015884943306446075,591,,,,,,,,
0.9543147087097168,1.4095,0.013724503107368946,592,,,,,,,,
0.9377162456512451,1.4119,0.023185379803180695,593,,,,,,,,
0.9309090971946716,1.4143,0.026857910677790642,594,,,,,,,,
0.9090909361839294,1.4167,0.028844861313700676,595,,,,,,,,
0.9308943152427673,1.419,0.03059917688369751,596,,,,,,,,
0.9253112077713013,1.4214,0.02441364713013172,597,,,,,,,,
0.9296875,1.4238,0.03090771473944187,598,,,,,,,,
0.8866396546363831,1.4262,0.04219694435596466,599,,,,,,,,
0.9127272963523865,1.4286,0.040383052080869675,600,,,,,,,,
0.961403489112854,1.431,0.020584581419825554,601,,,,,,,,
0.9191489219665527,1.4333,0.027121076360344887,602,,,,,,,,
0.9484127163887024,1.4357,0.027087558060884476,603,,,,,,,,
0.9535865187644958,1.4381,0.01969880238175392,604,,,,,,,,
0.9680365324020386,1.4405,0.015421466901898384,605,,,,,,,,
0.9414414167404175,1.4429,0.02137753739953041,606,,,,,,,,
0.9124578833580017,1.4452,0.0337442085146904,607,,,,,,,,
0.9249146580696106,1.4476,0.035783182829618454,608,,,,,,,,
0.9464285969734192,1.45,0.020257670432329178,609,,,,,,,,
0.9149659872055054,1.4524,0.03342139348387718,610,,,,,,,,
0.9483568072319031,1.4548,0.01628584787249565,611,,,,,,,,
0.9254385828971863,1.4571,0.02377382107079029,612,,,,,,,,
0.9800000190734863,1.4595,0.014863836579024792,613,,,,,,,,
0.9756097793579102,1.4619,0.018016913905739784,614,,,,,,,,
0.9409593939781189,1.4643,0.03192261978983879,615,,,,,,,,
0.8970588445663452,1.4667,0.04135502502322197,616,,,,,,,,
0.957198441028595,1.469,0.019049281254410744,617,,,,,,,,
0.8853210806846619,1.4714,0.03037269413471222,618,,,,,,,,
0.9465020298957825,1.4738,0.018811088055372238,619,,,,,,,,
0.9559471607208252,1.4762,0.017276890575885773,620,,,,,,,,
0.9346153736114502,1.4786,0.030531534925103188,621,,,,,,,,
0.9635761380195618,1.481,0.025878645479679108,622,,,,,,,,
0.9363296031951904,1.4833,0.037427131086587906,623,,,,,,,,
0.9558233022689819,1.4857,0.020287353545427322,624,,,,,,,,
0.9397590160369873,1.4881,0.019772106781601906,625,,,,,,,,
0.9370078444480896,1.4905,0.019117707386612892,626,,,,,,,,
0.9162561297416687,1.4929,0.025106599554419518,627,,,,,,,,
0.9390243887901306,1.4952,0.017680395394563675,628,,,,,,,,
0.9671052694320679,1.4976,0.013396671041846275,629,,,,,,,,
0.9108911156654358,1.5,0.03265071287751198,630,,,,,,,,
,1.5,,630,,,,,93.30074900808266,86.76955881907192,0.935418426990509,0.036507103592157364
0.942148745059967,1.5024,0.02575560286641121,631,,,,,,,,
0.9714285731315613,1.5048,0.01572256162762642,632,,,,,,,,
0.9411764740943909,1.5071,0.015221276320517063,633,,,,,,,,
0.9314516186714172,1.5095,0.034965645521879196,634,,,,,,,,
0.8843283653259277,1.5119,0.036071911454200745,635,,,,,,,,
0.9215686321258545,1.5143,0.025509633123874664,636,,,,,,,,
0.9201680421829224,1.5167,0.03941922262310982,637,,,,,,,,
0.9424083828926086,1.519,0.017544636502861977,638,,,,,,,,
0.9335548281669617,1.5214,0.030541567131876945,639,,,,,,,,
0.9026217460632324,1.5238,0.023494217544794083,640,,,,,,,,
0.969565212726593,1.5262,0.010513636283576488,641,,,,,,,,
0.9653978943824768,1.5286,0.028709329664707184,642,,,,,,,,
0.9391635060310364,1.531,0.022881420329213142,643,,,,,,,,
0.9684684872627258,1.5333,0.011430234648287296,644,,,,,,,,
0.9632353186607361,1.5357,0.013080248609185219,645,,,,,,,,
0.9860627055168152,1.5381,0.017244601622223854,646,,,,,,,,
0.9707112908363342,1.5405,0.02586246468126774,647,,,,,,,,
0.9398148059844971,1.5429,0.01781553588807583,648,,,,,,,,
0.9592592716217041,1.5452,0.014627202413976192,649,,,,,,,,
0.9362319111824036,1.5476,0.033080387860536575,650,,,,,,,,
0.970695972442627,1.55,0.011435355991125107,651,,,,,,,,
0.8970588445663452,1.5524,0.03440319374203682,652,,,,,,,,
0.9547511339187622,1.5548,0.01398506760597229,653,,,,,,,,
0.9317269325256348,1.5571,0.033206455409526825,654,,,,,,,,
0.9721115827560425,1.5595,0.01776316948235035,655,,,,,,,,
0.9246231317520142,1.5619,0.020884448662400246,656,,,,,,,,
0.9063829779624939,1.5643,0.03152387589216232,657,,,,,,,,
0.9460580945014954,1.5667,0.018204905092716217,658,,,,,,,,
0.970588207244873,1.569,0.018999163061380386,659,,,,,,,,
0.9607843160629272,1.5714,0.02453995682299137,660,,,,,,,,
0.9628483057022095,1.5738,0.02659727819263935,661,,,,,,,,
0.89682537317276,1.5762,0.034332193434238434,662,,,,,,,,
0.931174099445343,1.5786,0.031152449548244476,663,,,,,,,,
0.9455252885818481,1.581,0.015898169949650764,664,,,,,,,,
0.9455782175064087,1.5833,0.028447363525629044,665,,,,,,,,
0.9238095283508301,1.5857,0.022675031796097755,666,,,,,,,,
0.9375,1.5881,0.015622222796082497,667,,,,,,,,
0.921875,1.5905,0.02124531753361225,668,,,,,,,,
0.9601449370384216,1.5929,0.01108529418706894,669,,,,,,,,
0.8741007447242737,1.5952,0.05030231550335884,670,,,,,,,,
0.934883713722229,1.5976,0.01260572113096714,671,,,,,,,,
0.9308943152427673,1.6,0.01755744032561779,672,,,,,,,,
,1.6,,672,,,,,93.20917383159994,87.01977556401098,0.9343440532684326,0.03563624620437622
0.9469026327133179,1.6024,0.02629801072180271,673,,,,,,,,
0.8691983222961426,1.6048,0.032008349895477295,674,,,,,,,,
0.9497717022895813,1.6071,0.021035216748714447,675,,,,,,,,
0.9416666626930237,1.6095,0.023247571662068367,676,,,,,,,,
0.9591836929321289,1.6119,0.01574116200208664,677,,,,,,,,
0.9612069129943848,1.6143,0.019983256235718727,678,,,,,,,,
0.9518900513648987,1.6167,0.031218258664011955,679,,,,,,,,
0.9803921580314636,1.619,0.0145114716142416,680,,,,,,,,
0.9236111044883728,1.6214,0.03641347959637642,681,,,,,,,,
0.9504132270812988,1.6238,0.01827917993068695,682,,,,,,,,
0.9319371581077576,1.6262,0.014806543476879597,683,,,,,,,,
0.8916256427764893,1.6286,0.03226066380739212,684,,,,,,,,
0.9459459185600281,1.631,0.02378866635262966,685,,,,,,,,
0.9709091186523438,1.6333,0.015273735858500004,686,,,,,,,,
0.9457013607025146,1.6357,0.018629761412739754,687,,,,,,,,
0.9034749269485474,1.6381,0.02774331346154213,688,,,,,,,,
0.9309210777282715,1.6405,0.02941364049911499,689,,,,,,,,
0.8740741014480591,1.6429,0.04470277950167656,690,,,,,,,,
0.9156118035316467,1.6452,0.040566474199295044,691,,,,,,,,
0.9210526347160339,1.6476,0.02069675922393799,692,,,,,,,,
0.9426229596138,1.65,0.026784658432006836,693,,,,,,,,
0.9480968713760376,1.6524,0.016935473307967186,694,,,,,,,,
0.9424460530281067,1.6548,0.030224351212382317,695,,,,,,,,
0.9483394622802734,1.6571,0.016947394236922264,696,,,,,,,,
0.9351145029067993,1.6595,0.04106360301375389,697,,,,,,,,
0.9484978318214417,1.6619,0.026105530560016632,698,,,,,,,,
0.9311594367027283,1.6643,0.026305193081498146,699,,,,,,,,
0.9208333492279053,1.6667,0.022158004343509674,700,,,,,,,,
0.9189189076423645,1.669,0.026361092925071716,701,,,,,,,,
0.9399999976158142,1.6714,0.022923756390810013,702,,,,,,,,
0.9253112077713013,1.6738,0.030736282467842102,703,,,,,,,,
0.8763250708580017,1.6762,0.04617173224687576,704,,,,,,,,
0.9237667918205261,1.6786,0.02027730643749237,705,,,,,,,,
0.9642857313156128,1.681,0.013225877657532692,706,,,,,,,,
0.9813432693481445,1.6833,0.01482420600950718,707,,,,,,,,
0.9181286692619324,1.6857,0.01625721901655197,708,,,,,,,,
0.9594095945358276,1.6881,0.027007726952433586,709,,,,,,,,
0.9649122953414917,1.6905,0.015488393604755402,710,,,,,,,,
0.9402390718460083,1.6929,0.02096850425004959,711,,,,,,,,
0.9196786880493164,1.6952,0.04040691256523132,712,,,,,,,,
0.9619771838188171,1.6976,0.01732075773179531,713,,,,,,,,
0.9206896424293518,1.7,0.03152770549058914,714,,,,,,,,
,1.7,,714,,,,,93.350333360864,86.98652067502753,0.9371095299720764,0.03550972789525986
0.936274528503418,1.7024,0.017473964020609856,715,,,,,,,,
0.929411768913269,1.7048,0.024156462401151657,716,,,,,,,,
0.9051383137702942,1.7071,0.03962959349155426,717,,,,,,,,
0.9383886456489563,1.7095,0.019639844074845314,718,,,,,,,,
0.9479553699493408,1.7119,0.02306569181382656,719,,,,,,,,
0.9644669890403748,1.7143,0.01159585453569889,720,,,,,,,,
0.9370629191398621,1.7167,0.03300447389483452,721,,,,,,,,
0.8814814686775208,1.719,0.02887543849647045,722,,,,,,,,
0.96484375,1.7214,0.020309394225478172,723,,,,,,,,
0.9502074718475342,1.7238,0.023968977853655815,724,,,,,,,,
0.9554794430732727,1.7262,0.027982793748378754,725,,,,,,,,
0.9581589698791504,1.7286,0.019087186083197594,726,,,,,,,,
0.9493087530136108,1.731,0.020381508395075798,727,,,,,,,,
0.9274193644523621,1.7333,0.03289104998111725,728,,,,,,,,
0.929648220539093,1.7357,0.019948685541749,729,,,,,,,,
0.9400749206542969,1.7381,0.022470805794000626,730,,,,,,,,
0.979522168636322,1.7405,0.025165563449263573,731,,,,,,,,
0.9245283007621765,1.7429,0.022774383425712585,732,,,,,,,,
0.8774510025978088,1.7452,0.031577154994010925,733,,,,,,,,
0.9139785170555115,1.7476,0.02347102202475071,734,,,,,,,,
0.975806474685669,1.75,0.011300059966742992,735,,,,,,,,
0.933920681476593,1.7524,0.028486913070082664,736,,,,,,,,
0.9321267008781433,1.7548,0.021624170243740082,737,,,,,,,,
0.9605262875556946,1.7571,0.015125934965908527,738,,,,,,,,
0.9369369149208069,1.7595,0.021061504259705544,739,,,,,,,,
0.9271523356437683,1.7619,0.05736364424228668,740,,,,,,,,
0.9554139971733093,1.7643,0.018528278917074203,741,,,,,,,,
0.9170124530792236,1.7667,0.03345409035682678,742,,,,,,,,
0.9484536051750183,1.769,0.03165055438876152,743,,,,,,,,
0.9083333611488342,1.7714,0.04033975675702095,744,,,,,,,,
0.9516907930374146,1.7738,0.018082737922668457,745,,,,,,,,
0.9277108311653137,1.7762,0.03708735108375549,746,,,,,,,,
0.9177631735801697,1.7786,0.05201535299420357,747,,,,,,,,
0.9125000238418579,1.781,0.04064163193106651,748,,,,,,,,
0.8829268217086792,1.7833,0.05300305411219597,749,,,,,,,,
0.8549618124961853,1.7857,0.08748415112495422,750,,,,,,,,
0.8527397513389587,1.7881,0.09948895126581192,751,,,,,,,,
0.792682945728302,1.7905,0.11122441291809082,752,,,,,,,,
0.6360424160957336,1.7929,0.2011767029762268,753,,,,,,,,
0.8823529481887817,1.7952,0.0574723444879055,754,,,,,,,,
0.9553264379501343,1.7976,0.03398483991622925,755,,,,,,,,
0.936274528503418,1.8,0.02820444107055664,756,,,,,,,,
,1.8,,756,,,,,92.18317034061798,84.78223134238242,0.9212924242019653,0.03952931985259056
0.9448275566101074,1.8024,0.045184820890426636,757,,,,,,,,
0.8685015439987183,1.8048,0.06075074151158333,758,,,,,,,,
0.8951612710952759,1.8071,0.033529747277498245,759,,,,,,,,
0.8854166865348816,1.8095,0.04569494351744652,760,,,,,,,,
0.8875501751899719,1.8119,0.03423042222857475,761,,,,,,,,
0.8776978254318237,1.8143,0.045245762914419174,762,,,,,,,,
0.89552241563797,1.8167,0.03713829815387726,763,,,,,,,,
0.9520000219345093,1.819,0.023105941712856293,764,,,,,,,,
0.8349514603614807,1.8214,0.051283784210681915,765,,,,,,,,
0.9125874042510986,1.8238,0.044376589357852936,766,,,,,,,,
0.8724138140678406,1.8262,0.052592623978853226,767,,,,,,,,
0.9550173282623291,1.8286,0.026351509615778923,768,,,,,,,,
0.9365079402923584,1.831,0.0264960415661335,769,,,,,,,,
0.9304347634315491,1.8333,0.027418339625000954,770,,,,,,,,
0.9010416865348816,1.8357,0.025703832507133484,771,,,,,,,,
0.9321267008781433,1.8381,0.03254011273384094,772,,,,,,,,
0.915057897567749,1.8405,0.026977308094501495,773,,,,,,,,
0.9420849680900574,1.8429,0.026896493509411812,774,,,,,,,,
0.9119170904159546,1.8452,0.03180596977472305,775,,,,,,,,
0.9506726264953613,1.8476,0.018079102039337158,776,,,,,,,,
0.9569892287254333,1.85,0.024990985170006752,777,,,,,,,,
0.9248120188713074,1.8524,0.0239750724285841,778,,,,,,,,
0.9318181872367859,1.8548,0.027438651770353317,779,,,,,,,,
0.934272289276123,1.8571,0.02159176766872406,780,,,,,,,,
0.9253112077713013,1.8595,0.023804761469364166,781,,,,,,,,
0.9279999732971191,1.8619,0.02308647893369198,782,,,,,,,,
0.8598130941390991,1.8643,0.03587828949093819,783,,,,,,,,
0.9198606014251709,1.8667,0.037362128496170044,784,,,,,,,,
0.9054054021835327,1.869,0.038652531802654266,785,,,,,,,,
0.8649789094924927,1.8714,0.04722899571061134,786,,,,,,,,
0.8744186162948608,1.8738,0.06590524315834045,787,,,,,,,,
0.8733624219894409,1.8762,0.05045605078339577,788,,,,,,,,
0.9192307591438293,1.8786,0.02977544069290161,789,,,,,,,,
0.9906542301177979,1.881,0.021234801039099693,790,,,,,,,,
0.91796875,1.8833,0.022542286664247513,791,,,,,,,,
0.9514563083648682,1.8857,0.022471308708190918,792,,,,,,,,
0.8849999904632568,1.8881,0.02841084450483322,793,,,,,,,,
0.949999988079071,1.8905,0.030392346903681755,794,,,,,,,,
0.9471365809440613,1.8929,0.0276529248803854,795,,,,,,,,
0.8864628672599792,1.8952,0.03293640539050102,796,,,,,,,,
0.9346938729286194,1.8976,0.028221894055604935,797,,,,,,,,
0.9599999785423279,1.9,0.014532694593071938,798,,,,,,,,
,1.9,,798,,,,,92.9444693579781,86.29890641285462,0.9259679317474365,0.036459002643823624
0.9365853667259216,1.9024,0.022262215614318848,799,,,,,,,,
0.8957529067993164,1.9048,0.034081682562828064,800,,,,,,,,
0.9217391014099121,1.9071,0.036091119050979614,801,,,,,,,,
0.9031007885932922,1.9095,0.033584631979465485,802,,,,,,,,
0.9513513445854187,1.9119,0.0263273473829031,803,,,,,,,,
0.9276018142700195,1.9143,0.030191395431756973,804,,,,,,,,
0.9014084339141846,1.9167,0.021393632516264915,805,,,,,,,,
0.9436619877815247,1.919,0.027642156928777695,806,,,,,,,,
0.9550173282623291,1.9214,0.016126319766044617,807,,,,,,,,
0.892307698726654,1.9238,0.025388451293110847,808,,,,,,,,
0.9109311699867249,1.9262,0.023625005036592484,809,,,,,,,,
0.9214285612106323,1.9286,0.03254467248916626,810,,,,,,,,
0.9221311211585999,1.931,0.023228421807289124,811,,,,,,,,
0.922374427318573,1.9333,0.02885555662214756,812,,,,,,,,
0.9429529905319214,1.9357,0.029267488047480583,813,,,,,,,,
0.9461538195610046,1.9381,0.018670538440346718,814,,,,,,,,
0.9319371581077576,1.9405,0.018337979912757874,815,,,,,,,,
0.9312977194786072,1.9429,0.019708100706338882,816,,,,,,,,
0.9389671087265015,1.9452,0.030217504128813744,817,,,,,,,,
0.9411764740943909,1.9476,0.041141852736473083,818,,,,,,,,
0.9212598204612732,1.95,0.03378257155418396,819,,,,,,,,
0.9045225977897644,1.9524,0.026164352893829346,820,,,,,,,,
0.9491525292396545,1.9548,0.025957763195037842,821,,,,,,,,
0.9269406199455261,1.9571,0.021910417824983597,822,,,,,,,,
0.9180327653884888,1.9595,0.029593298211693764,823,,,,,,,,
0.9280575513839722,1.9619,0.02609887532889843,824,,,,,,,,
0.8931623697280884,1.9643,0.02717665396630764,825,,,,,,,,
0.9063829779624939,1.9667,0.019616903737187386,826,,,,,,,,
0.8930232524871826,1.969,0.03657488524913788,827,,,,,,,,
0.9672130942344666,1.9714,0.019146408885717392,828,,,,,,,,
0.9454545378684998,1.9738,0.01654038578271866,829,,,,,,,,
0.8958333134651184,1.9762,0.039272770285606384,830,,,,,,,,
0.9572953581809998,1.9786,0.034657303243875504,831,,,,,,,,
0.9139344096183777,1.981,0.04079980403184891,832,,,,,,,,
0.9610389471054077,1.9833,0.014471116475760937,833,,,,,,,,
0.9149659872055054,1.9857,0.035895392298698425,834,,,,,,,,
0.979238748550415,1.9881,0.01549234613776207,835,,,,,,,,
0.9087452292442322,1.9905,0.021824179217219353,836,,,,,,,,
0.9319148659706116,1.9929,0.013019092381000519,837,,,,,,,,
0.9293286204338074,1.9952,0.02441604621708393,838,,,,,,,,
0.9346153736114502,1.9976,0.022497715428471565,839,,,,,,,,
0.9581748843193054,2.0,0.020548559725284576,840,,,,,,,,
,2.0,,840,,,,,92.49730627515298,86.05557773216267,0.9252715706825256,0.038323212414979935
0.9253112077713013,2.0024,0.017987258732318878,841,,,,,,,,
0.9803149700164795,2.0048,0.015465387143194675,842,,,,,,,,
0.9624999761581421,2.0071,0.014178134500980377,843,,,,,,,,
0.9631147384643555,2.0095,0.01832103356719017,844,,,,,,,,
0.9789029359817505,2.0119,0.012267633341252804,845,,,,,,,,
0.9368420839309692,2.0143,0.018575768917798996,846,,,,,,,,
0.9539473652839661,2.0167,0.02494216151535511,847,,,,,,,,
0.9283581972122192,2.019,0.030684515833854675,848,,,,,,,,
0.9573333263397217,2.0214,0.019768528640270233,849,,,,,,,,
0.95652174949646,2.0238,0.017836082726716995,850,,,,,,,,
0.9540635943412781,2.0262,0.014685021713376045,851,,,,,,,,
0.9292929172515869,2.0286,0.016608750447630882,852,,,,,,,,
0.9450549483299255,2.031,0.019465893507003784,853,,,,,,,,
0.9529914259910583,2.0333,0.01892985962331295,854,,,,,,,,
0.9191489219665527,2.0357,0.02230149693787098,855,,,,,,,,
0.9473684430122375,2.0381,0.01637900248169899,856,,,,,,,,
0.9846153855323792,2.0405,0.01090400479733944,857,,,,,,,,
0.9624999761581421,2.0429,0.022387947887182236,858,,,,,,,,
0.9646464586257935,2.0452,0.010356276296079159,859,,,,,,,,
0.9449838399887085,2.0476,0.020724434405565262,860,,,,,,,,
0.9611650705337524,2.05,0.013306532055139542,861,,,,,,,,
0.9756097793579102,2.0524,0.0078066615387797356,862,,,,,,,,
0.9254658222198486,2.0548,0.03306642919778824,863,,,,,,,,
0.9779735803604126,2.0571,0.011644240468740463,864,,,,,,,,
0.946601927280426,2.0595,0.023445088416337967,865,,,,,,,,
0.9491525292396545,2.0619,0.01828784868121147,866,,,,,,,,
0.9613733887672424,2.0643,0.013666028156876564,867,,,,,,,,
0.9155555367469788,2.0667,0.02288142405450344,868,,,,,,,,
0.9543973803520203,2.069,0.021895943209528923,869,,,,,,,,
0.9586777091026306,2.0714,0.012451376765966415,870,,,,,,,,
0.9318181872367859,2.0738,0.022304188460111618,871,,,,,,,,
0.9204152226448059,2.0762,0.02849636971950531,872,,,,,,,,
0.9380530714988708,2.0786,0.01915130391716957,873,,,,,,,,
0.9740259647369385,2.081,0.0166183914989233,874,,,,,,,,
0.9702602028846741,2.0833,0.016906365752220154,875,,,,,,,,
0.9578059315681458,2.0857,0.018521392717957497,876,,,,,,,,
0.9623430967330933,2.0881,0.011123298667371273,877,,,,,,,,
0.9605262875556946,2.0905,0.017345095053315163,878,,,,,,,,
0.9617021083831787,2.0929,0.02091578021645546,879,,,,,,,,
0.9724770784378052,2.0952,0.02067711390554905,880,,,,,,,,
0.9586777091026306,2.0976,0.01617170311510563,881,,,,,,,,
0.9525547623634338,2.1,0.02508547529578209,882,,,,,,,,
,2.1,,882,,,,,93.30330879015894,86.9992280095799,0.9314989447593689,0.037458859384059906
0.9734848737716675,2.1024,0.0131952790543437,883,,,,,,,,
0.9545454382896423,2.1048,0.015041429549455643,884,,,,,,,,
0.9186992049217224,2.1071,0.020680317655205727,885,,,,,,,,
0.9272727370262146,2.1095,0.023863039910793304,886,,,,,,,,
0.9639999866485596,2.1119,0.011078684590756893,887,,,,,,,,
0.9629629850387573,2.1143,0.015361512079834938,888,,,,,,,,
0.9255813956260681,2.1167,0.02102864906191826,889,,,,,,,,
0.9554656147956848,2.119,0.023029036819934845,890,,,,,,,,
0.9583333134651184,2.1214,0.03272069990634918,891,,,,,,,,
0.948113203048706,2.1238,0.015019310638308525,892,,,,,,,,
0.953125,2.1262,0.019600095227360725,893,,,,,,,,
0.9851301312446594,2.1286,0.015335234813392162,894,,,,,,,,
0.96875,2.131,0.02379404753446579,895,,,,,,,,
0.9547511339187622,2.1333,0.012656204402446747,896,,,,,,,,
0.9620689749717712,2.1357,0.028229668736457825,897,,,,,,,,
0.9463087320327759,2.1381,0.016843874007463455,898,,,,,,,,
0.9137930870056152,2.1405,0.022094804793596268,899,,,,,,,,
0.9180327653884888,2.1429,0.028169799596071243,900,,,,,,,,
0.9420849680900574,2.1452,0.01652269810438156,901,,,,,,,,
0.93359375,2.1476,0.02669481746852398,902,,,,,,,,
0.9224137663841248,2.15,0.021693825721740723,903,,,,,,,,
0.960132896900177,2.1524,0.019329089671373367,904,,,,,,,,
0.9090909361839294,2.1548,0.02001071721315384,905,,,,,,,,
0.9745454788208008,2.1571,0.011456425301730633,906,,,,,,,,
0.976190447807312,2.1595,0.01110769622027874,907,,,,,,,,
0.9328621625900269,2.1619,0.026100603863596916,908,,,,,,,,
0.9194915294647217,2.1643,0.019558129832148552,909,,,,,,,,
0.9605734944343567,2.1667,0.016911819577217102,910,,,,,,,,
0.9061224460601807,2.169,0.03740978240966797,911,,,,,,,,
0.9789915680885315,2.1714,0.009642955847084522,912,,,,,,,,
0.9664179086685181,2.1738,0.02525714412331581,913,,,,,,,,
0.9309090971946716,2.1762,0.023378008976578712,914,,,,,,,,
0.9422222375869751,2.1786,0.017978545278310776,915,,,,,,,,
0.9710744023323059,2.181,0.019248077645897865,916,,,,,,,,
0.9631147384643555,2.1833,0.018184565007686615,917,,,,,,,,
0.9414634108543396,2.1857,0.016639335080981255,918,,,,,,,,
0.9205607771873474,2.1881,0.019759973511099815,919,,,,,,,,
0.942307710647583,2.1905,0.011970284394919872,920,,,,,,,,
0.918552041053772,2.1929,0.021729622036218643,921,,,,,,,,
0.9433962106704712,2.1952,0.01459331251680851,922,,,,,,,,
0.9567567706108093,2.1976,0.011151928454637527,923,,,,,,,,
0.9014778137207031,2.2,0.019819989800453186,924,,,,,,,,
,2.2,,924,,,,,93.23828078184012,87.12078516779758,0.9352194666862488,0.03729642182588577
0.9570815563201904,2.2024,0.015477633103728294,925,,,,,,,,
0.9587156176567078,2.2048,0.01488992664963007,926,,,,,,,,
0.9917012453079224,2.2071,0.010647210292518139,927,,,,,,,,
0.9386792182922363,2.2095,0.02488633804023266,928,,,,,,,,
0.9672130942344666,2.2119,0.01961537078022957,929,,,,,,,,
0.9591836929321289,2.2143,0.01950032263994217,930,,,,,,,,
0.9616613388061523,2.2167,0.029620278626680374,931,,,,,,,,
0.9819004535675049,2.219,0.01417311280965805,932,,,,,,,,
0.9465649127960205,2.2214,0.02019050531089306,933,,,,,,,,
0.9545454382896423,2.2238,0.025509510189294815,934,,,,,,,,
0.9295774698257446,2.2262,0.02127697318792343,935,,,,,,,,
0.9700854420661926,2.2286,0.009602421894669533,936,,,,,,,,
0.9460431933403015,2.231,0.016652973368763924,937,,,,,,,,
0.9333333373069763,2.2333,0.029485836625099182,938,,,,,,,,
0.9679999947547913,2.2357,0.008939392864704132,939,,,,,,,,
0.9375,2.2381,0.018611742183566093,940,,,,,,,,
0.9578543901443481,2.2405,0.018279993906617165,941,,,,,,,,
0.9277978539466858,2.2429,0.02646988071501255,942,,,,,,,,
0.9539170265197754,2.2452,0.01710405759513378,943,,,,,,,,
0.9653679728507996,2.2476,0.010143088176846504,944,,,,,,,,
0.9599999785423279,2.25,0.023096762597560883,945,,,,,,,,
0.9618644118309021,2.2524,0.022143209353089333,946,,,,,,,,
0.9505703449249268,2.2548,0.022602640092372894,947,,,,,,,,
0.9682539701461792,2.2571,0.013019140809774399,948,,,,,,,,
0.9437229633331299,2.2595,0.02385791949927807,949,,,,,,,,
0.9508196711540222,2.2619,0.023299073800444603,950,,,,,,,,
0.9638554453849792,2.2643,0.014595545828342438,951,,,,,,,,
0.9694322943687439,2.2667,0.010718252509832382,952,,,,,,,,
0.9130434989929199,2.269,0.029607582837343216,953,,,,,,,,
0.957317054271698,2.2714,0.026922589167952538,954,,,,,,,,
0.9609375,2.2738,0.01635543443262577,955,,,,,,,,
0.9230769276618958,2.2762,0.018024029210209846,956,,,,,,,,
0.9521530866622925,2.2786,0.015210406854748726,957,,,,,,,,
0.9554794430732727,2.281,0.01433882862329483,958,,,,,,,,
0.9074074029922485,2.2833,0.02459656447172165,959,,,,,,,,
0.9833887219429016,2.2857,0.01620671898126602,960,,,,,,,,
0.9636363387107849,2.2881,0.01132416445761919,961,,,,,,,,
0.977142870426178,2.2905,0.007880156859755516,962,,,,,,,,
0.9649805426597595,2.2929,0.01351151429116726,963,,,,,,,,
0.9647058844566345,2.2952,0.02193787880241871,964,,,,,,,,
0.9685039520263672,2.2976,0.014618640765547752,965,,,,,,,,
0.9655172228813171,2.3,0.01570471189916134,966,,,,,,,,
,2.3,,966,,,,,93.2871211988943,86.91378949709589,0.9399546384811401,0.03810937702655792
0.9652174115180969,2.3024,0.014459468424320221,967,,,,,,,,
0.9722222089767456,2.3048,0.019494634121656418,968,,,,,,,,
0.9644444584846497,2.3071,0.0174118559807539,969,,,,,,,,
0.9015747904777527,2.3095,0.03452128544449806,970,,,,,,,,
0.9841269850730896,2.3119,0.009984039701521397,971,,,,,,,,
0.9712918400764465,2.3143,0.016672290861606598,972,,,,,,,,
0.9518518447875977,2.3167,0.014329981058835983,973,,,,,,,,
0.9686098694801331,2.319,0.013005753979086876,974,,,,,,,,
0.9288889169692993,2.3214,0.022356757894158363,975,,,,,,,,
0.9262295365333557,2.3238,0.024003181606531143,976,,,,,,,,
0.9784482717514038,2.3262,0.007151475176215172,977,,,,,,,,
0.9160000085830688,2.3286,0.02044774778187275,978,,,,,,,,
0.991150438785553,2.331,0.0069734565913677216,979,,,,,,,,
0.9588477611541748,2.3333,0.0149735352024436,980,,,,,,,,
0.9330708384513855,2.3357,0.023427393287420273,981,,,,,,,,
0.9404388666152954,2.3381,0.02141447551548481,982,,,,,,,,
0.9340659379959106,2.3405,0.020703990012407303,983,,,,,,,,
0.9585062265396118,2.3429,0.016997933387756348,984,,,,,,,,
0.929648220539093,2.3452,0.0147263677790761,985,,,,,,,,
0.9605262875556946,2.3476,0.020441072061657906,986,,,,,,,,
0.9589905142784119,2.35,0.019448325037956238,987,,,,,,,,
0.9436619877815247,2.3524,0.018699433654546738,988,,,,,,,,
0.9626168012619019,2.3548,0.016736073419451714,989,,,,,,,,
0.9539170265197754,2.3571,0.014179686084389687,990,,,,,,,,
0.949367105960846,2.3595,0.018146418035030365,991,,,,,,,,
0.9707112908363342,2.3619,0.013298511505126953,992,,,,,,,,
0.94017094373703,2.3643,0.020908184349536896,993,,,,,,,,
0.9454545378684998,2.3667,0.017533088102936745,994,,,,,,,,
0.9672897458076477,2.369,0.009228863753378391,995,,,,,,,,
0.9405204653739929,2.3714,0.021263428032398224,996,,,,,,,,
0.969565212726593,2.3738,0.01444176584482193,997,,,,,,,,
0.9776119589805603,2.3762,0.010806065052747726,998,,,,,,,,
0.9684210419654846,2.3786,0.008875228464603424,999,,,,,,,,
0.9623430967330933,2.381,0.010078641586005688,1000,,,,,,,,
0.9466192126274109,2.3833,0.02271992713212967,1001,,,,,,,,
0.9459459185600281,2.3857,0.01824948750436306,1002,,,,,,,,
0.9691630005836487,2.3881,0.011295340023934841,1003,,,,,,,,
0.932330846786499,2.3905,0.02097226120531559,1004,,,,,,,,
0.9757281541824341,2.3929,0.011530413292348385,1005,,,,,,,,
0.9584905505180359,2.3952,0.023619916290044785,1006,,,,,,,,
0.947826087474823,2.3976,0.012719719670712948,1007,,,,,,,,
0.9272727370262146,2.4,0.025823544710874557,1008,,,,,,,,
,2.4,,1008,,,,,92.987575544644,86.17225502620208,0.9302455186843872,0.037508368492126465
0.9529411792755127,2.4024,0.012097191996872425,1009,,,,,,,,
0.979522168636322,2.4048,0.014914283528923988,1010,,,,,,,,
0.9638554453849792,2.4071,0.012999729253351688,1011,,,,,,,,
0.9559999704360962,2.4095,0.01921839267015457,1012,,,,,,,,
0.9707317352294922,2.4119,0.01587367244064808,1013,,,,,,,,
0.9222614765167236,2.4143,0.022106505930423737,1014,,,,,,,,
0.9797979593276978,2.4167,0.006601378321647644,1015,,,,,,,,
0.9460580945014954,2.419,0.021710379049181938,1016,,,,,,,,
0.9612069129943848,2.4214,0.02422983944416046,1017,,,,,,,,
0.9453924894332886,2.4238,0.018521307036280632,1018,,,,,,,,
0.9754098653793335,2.4262,0.01674823835492134,1019,,,,,,,,
0.9227467775344849,2.4286,0.028371522203087807,1020,,,,,,,,
0.9549180269241333,2.431,0.018161656334996223,1021,,,,,,,,
0.9550561904907227,2.4333,0.02546153962612152,1022,,,,,,,,
0.9611307382583618,2.4357,0.01987459510564804,1023,,,,,,,,
0.9652509689331055,2.4381,0.01987193152308464,1024,,,,,,,,
0.9360902309417725,2.4405,0.030855989083647728,1025,,,,,,,,
0.9599999785423279,2.4429,0.016102159395813942,1026,,,,,,,,
0.9791666865348816,2.4452,0.012761127203702927,1027,,,,,,,,
0.9700374603271484,2.4476,0.008536551147699356,1028,,,,,,,,
0.9681817889213562,2.45,0.014145158231258392,1029,,,,,,,,
0.9629629850387573,2.4524,0.01301494799554348,1030,,,,,,,,
0.8973214030265808,2.4548,0.029713939875364304,1031,,,,,,,,
0.9435483813285828,2.4571,0.022483527660369873,1032,,,,,,,,
0.9659574627876282,2.4595,0.012028699740767479,1033,,,,,,,,
0.9716598987579346,2.4619,0.012059786356985569,1034,,,,,,,,
0.9586465954780579,2.4643,0.030915141105651855,1035,,,,,,,,
0.9282511472702026,2.4667,0.026453427970409393,1036,,,,,,,,
0.9128788113594055,2.469,0.030267126858234406,1037,,,,,,,,
0.9196786880493164,2.4714,0.023405414074659348,1038,,,,,,,,
0.9169811606407166,2.4738,0.017416320741176605,1039,,,,,,,,
0.9485981464385986,2.4762,0.013876700773835182,1040,,,,,,,,
0.9406779408454895,2.4786,0.021249430254101753,1041,,,,,,,,
0.9613526463508606,2.481,0.014974884688854218,1042,,,,,,,,
0.9658703207969666,2.4833,0.02486405335366726,1043,,,,,,,,
0.976047933101654,2.4857,0.01661507412791252,1044,,,,,,,,
0.9581151604652405,2.4881,0.010862182825803757,1045,,,,,,,,
0.9494949579238892,2.4905,0.017329229041934013,1046,,,,,,,,
0.9731800556182861,2.4929,0.0165113415569067,1047,,,,,,,,
0.9553903341293335,2.4952,0.027206027880311012,1048,,,,,,,,
0.9516128897666931,2.4976,0.021592840552330017,1049,,,,,,,,
0.9730941653251648,2.5,0.008254430256783962,1050,,,,,,,,
,2.5,,1050,,,,,92.96155146658278,86.37233894843924,0.9288527965545654,0.03623628243803978
0.9750000238418579,2.5024,0.017090588808059692,1051,,,,,,,,
0.9082969427108765,2.5048,0.031159160658717155,1052,,,,,,,,
0.91629958152771,2.5071,0.02232554741203785,1053,,,,,,,,
0.9732142686843872,2.5095,0.01086503267288208,1054,,,,,,,,
0.9594095945358276,2.5119,0.01667635515332222,1055,,,,,,,,
0.9750889539718628,2.5143,0.018309395760297775,1056,,,,,,,,
0.9495798349380493,2.5167,0.015987388789653778,1057,,,,,,,,
0.9702970385551453,2.519,0.020230397582054138,1058,,,,,,,,
0.972000002861023,2.5214,0.011584963649511337,1059,,,,,,,,
0.9620689749717712,2.5238,0.014578742906451225,1060,,,,,,,,
0.951724112033844,2.5262,0.014024670235812664,1061,,,,,,,,
0.9440559148788452,2.5286,0.024908116087317467,1062,,,,,,,,
0.9411764740943909,2.531,0.01758161000907421,1063,,,,,,,,
0.9274193644523621,2.5333,0.0281380508095026,1064,,,,,,,,
0.957446813583374,2.5357,0.01634657196700573,1065,,,,,,,,
0.9147982001304626,2.5381,0.034379635006189346,1066,,,,,,,,
0.9491525292396545,2.5405,0.015358930453658104,1067,,,,,,,,
0.934108555316925,2.5429,0.0328260101377964,1068,,,,,,,,
0.9174917340278625,2.5452,0.022800223901867867,1069,,,,,,,,
0.9395349025726318,2.5476,0.02461293153464794,1070,,,,,,,,
0.9193548560142517,2.55,0.022353395819664,1071,,,,,,,,
0.9642857313156128,2.5524,0.014548509381711483,1072,,,,,,,,
0.9087452292442322,2.5548,0.0386422760784626,1073,,,,,,,,
0.9516728520393372,2.5571,0.01859782636165619,1074,,,,,,,,
0.9298893213272095,2.5595,0.023395786061882973,1075,,,,,,,,
0.925000011920929,2.5619,0.020887605845928192,1076,,,,,,,,
0.9369369149208069,2.5643,0.022051945328712463,1077,,,,,,,,
0.9768518805503845,2.5667,0.010789279825985432,1078,,,,,,,,
0.9722222089767456,2.569,0.011553636752068996,1079,,,,,,,,
0.9105691313743591,2.5714,0.025341158732771873,1080,,,,,,,,
0.9601989984512329,2.5738,0.017755843698978424,1081,,,,,,,,
0.9569377899169922,2.5762,0.015186317265033722,1082,,,,,,,,
0.9523809552192688,2.5786,0.016991443932056427,1083,,,,,,,,
0.9838056564331055,2.581,0.009911835193634033,1084,,,,,,,,
0.9583333134651184,2.5833,0.01498742587864399,1085,,,,,,,,
0.9714285731315613,2.5857,0.01420834194868803,1086,,,,,,,,
0.9650654792785645,2.5881,0.018237141892313957,1087,,,,,,,,
0.9532710313796997,2.5905,0.01244987454265356,1088,,,,,,,,
0.95686274766922,2.5929,0.015175478532910347,1089,,,,,,,,
0.9382239580154419,2.5952,0.01589263044297695,1090,,,,,,,,
0.9406392574310303,2.5976,0.021280890330672264,1091,,,,,,,,
0.9411764740943909,2.6,0.018165355548262596,1092,,,,,,,,
,2.6,,1092,,,,,93.00050410189937,86.95514576769244,0.9297879338264465,0.03716769069433212
0.9382715821266174,2.6024,0.01614355854690075,1093,,,,,,,,
0.9473684430122375,2.6048,0.010059336200356483,1094,,,,,,,,
0.9607142806053162,2.6071,0.015414712019264698,1095,,,,,,,,
0.9642857313156128,2.6095,0.011012810282409191,1096,,,,,,,,
0.9506173133850098,2.6119,0.022270025685429573,1097,,,,,,,,
0.9425287246704102,2.6143,0.014839802868664265,1098,,,,,,,,
0.9852941036224365,2.6167,0.009190790355205536,1099,,,,,,,,
0.9607843160629272,2.619,0.0123196542263031,1100,,,,,,,,
0.8999999761581421,2.6214,0.04085620492696762,1101,,,,,,,,
0.9156118035316467,2.6238,0.02284550480544567,1102,,,,,,,,
0.9780701994895935,2.6262,0.009977458976209164,1103,,,,,,,,
0.9435897469520569,2.6286,0.015476478263735771,1104,,,,,,,,
0.9346153736114502,2.631,0.028327450156211853,1105,,,,,,,,
0.9473684430122375,2.6333,0.012154152616858482,1106,,,,,,,,
0.9471153616905212,2.6357,0.012440319173038006,1107,,,,,,,,
0.9529914259910583,2.6381,0.015098822303116322,1108,,,,,,,,
0.9821428656578064,2.6405,0.014324180781841278,1109,,,,,,,,
0.9525547623634338,2.6429,0.028229987248778343,1110,,,,,,,,
0.9338521361351013,2.6452,0.026747293770313263,1111,,,,,,,,
0.9667896628379822,2.6476,0.014966062270104885,1112,,,,,,,,
0.9172185659408569,2.65,0.0381578765809536,1113,,,,,,,,
0.9473684430122375,2.6524,0.02566121146082878,1114,,,,,,,,
0.9360902309417725,2.6548,0.027277441695332527,1115,,,,,,,,
0.9510869383811951,2.6571,0.012733656913042068,1116,,,,,,,,
0.966183602809906,2.6595,0.0119078503921628,1117,,,,,,,,
0.8963414430618286,2.6619,0.038769885897636414,1118,,,,,,,,
0.9639175534248352,2.6643,0.014238081872463226,1119,,,,,,,,
0.9417040348052979,2.6667,0.018234048038721085,1120,,,,,,,,
0.931271493434906,2.669,0.029477491974830627,1121,,,,,,,,
0.9433962106704712,2.6714,0.01881592534482479,1122,,,,,,,,
0.9291666746139526,2.6738,0.02270423248410225,1123,,,,,,,,
0.9288703203201294,2.6762,0.0220379289239645,1124,,,,,,,,
0.9559999704360962,2.6786,0.010882229544222355,1125,,,,,,,,
0.8983739614486694,2.681,0.022388791665434837,1126,,,,,,,,
0.9437751173973083,2.6833,0.02663375437259674,1127,,,,,,,,
0.9336099624633789,2.6857,0.018773173913359642,1128,,,,,,,,
0.9751243591308594,2.6881,0.008888624608516693,1129,,,,,,,,
0.9802955389022827,2.6905,0.011409266851842403,1130,,,,,,,,
0.954023003578186,2.6929,0.015692057088017464,1131,,,,,,,,
0.9514170289039612,2.6952,0.01149108074605465,1132,,,,,,,,
0.9581589698791504,2.6976,0.023749204352498055,1133,,,,,,,,
0.94140625,2.7,0.03783470392227173,1134,,,,,,,,
,2.7,,1134,,,,,93.02689597473362,86.96745506421264,0.9312999844551086,0.038023822009563446
0.9516128897666931,2.7024,0.027816738933324814,1135,,,,,,,,
0.9438202381134033,2.7048,0.02852311171591282,1136,,,,,,,,
0.9453375935554504,2.7071,0.025627179071307182,1137,,,,,,,,
0.931034505367279,2.7095,0.01879468746483326,1138,,,,,,,,
0.9513274431228638,2.7119,0.01545548066496849,1139,,,,,,,,
0.9635627269744873,2.7143,0.01403838861733675,1140,,,,,,,,
0.921875,2.7167,0.022837664932012558,1141,,,,,,,,
0.9589040875434875,2.719,0.017741810530424118,1142,,,,,,,,
0.9632652997970581,2.7214,0.015060433186590672,1143,,,,,,,,
0.9273743033409119,2.7238,0.018666643649339676,1144,,,,,,,,
0.9460431933403015,2.7262,0.026419352740049362,1145,,,,,,,,
0.9245283007621765,2.7286,0.03295644372701645,1146,,,,,,,,
0.9442379474639893,2.731,0.022751739248633385,1147,,,,,,,,
0.9690265655517578,2.7333,0.012865275144577026,1148,,,,,,,,
0.9752475023269653,2.7357,0.010737569071352482,1149,,,,,,,,
0.9779735803604126,2.7381,0.012186815962195396,1150,,,,,,,,
0.9571865200996399,2.7405,0.023853875696659088,1151,,,,,,,,
0.9661017060279846,2.7429,0.015300428494811058,1152,,,,,,,,
0.9624060392379761,2.7452,0.01803148351609707,1153,,,,,,,,
0.9750000238418579,2.7476,0.010843174532055855,1154,,,,,,,,
0.980861246585846,2.75,0.00998686533421278,1155,,,,,,,,
0.9807692170143127,2.7524,0.013389899395406246,1156,,,,,,,,
0.9787985682487488,2.7548,0.01792840100824833,1157,,,,,,,,
0.931654691696167,2.7571,0.023504624143242836,1158,,,,,,,,
0.9652509689331055,2.7595,0.010000944137573242,1159,,,,,,,,
0.9518518447875977,2.7619,0.016318725422024727,1160,,,,,,,,
0.9477911591529846,2.7643,0.01629694551229477,1161,,,,,,,,
0.9304812550544739,2.7667,0.018919112160801888,1162,,,,,,,,
0.9532374143600464,2.769,0.014631729573011398,1163,,,,,,,,
0.9078013896942139,2.7714,0.021141404286026955,1164,,,,,,,,
0.9364407062530518,2.7738,0.012962531298398972,1165,,,,,,,,
0.9726027250289917,2.7762,0.01747433841228485,1166,,,,,,,,
0.9589040875434875,2.7786,0.014969520270824432,1167,,,,,,,,
0.9559321999549866,2.781,0.029406553134322166,1168,,,,,,,,
0.9672130942344666,2.7833,0.027223899960517883,1169,,,,,,,,
0.9722222089767456,2.7857,0.016979485750198364,1170,,,,,,,,
0.9240506291389465,2.7881,0.037164632230997086,1171,,,,,,,,
0.9746192693710327,2.7905,0.015391862019896507,1172,,,,,,,,
0.934883713722229,2.7929,0.015493244864046574,1173,,,,,,,,
0.9558233022689819,2.7952,0.016015000641345978,1174,,,,,,,,
0.9818840622901917,2.7976,0.012683361768722534,1175,,,,,,,,
0.9800000190734863,2.8,0.010310853831470013,1176,,,,,,,,
,2.8,,1176,,,,,93.02521183990635,86.93301528548169,0.922585666179657,0.041497502475976944
0.91015625,2.8024,0.033330705016851425,1177,,,,,,,,
0.9430605173110962,2.8048,0.026271605864167213,1178,,,,,,,,
0.9584664702415466,2.8071,0.017145084217190742,1179,,,,,,,,
0.9155555367469788,2.8095,0.01944415643811226,1180,,,,,,,,
0.9581748843193054,2.8119,0.01492227055132389,1181,,,,,,,,
0.9770992398262024,2.8143,0.012194705195724964,1182,,,,,,,,
0.9558823704719543,2.8167,0.02118048258125782,1183,,,,,,,,
0.9743589758872986,2.819,0.013423864729702473,1184,,,,,,,,
0.9880478382110596,2.8214,0.010416468605399132,1185,,,,,,,,
0.9402390718460083,2.8238,0.031823281198740005,1186,,,,,,,,
0.9587156176567078,2.8262,0.00946633331477642,1187,,,,,,,,
0.9228070378303528,2.8286,0.01963634602725506,1188,,,,,,,,
0.9201680421829224,2.831,0.02307426743209362,1189,,,,,,,,
0.9558823704719543,2.8333,0.025780467316508293,1190,,,,,,,,
0.9607142806053162,2.8357,0.014909127727150917,1191,,,,,,,,
0.9683794379234314,2.8381,0.01108882948756218,1192,,,,,,,,
0.9090909361839294,2.8405,0.035783540457487106,1193,,,,,,,,
0.9660377502441406,2.8429,0.015497245825827122,1194,,,,,,,,
0.9718875288963318,2.8452,0.012914726510643959,1195,,,,,,,,
0.9728506803512573,2.8476,0.009934420697391033,1196,,,,,,,,
0.9288703203201294,2.85,0.023648595437407494,1197,,,,,,,,
0.9831223487854004,2.8524,0.014083095826208591,1198,,,,,,,,
0.9372385144233704,2.8548,0.02732793241739273,1199,,,,,,,,
0.9425675868988037,2.8571,0.0225687138736248,1200,,,,,,,,
0.9691630005836487,2.8595,0.020729385316371918,1201,,,,,,,,
0.9482071995735168,2.8619,0.017602723091840744,1202,,,,,,,,
0.9777777791023254,2.8643,0.01246809121221304,1203,,,,,,,,
0.9512194991111755,2.8667,0.015745826065540314,1204,,,,,,,,
0.9375,2.869,0.021062780171632767,1205,,,,,,,,
0.932330846786499,2.8714,0.0319940522313118,1206,,,,,,,,
0.9545454382896423,2.8738,0.016662411391735077,1207,,,,,,,,
0.9243028163909912,2.8762,0.028124146163463593,1208,,,,,,,,
0.8876404762268066,2.8786,0.031721461564302444,1209,,,,,,,,
0.9623655676841736,2.881,0.01371685415506363,1210,,,,,,,,
0.9666666388511658,2.8833,0.007536104414612055,1211,,,,,,,,
0.9525862336158752,2.8857,0.0216615479439497,1212,,,,,,,,
0.9189189076423645,2.8881,0.019151994958519936,1213,,,,,,,,
0.9621848464012146,2.8905,0.014789487235248089,1214,,,,,,,,
0.9420849680900574,2.8929,0.027081923559308052,1215,,,,,,,,
0.9776785969734192,2.8952,0.01559260580688715,1216,,,,,,,,
0.9297520518302917,2.8976,0.01559787429869175,1217,,,,,,,,
0.9336099624633789,2.9,0.026312412694096565,1218,,,,,,,,
,2.9,,1218,,,,,93.00309310779198,85.74516501600766,0.9396163821220398,0.036327023059129715
0.9254385828971863,2.9024,0.016026968136429787,1219,,,,,,,,
0.9849246144294739,2.9048,0.007854873314499855,1220,,,,,,,,
0.938095211982727,2.9071,0.016626443713903427,1221,,,,,,,,
0.9678714871406555,2.9095,0.018831707537174225,1222,,,,,,,,
0.9336734414100647,2.9119,0.01663929410278797,1223,,,,,,,,
0.9842105507850647,2.9143,0.008164871484041214,1224,,,,,,,,
0.9402984976768494,2.9167,0.022609487175941467,1225,,,,,,,,
0.9584905505180359,2.919,0.030405841767787933,1226,,,,,,,,
0.9641255736351013,2.9214,0.012152543291449547,1227,,,,,,,,
0.9639639854431152,2.9238,0.010890931822359562,1228,,,,,,,,
0.9280303120613098,2.9262,0.02224785089492798,1229,,,,,,,,
0.9551020264625549,2.9286,0.022621309384703636,1230,,,,,,,,
0.9322709441184998,2.931,0.020379194989800453,1231,,,,,,,,
0.9314516186714172,2.9333,0.022977065294981003,1232,,,,,,,,
0.9223880767822266,2.9357,0.03517761453986168,1233,,,,,,,,
0.9431279897689819,2.9381,0.019963568076491356,1234,,,,,,,,
0.9612675905227661,2.9405,0.019846109673380852,1235,,,,,,,,
0.9363296031951904,2.9429,0.028455451130867004,1236,,,,,,,,
0.971563994884491,2.9452,0.00787654984742403,1237,,,,,,,,
0.9382715821266174,2.9476,0.02277807518839836,1238,,,,,,,,
0.9477611780166626,2.95,0.028875675052404404,1239,,,,,,,,
0.936241626739502,2.9524,0.027507813647389412,1240,,,,,,,,
0.9455252885818481,2.9548,0.023966409265995026,1241,,,,,,,,
0.9629629850387573,2.9571,0.01264690887182951,1242,,,,,,,,
0.9255319237709045,2.9595,0.024474065750837326,1243,,,,,,,,
0.9237288236618042,2.9619,0.023327045142650604,1244,,,,,,,,
0.9501779079437256,2.9643,0.024353792890906334,1245,,,,,,,,
0.9411764740943909,2.9667,0.018778283149003983,1246,,,,,,,,
0.964102566242218,2.969,0.007797733414918184,1247,,,,,,,,
0.9605262875556946,2.9714,0.01340746134519577,1248,,,,,,,,
0.9372549057006836,2.9738,0.01857190765440464,1249,,,,,,,,
0.9535865187644958,2.9762,0.012565979734063148,1250,,,,,,,,
0.9269230961799622,2.9786,0.021278154104948044,1251,,,,,,,,
0.9404255151748657,2.981,0.022080691531300545,1252,,,,,,,,
0.9357143044471741,2.9833,0.027435708791017532,1253,,,,,,,,
0.9655172228813171,2.9857,0.022559938952326775,1254,,,,,,,,
0.9224806427955627,2.9881,0.02295168861746788,1255,,,,,,,,
0.9526066184043884,2.9905,0.019470339640975,1256,,,,,,,,
0.944915235042572,2.9929,0.016634976491332054,1257,,,,,,,,
0.9762712121009827,2.9952,0.028155498206615448,1258,,,,,,,,
0.9615384340286255,2.9976,0.01693461649119854,1259,,,,,,,,
0.9615384340286255,3.0,0.01456692349165678,1260,,,,,,,,
,3.0,,1260,,,,,92.8422901172961,86.3574075971188,0.9260275959968567,0.03697145730257034
,1.7,,714,93.350333360864,86.98652067502753,0.9371095299720764,0.03550972789525986,,,,
